CASEID,PSU,CASENO,CASENUMBER,CATEGORY,VEHNO,VIN,VINLENGTH,VPICMAKE,VPICMODEL,VPICBODYCLASS,ICFINALBODY,MAKE,MODEL,MODELYR,BODYTYPE,BODYCAT,VEHCLASS,SPECUSE,TRANSTAT,DAMPLANE,DAMSEV,CURBWT,CURBSRC,CARGOWT,CARGOSRC,INSPTYPE,INSPLAG,TOWED,SPEEDLIMIT,DRPRESENT,PARALCOHOL,ALCTEST,ALCTESTRESULT,ALCTESTSRC,PARDRUG,DRUGTEST,ZIP,RACE,ETHNICITY,RELTOJUNCT,TRAFFLOW,RDLANES,INITLANE,SURFTYPE,SURFCOND,ALIGNMENT,PROFILE,LINERIGHT,LINELEFT,RUMBINIT,RUMBROAD,LIGHTCOND,WEATHER,TRAFDEV,TRAFFUNCT,DISTRACT,PREFHE,PREMOVE,CRITCAT,CRITEVENT,MANEUVER,PRESTAB,PRELOC,CRASHCAT,CRASHCONF,CRASHTYPE,ROLLTYPE,ROLLTURN,ROLLINTRPT,ROLLPREMAN,ROLLINITYP,ROLLINLOC,ROLLOBJ,ROLLTRIP,ROLLDIR,ROLLDIST,DVANGTHIS,DVANGOTH,TOWHITCH,TRAJDOC,TREEPOLE,DVEVENT,DVBASIS,DVTOTAL,DVLONG,DVLAT,DVENERGY,DVSPEED,DVMOMENT,DVBES,DVEST,DVCONF,VAIS,VISS,VINJURED,VTREAT,INITOBJCLASS,HEADANGLECAT,SHLDRWIDTH,STRKLENGTH,STRKWIDTH,STRKHEIGHT,EDGEDISTX,EDGEDISTY,EDGEDISTZ,CASEWGT,PSUSTRAT,VERSION
24582,13,3,1-13-2022-003-01,1,2,JN8AT3CA1MW0,17,478,1913,7,0,35,404,2021,14,3,14,0,1,F,2,1536,5,0,1,5,12,2,72,1,8,0,995,0,7,0,76021,3,9,3,4,6,2,1,1,1,1,3,2,0,0,3,1,0,0,9,0,1,4,72,2,1,1,4,K,83,0,0,0,0,0,0,0,0,0,0,350,260,0,0,0,1,3,30,-30,-5,33285,998,-36,22,0,4,1,1,0,4,0,995,9.8,998,998,998,99.8,99.8,99.8,91.62746346,7,7
24583,13,4,1-13-2022-004-10,10,1,999999999999,99,99999,99999,13,0,99,399,9999,4,1,9,99,1,R,9,9999,9,9999,9,0,998,5,105,1,8,0,995,0,7,0,99999,9,9,1,2,5,3,1,1,3,9,3,3,0,0,3,1,0,0,9,1,15,2,11,99,1,2,2,F,46,0,0,0,0,0,0,0,0,0,0,999,999,0,0,0,1,0,999,999,999,9999999,999,999,999,9,0,95,95,95,95,0,995,9.8,998,998,998,99.8,99.8,99.8,11511.67241,7,7
24583,13,4,1-13-2022-004-10,10,2,1FTPW14V08KE,17,460,1801,60,0,12,481,2008,34,5,31,0,1,L,9,9999,9,9999,9,0,998,2,105,1,8,0,995,0,7,0,76123,2,9,1,2,5,2,1,1,3,9,3,3,0,0,3,1,0,0,9,0,14,4,60,99,1,1,2,F,45,0,0,0,0,0,0,0,0,0,0,999,999,0,0,0,99,0,999,999,999,9999999,999,999,999,9,0,0,0,0,0,0,999,3.0,999,999,999,0.0,0.0,0.0,11511.67241,7,7
24584,13,5,1-13-2022-005-05,5,1,1G4PW5SK0G41,17,468,1823,13,0,18,25,2016,4,1,3,0,1,F,1,1497,5,0,1,1,16,2,64,1,8,1,300,2,7,0,76109,1,9,2,4,5,3,2,1,2,1,1,2,0,0,3,1,1,2,9,0,11,2,15,1,1,1,4,J,68,0,0,0,0,0,0,0,0,0,0,340,200,0,0,0,1,3,18,-17,-3,13165,998,-73,13,0,4,0,0,0,4,0,995,9.8,998,998,998,99.8,99.8,99.8,127.1869728,7,7
24584,13,5,1-13-2022-005-05,5,2,3GCPCREC1GG1,17,467,1850,60,0,20,481,2016,34,5,31,0,1,F,1,2301,5,0,1,1,37,2,64,1,8,0,995,0,7,0,76115,1,9,2,1,2,2,2,1,1,1,3,0,0,0,3,1,1,2,9,0,1,4,62,1,1,1,4,J,69,0,0,0,0,0,0,0,0,0,0,200,340,0,0,0,1,3,12,-10,6,25727,998,68,16,0,4,0,0,0,0,0,995,9.8,998,998,998,99.8,99.8,99.8,127.1869728,7,7
24584,13,5,1-13-2022-005-05,5,3,1GTEC19T9YZ2,17,472,1857,60,0,23,481,2000,34,5,31,0,1,F,9,9999,9,9999,9,0,998,2,64,1,8,0,995,0,7,0,76115,2,9,2,1,2,2,2,1,1,1,0,3,0,0,3,1,1,2,9,1,15,4,60,99,1,1,6,M,98,0,0,0,0,0,0,0,0,0,0,998,998,0,0,1,4,0,999,999,999,9999999,999,999,999,9,0,0,0,0,0,0,998,0.0,28,28,80,0.9,0.7,0.9,127.1869728,7,7
24586,10,6,1-10-2022-006-03,3,1,KNDJ23AU0N78,17,499,2460,7,0,63,37,2022,6,1,2,0,1,F,1,1290,5,0,1,1,6,2,56,1,0,1,0,2,0,1,45449,1,9,0,4,2,1,2,1,1,1,1,2,0,0,2,1,0,0,1,1,1,2,13,1,1,4,1,A,1,0,0,0,0,0,0,0,0,0,0,998,998,0,0,7,1,10,999,999,999,9999999,999,37,13,2,0,1,3,0,3,0,998,0.6,7,5,999,13.4,2.5,13.7,289.1786048,4,7
24588,14,3,1-14-2022-003-03,3,1,2A8HR54199R5,17,477,1936,2,0,6,441,2009,20,4,20,0,1,F,1,2044,5,0,1,1,18,2,56,1,0,0,995,0,0,0,76865,1,9,0,4,2,1,2,2,2,1,1,2,0,0,1,2,6,2,9,1,14,2,10,4,1,2,3,I,64,0,0,0,0,0,0,0,0,0,0,205,30,0,0,0,1,3,8,-6,5,4119,998,152,5,0,4,0,0,0,0,0,995,9.8,998,998,998,99.8,99.8,99.8,1056.638073,8,7
24588,14,3,1-14-2022-003-03,3,2,1C6RREHT9LN3,17,496,13620,60,0,7,482,2020,34,5,31,0,1,L,1,2255,5,0,1,1,13,2,56,1,0,0,995,0,0,0,78232,1,1,0,4,2,1,2,2,3,1,1,2,0,0,1,2,6,2,9,0,14,4,62,4,1,1,3,I,65,0,0,0,0,0,0,0,0,0,0,30,205,0,0,0,1,3,7,-5,6,11218,998,39,11,0,4,0,0,0,4,0,995,9.8,998,998,998,99.8,99.8,99.8,1056.638073,8,7
24589,32,4,1-32-2022-004-04,4,1,1FTEX1EF9GKE,17,460,1801,60,0,12,481,2016,34,5,31,0,1,R,2,2130,5,9999,9,0,998,2,56,1,0,0,995,0,0,0,75229,1,9,2,1,4,2,1,1,1,1,1,1,0,0,1,1,1,1,9,0,1,2,17,1,1,1,5,L,87,0,0,0,0,0,0,0,0,0,0,90,0,0,0,0,1,3,30,-10,-28,155199,998,47,41,0,4,0,0,0,0,0,995,9.8,998,998,998,99.8,99.8,99.8,2661.469108,7,7
24589,32,4,1-32-2022-004-04,4,2,3C4NJDBB2MT5,17,483,1946,7,0,2,498,2021,14,3,14,0,1,F,2,1509,5,0,1,1,30,2,56,1,0,0,995,0,0,0,40118,9,1,2,1,4,3,1,1,1,1,3,1,0,0,1,1,1,1,9,0,1,4,66,1,1,1,5,L,86,0,0,0,0,0,0,0,0,0,0,0,90,0,0,0,1,3,39,-37,13,52111,998,68,25,0,4,0,0,0,0,0,995,9.8,998,998,998,99.8,99.8,99.8,2661.469108,7,7
24591,18,2,1-18-2022-002-05,5,1,1GKKVTEDXCJ2,17,472,1855,7,0,23,8,2012,6,1,5,0,1,F,1,2234,5,9999,9,0,998,2,89,1,0,1,0,2,0,0,54812,1,9,2,4,3,2,2,1,1,1,1,2,0,0,1,1,0,0,1,0,1,4,66,99,1,1,5,L,88,0,0,0,0,0,0,0,0,0,0,150,90,0,0,0,1,3,22,-21,-4,32489,998,-41,18,0,4,1,2,0,4,0,995,9.8,998,998,998,99.8,99.8,99.8,54.11806674,6,7
24591,18,2,1-18-2022-002-05,5,2,NM0GS9F79G12,17,460,1811,9,0,12,444,2016,20,4,20,0,1,L,2,1624,5,0,1,1,16,2,89,1,0,1,0,2,0,1,54720,1,9,2,4,2,1,2,1,1,1,1,2,0,0,1,1,2,2,1,0,1,2,17,1,1,1,5,L,89,0,0,0,0,0,0,0,0,0,0,90,150,0,0,0,1,3,29,10,27,72876,998,6,33,0,4,4,17,1,3,0,995,9.8,998,998,998,99.8,99.8,99.8,54.11806674,6,7
24594,27,2,1-27-2022-002-02,2,1,4T1G11AK9LU3,17,448,2469,13,0,49,40,2020,4,1,4,0,1,F,2,1520,5,0,1,1,15,2,72,1,0,1,0,2,0,2,01056,1,2,0,4,2,1,2,1,3,4,1,2,0,0,5,1,0,0,9,1,14,6,87,98,2,4,1,C,13,0,0,0,0,0,0,0,0,0,0,998,998,0,0,0,3,10,999,999,999,9999999,999,31,29,3,0,1,2,0,1,0,998,1.5,999,38,999,1.1,0.5,1.1,30.8268279,3,7
24596,12,3,1-12-2022-003-04,4,1,1N4BL4BV1MN3,17,478,1904,13,0,35,47,2021,4,1,4,0,1,F,1,1545,5,9999,9,4,50,2,56,1,0,0,995,0,0,0,73401,1,2,0,4,2,1,2,1,2,1,0,0,0,0,3,1,0,0,1,1,14,2,10,4,1,2,3,G,50,0,0,0,0,0,0,0,0,0,0,100,280,0,0,0,1,3,24,-24,4,48054,998,36,27,0,4,1,1,0,0,0,995,9.8,998,998,998,99.8,99.8,99.8,435.868486,9,7
24596,12,3,1-12-2022-003-04,4,2,1FADP3F21EL4,17,460,1779,13,0,12,37,2014,4,1,3,0,1,F,2,1340,5,0,1,1,7,2,56,1,0,0,995,0,0,0,73401,9,9,0,4,2,1,2,1,3,1,0,0,0,0,3,1,0,0,1,0,14,4,62,3,1,1,3,G,51,0,0,0,0,0,0,0,0,0,0,280,100,0,0,0,1,3,26,-26,5,39413,998,72,23,0,4,0,0,0,0,0,995,9.8,998,998,998,99.8,99.8,99.8,435.868486,9,7
24597,12,4,1-12-2022-004-07,7,1,1FTPW12595KC,17,460,1801,60,0,12,481,2005,34,5,31,0,1,F,1,2363,5,0,1,1,18,2,64,1,0,0,995,0,0,0,73401,1,2,0,1,2,1,2,1,1,1,1,3,0,0,1,1,8,2,3,0,1,3,50,2,1,1,2,D,20,0,0,0,0,0,0,0,0,0,0,260,260,0,0,0,1,1,24,-24,0,87050,998,0,30,0,1,1,1,0,0,0,995,9.8,998,998,998,99.8,99.8,99.8,887.2297662,9,7
24597,12,4,1-12-2022-004-07,7,2,1GT12UEY8HF2,17,472,1857,60,0,23,481,2017,34,5,31,0,1,B,1,2971,5,0,1,1,5,2,64,1,0,0,995,0,0,0,73093,9,9,0,1,2,1,2,1,1,1,1,3,0,0,1,1,8,2,1,0,5,3,53,1,1,1,2,D,21,0,0,0,0,0,0,0,0,0,0,260,260,0,0,0,1,1,19,19,0,9815,998,-1,9,0,1,0,0,0,0,0,995,9.8,998,998,998,99.8,99.8,99.8,887.2297662,9,7
24597,12,4,1-12-2022-004-07,7,3,5N1AA08A75N7,17,478,1915,7,0,35,421,2005,15,3,15,0,1,B,9,2504,5,9999,9,0,998,5,64,1,0,0,995,0,0,0,73401,9,9,0,1,2,1,2,1,1,1,1,3,0,0,1,1,8,2,1,0,5,3,53,1,1,1,6,M,98,0,0,0,0,0,0,0,0,0,0,260,260,0,0,0,2,0,999,999,999,9999999,999,999,999,9,0,95,95,95,95,0,995,9.8,998,998,998,99.8,99.8,99.8,887.2297662,9,7
24598,26,2,1-26-2022-002-05,5,1,WDDUG8CB6GA2,17,449,2086,13,0,42,43,2016,4,1,5,0,1,F,3,2215,5,9999,9,4,29,2,56,1,1,1,135,2,1,2,95827,9,9,0,3,1,1,2,1,3,9,1,2,0,0,3,8,0,0,9,1,14,2,13,99,9,4,1,A,1,0,0,0,0,0,0,0,0,0,0,998,998,0,0,1,2,12,999,999,999,9999999,999,999,999,8,0,2,9,0,4,0,998,1.4,999,999,999,99.9,4.7,99.9,31.30897636,10,7
24599,26,3,1-26-2022-003-06,6,1,1G1ZJ5SU1GF3,17,467,1834,13,0,20,37,2016,4,1,4,0,1,F,2,1536,5,0,1,1,40,2,40,1,9,0,995,0,9,0,99999,9,9,2,3,2,1,2,1,1,1,3,3,0,0,1,1,2,2,9,0,1,2,17,99,1,1,5,L,86,0,0,0,0,0,0,0,0,0,0,90,180,0,0,0,1,1,35,-35,6,73192,998,34,32,0,1,99,99,0,99,0,995,9.8,998,998,998,99.8,99.8,99.8,395.26113,10,7
24599,26,3,1-26-2022-003-06,6,2,4S3BNAD66F30,17,523,2232,13,0,48,34,2015,4,1,3,0,1,R,2,1614,5,0,1,1,22,2,24,1,0,0,995,0,0,0,95814,1,2,2,4,2,1,2,1,1,1,0,2,0,0,1,1,2,2,1,0,4,4,66,1,1,1,5,L,87,0,0,0,0,0,0,0,0,0,0,180,90,0,0,0,1,1,36,-6,-35,110402,998,57,38,0,1,1,1,0,0,0,995,0.0,120,15,13,0.0,0.0,0.0,395.26113,10,7
24599,26,3,1-26-2022-003-06,6,3,WBA3C1C50EK1,17,452,1709,13,0,34,34,2014,4,1,4,0,2,F,9,1545,5,9999,9,0,998,,,,,,,,,,,,,,,,,,,,,,,,,,,,,,,,,,,,,,,,,,,,,,,,,,,,,,,,,,,,,,,,,,95,95,95,95,,,,,,,,,,395.26113,10,7
24600,26,4,1-26-2022-004-08,8,1,4S2CY58V9S43,17,542,2818,7,0,38,402,1995,14,3,14,0,1,R,2,1802,5,68,1,1,17,2,72,1,0,1,0,2,0,2,95838,1,9,2,4,2,1,2,1,1,1,0,4,0,0,3,1,0,0,9,0,11,2,15,99,1,1,4,J,68,1,1,2,5,1,1,61,1,1,2,65,290,0,1,0,1,1,29,-25,-14,23610,998,15,18,0,3,4,21,1,3,3,995,9.8,998,998,998,99.8,99.8,99.8,153.1138281,10,7
24600,26,4,1-26-2022-004-08,8,2,JM1CR2935601,17,473,2075,15,0,41,52,2006,6,1,3,0,1,F,2,1512,5,0,1,1,18,2,72,1,0,0,995,0,0,0,95838,2,9,2,4,2,1,2,1,1,1,0,4,0,0,3,1,0,0,9,0,1,4,62,99,1,1,4,J,69,0,0,0,0,0,0,0,0,0,0,290,65,0,0,0,1,1,35,-33,12,131671,998,67,42,0,3,0,0,0,4,0,995,9.8,998,998,998,99.8,99.8,99.8,153.1138281,10,7
24602,21,1,1-21-2022-001-03,3,1,4T1B61HK4JU1,17,448,2469,13,0,49,40,2018,4,1,4,0,1,9,9,1520,5,9999,9,0,998,2,113,1,0,0,995,0,0,2,92020,1,9,0,1,2,2,2,1,1,9,3,2,1,3,2,1,0,0,9,1,6,1,6,3,4,4,1,B,7,1,99,2,2,1,4,61,1,1,999,997,997,0,0,0,1,0,999,999,999,9999999,999,999,999,9,0,0,0,0,4,3,997,9.8,998,998,998,99.8,99.8,99.8,497.8804135,11,7
24604,20,2,1-20-2022-002-03,3,1,1FMSK7BH1LGC,17,460,1800,7,0,12,425,2020,15,3,15,0,1,F,2,2022,5,9999,9,4,44,2,72,1,0,0,995,0,0,0,93905,9,1,0,4,2,1,2,1,1,1,0,2,0,0,1,1,0,0,3,1,1,2,13,1,1,4,1,A,1,0,0,0,0,0,0,0,0,0,0,998,998,0,0,2,1,12,999,999,999,9999999,999,999,999,7,0,1,1,0,8,0,998,0.0,30,30,110,18.8,3.1,19.2,83.20002265,11,7
24605,20,3,1-20-2022-003-02,2,1,WDDZF8DB1LA7,17,449,2081,13,0,42,48,2020,4,1,5,0,1,F,1,1795,5,0,1,1,17,2,89,1,0,0,995,0,0,0,93901,9,1,0,4,2,1,2,1,1,1,1,2,3,2,1,8,0,0,9,1,1,2,10,1,1,2,3,G,50,0,0,0,0,0,0,0,0,0,0,280,100,0,0,0,1,1,21,-21,4,25213,998,-18,18,0,4,1,1,0,8,0,995,9.8,998,998,998,99.8,99.8,99.8,31.9626892,11,7
24605,20,3,1-20-2022-003-02,2,2,YV1RS5927524,17,485,1959,13,0,51,47,2005,4,1,3,0,1,F,1,1675,8,0,1,1,38,2,89,1,0,0,995,0,0,0,93940,1,9,0,4,2,1,2,1,2,1,1,2,1,1,1,8,0,0,9,0,14,4,60,99,1,1,3,G,51,0,0,0,0,0,0,0,0,0,0,100,280,0,0,0,1,1,23,-23,4,47120,998,-32,26,0,4,9,97,0,8,0,995,2.9,120,120,-108,12.5,4.7,13.4,31.9626892,11,7
24608,76,1,1-76-2022-001-03,3,1,3GNCJNSB3LL3,17,467,10988,7,0,20,406,2020,14,3,14,0,1,L,1,1476,5,0,1,1,12,2,89,1,8,0,995,0,7,0,13739,9,9,3,4,2,1,4,1,1,4,0,0,0,0,1,1,0,0,9,0,11,2,15,2,1,1,4,K,82,0,0,0,0,0,0,0,0,0,0,125,240,0,0,0,1,3,18,-9,15,30302,998,96,18,0,4,1,1,0,4,0,995,9.8,998,998,998,99.8,99.8,99.8,21.45627751,3,7
24608,76,1,1-76-2022-001-03,3,2,2FAHP71WX7X1,17,460,1778,13,0,12,16,2007,4,1,4,99,1,F,1,1900,5,9999,9,0,998,2,89,1,8,9,998,8,7,9,13807,9,9,3,4,2,1,2,1,3,1,1,2,0,0,1,1,0,0,9,1,14,4,72,7,1,1,4,K,83,0,0,0,0,0,0,0,0,0,0,240,125,0,0,0,1,3,14,-14,-2,16695,998,-41,14,0,4,0,0,0,0,0,995,9.8,998,998,998,99.8,99.8,99.8,21.45627751,3,7
24611,31,3,1-31-2022-003-07,7,1,2MEFM75W4XX6,17,465,1792,13,0,14,6,1999,4,1,5,0,1,R,1,1722,5,91,1,1,6,2,89,1,0,0,995,0,0,0,62821,9,9,0,4,2,1,2,1,2,1,1,2,2,3,3,1,0,0,3,1,14,2,10,2,1,2,3,I,64,0,0,0,0,0,0,0,0,0,0,130,345,0,0,0,1,3,18,-18,-3,45939,998,79,22,0,4,0,0,0,0,0,995,9.8,998,998,998,99.8,99.8,99.8,269.7339922,6,7
24611,31,3,1-31-2022-003-07,7,2,1FA6P8CFXF53,17,460,1781,3,0,12,3,2015,2,1,3,0,1,F,1,1681,5,9999,9,1,5,2,89,1,0,0,995,0,0,0,47715,9,9,0,4,2,1,2,1,3,1,1,2,2,3,3,1,0,0,9,0,14,4,62,3,1,1,3,I,65,0,0,0,0,0,0,0,0,0,0,345,130,0,0,0,1,3,20,-19,7,18575,998,75,15,0,4,0,0,0,0,0,995,9.8,998,998,998,99.8,99.8,99.8,269.7339922,6,7
24612,76,3,1-76-2022-003-04,4,1,1C4PJMLB8KD1,17,483,1945,7,0,2,404,2019,14,3,14,0,1,F,1,1797,5,0,1,1,17,2,89,1,8,9,998,8,7,9,13753,1,2,0,4,2,1,2,1,1,1,1,2,0,0,2,1,0,0,1,0,1,6,87,1,1,1,1,C,13,0,0,0,0,0,0,0,0,0,0,998,998,0,0,0,1,10,999,999,999,9999999,999,29,13,2,0,0,0,0,0,0,998,9.8,998,998,998,99.8,99.8,99.8,28.25465863,3,7
24613,31,2,1-31-2022-002-09,9,1,5GAER23778J1,17,468,1841,7,0,18,24,2008,6,1,5,0,1,T,2,2168,5,9999,9,1,3,2,64,1,1,8,997,8,0,0,62821,9,9,0,4,2,1,2,3,3,1,0,4,0,0,3,4,0,0,9,1,14,1,6,99,2,4,1,A,2,1,4,2,6,1,4,61,1,1,20,997,997,0,0,0,3,6,999,999,999,9999999,999,999,999,7,0,0,0,0,4,3,997,0.0,42,14,13,0.0,0.0,0.0,208.6732651,6,7
24617,20,5,1-20-2022-005-04,4,1,KNDPM3AC6K75,17,499,2770,7,0,63,401,2019,14,3,14,0,1,F,1,1631,5,9999,9,4,35,2,105,1,0,0,995,0,0,0,93926,9,1,1,2,3,1,2,1,1,1,1,1,0,1,1,1,0,0,2,0,1,3,50,99,1,1,2,D,20,0,0,0,0,0,0,0,0,0,0,190,180,0,0,0,1,12,999,999,999,9999999,999,999,999,6,0,0,0,0,0,0,995,9.8,998,998,998,99.8,99.8,99.8,415.7410607,11,7
24617,20,5,1-20-2022-005-04,4,2,3N1CN7AP8EL8,17,478,1894,13,0,35,50,2014,4,1,2,0,1,B,9,1132,5,9999,9,0,998,2,105,1,0,0,995,0,0,0,93905,9,1,1,2,3,1,2,1,1,1,1,1,0,1,1,1,0,0,1,0,5,3,53,1,1,1,2,D,21,0,0,0,0,0,0,0,0,0,0,180,190,0,0,0,1,0,999,999,999,9999999,999,999,999,9,0,9,97,0,0,0,995,9.8,998,998,998,99.8,99.8,99.8,415.7410607,11,7
24621,16,3,1-16-2022-003-01,1,1,999999999999,99,99997,99997,127,0,98,998,9999,93,10,90,0,1,R,9,,,,,,,2,56,1,0,0,995,0,0,0,45249,9,9,0,4,2,1,2,1,1,1,0,0,0,0,3,1,0,0,1,0,13,3,53,1,1,1,6,M,98,,,,,,,,,,,,,,,,,,,,,,,,,,,95,95,95,95,,,9.8,998,998,998,99.8,99.8,99.8,79.23916321,5,7
24621,16,3,1-16-2022-003-01,1,2,5NMSH73E78H1,17,498,2057,7,0,55,401,2008,14,3,14,0,1,F,3,1871,5,0,1,1,35,2,56,1,0,0,995,0,0,0,45231,1,9,0,4,2,1,2,1,1,1,1,2,0,0,3,1,0,0,1,0,1,3,56,1,1,1,6,M,98,0,0,0,0,0,0,0,0,0,0,290,10,0,0,0,1,5,999,999,999,9999999,999,999,40,4,0,5,35,1,1,0,995,9.8,998,998,998,99.8,99.8,99.8,79.23916321,5,7
24623,48,1,1-48-2022-001-06,6,1,1FA6P8CF8H53,17,460,1781,3,0,12,3,2017,2,1,3,0,1,B,2,1681,5,9999,9,3,6,2,121,1,0,0,995,0,0,0,98310,9,9,0,2,2,1,2,2,1,1,1,3,2,3,2,4,0,0,1,0,1,1,6,4,2,1,2,D,25,0,0,0,0,0,0,0,0,0,0,155,160,0,0,0,1,5,999,999,999,9999999,999,999,999,7,0,99,99,0,99,0,995,9.8,998,998,998,99.8,99.8,99.8,795.8450551,12,7
24623,48,1,1-48-2022-001-06,6,2,1FDWX37R78ED,17,460,1806,70,11,12,881,2008,61,8,60,0,1,F,9,,,,,,,5,121,1,0,0,995,0,0,0,25276,9,9,0,2,2,1,2,2,1,1,1,3,2,3,2,4,0,0,1,0,1,3,51,99,1,1,2,D,24,,,,,,,,,,,,,,,,,,,,,,,,,,,95,95,95,95,,,9.8,998,998,998,99.8,99.8,99.8,795.8450551,12,7
24624,77,3,1-77-2022-003-02,2,1,2T3WFREV6FW1,17,448,2217,7,0,49,402,2015,14,3,14,0,1,F,2,1560,5,0,1,1,14,2,113,1,0,0,995,0,0,0,23058,9,9,0,2,2,1,2,1,1,9,1,3,2,3,1,1,0,0,3,0,1,3,51,3,1,1,2,D,24,0,0,0,0,0,0,0,0,0,0,998,998,0,0,0,2,10,999,999,999,9999999,999,-45,35,3,0,0,0,0,0,0,998,1.4,999,999,999,99.9,1.4,99.9,97.45773006,9,7
24624,77,3,1-77-2022-003-02,2,2,1C6RREFG9MN6,17,496,13620,60,0,7,482,2021,34,5,31,0,1,T,3,2255,5,0,1,1,15,2,113,1,0,1,0,2,0,0,23238,9,9,0,2,2,1,2,1,1,9,1,3,2,3,1,1,0,0,1,0,1,3,53,2,1,1,2,D,25,1,4,2,2,4,4,48,4,2,999,997,997,0,0,0,5,6,999,999,999,9999999,999,999,999,8,0,1,1,0,4,3,997,4.4,999,999,999,99.9,4.4,99.9,97.45773006,9,7
24625,77,4,1-77-2022-004-05,5,1,JTMRFREV1DD0,17,448,2217,7,0,49,402,2013,14,3,14,0,1,F,2,1615,5,0,1,1,8,2,80,1,0,0,995,0,0,0,22942,9,9,0,4,2,1,2,1,3,1,1,2,1,1,2,1,0,0,1,1,14,6,87,4,1,4,1,A,3,0,0,0,0,0,0,0,0,0,0,998,998,0,0,0,1,1,30,-30,0,57900,998,0,30,0,4,0,0,0,6,0,998,0.4,120,43,64,41.5,2.8,41.7,228.0387703,9,7
24626,23,6,1-23-2022-006-03,3,1,2FMPK4J91LBA,17,460,1797,7,0,12,424,2020,15,3,15,0,1,F,2,1875,5,0,1,1,6,2,89,1,8,0,995,0,7,0,43015,9,9,2,4,2,1,2,1,1,1,1,2,0,0,1,8,0,0,1,0,1,4,66,99,1,1,5,L,86,0,0,0,0,0,0,0,0,0,0,190,270,0,1,0,1,3,37,-32,19,85301,998,86,29,0,4,99,99,0,0,0,995,0.4,10,10,119,0.0,3.5,3.5,223.7938626,5,7
24626,23,6,1-23-2022-006-03,3,2,1GKKVPKD2GJ1,17,472,1855,7,0,23,423,2016,15,3,15,0,1,R,2,2200,5,9999,9,0,998,5,89,1,8,0,995,0,7,0,43061,9,9,2,4,2,1,2,1,1,1,1,2,0,0,1,8,2,2,1,0,1,2,17,99,1,1,5,L,87,0,0,0,0,0,0,0,0,0,0,270,190,0,1,0,1,3,33,-11,-31,157230,998,48,41,0,4,95,95,95,95,0,995,9.8,998,998,998,99.8,99.8,99.8,223.7938626,5,7
24627,23,7,1-23-2022-007-09,9,1,1GKKVTED2CJ1,17,472,1855,7,0,23,8,2012,6,1,5,0,1,F,1,2234,5,0,1,1,22,2,89,1,8,0,995,0,7,0,43334,1,9,0,4,2,1,2,3,3,1,0,0,0,0,2,4,0,0,9,1,14,1,6,2,2,4,1,A,1,0,0,0,0,0,0,0,0,0,0,998,998,0,1,2,1,10,999,999,999,9999999,999,52,16,2,0,1,3,0,4,0,998,0.0,30,30,120,52.1,5.5,52.4,1025.604042,5,7
24628,59,4,1-59-2022-004-05,5,1,KNDPB3AC8E75,17,499,2770,7,0,63,401,2014,14,3,14,0,1,R,2,1432,5,0,1,1,9,2,97,1,0,1,0,2,0,0,60478,2,9,0,1,2,1,2,3,1,1,1,4,0,0,2,4,0,0,9,1,1,1,6,99,4,4,1,B,7,1,1,2,2,1,4,61,1,1,6,997,997,0,0,0,1,6,999,999,999,9999999,999,999,999,7,0,3,9,1,4,3,997,9.8,998,998,998,99.8,99.8,99.8,68.53520369,6,7
24629,59,5,1-59-2022-005-03,3,1,JN8AT2MV7LW1,17,478,1913,8,0,35,404,2020,14,3,14,0,1,F,1,1640,5,0,1,1,5,2,48,1,0,0,995,0,0,0,47802,1,9,2,4,3,1,2,1,1,1,0,1,0,0,1,1,1,2,9,0,1,2,17,1,1,1,5,L,88,0,0,0,0,0,0,0,0,0,0,60,345,0,0,0,1,3,5,-4,-3,1301,998,-83,4,0,4,0,0,0,4,0,995,9.8,998,998,998,99.8,99.8,99.8,489.8365399,6,7
24629,59,5,1-59-2022-005-03,3,2,1C3CCCAB8HN5,17,477,2053,13,0,6,18,2017,4,1,3,0,1,L,1,1575,5,0,1,1,5,2,48,1,0,0,995,0,0,0,47885,1,2,2,3,2,1,2,1,1,1,0,3,0,0,1,1,1,2,1,0,1,4,66,4,1,1,5,L,89,0,0,0,0,0,0,0,0,0,0,345,60,0,0,0,1,3,5,-3,4,3442,998,95,6,0,4,1,2,0,4,0,995,9.8,998,998,998,99.8,99.8,99.8,489.8365399,6,7
24630,54,5,1-54-2022-005-10,10,1,1G1ZG5E77CF3,17,467,1834,13,0,20,37,2012,4,1,4,0,1,L,1,1551,5,0,1,1,21,2,105,1,0,0,995,0,0,0,35653,1,2,2,1,3,2,2,1,1,1,1,3,0,1,2,1,1,2,9,1,12,2,21,1,1,2,6,M,98,0,0,0,0,0,0,0,0,0,0,120,135,0,0,0,1,3,6,5,4,5687,998,94,8,0,4,0,0,0,0,0,995,9.8,998,998,998,99.8,99.8,99.8,962.3069321,9,7
24630,54,5,1-54-2022-005-10,10,2,JTKJF5C73B30,17,448,2207,5,0,49,50,2011,3,1,3,0,1,F,1,1377,5,0,1,1,7,2,105,1,0,0,995,0,0,0,35653,9,9,2,1,3,3,2,1,1,1,3,2,1,1,2,1,1,2,9,0,1,4,61,2,1,1,6,M,98,0,0,0,0,0,0,0,0,0,0,135,120,0,0,0,1,3,7,-6,-4,2299,998,-105,5,0,4,0,0,0,0,0,995,9.8,998,998,998,99.8,99.8,99.8,962.3069321,9,7