CASEID,PSU,CASENO,CASENUMBER,CATEGORY,VEHNO,VIN,VINLENGTH,VPICMAKE,VPICMODEL,VPICBODYCLASS,ICFINALBODY,MAKE,MODEL,MODELYR,BODYTYPE,BODYCAT,VEHCLASS,SPECUSE,TRANSTAT,DAMPLANE,DAMSEV,CURBWT,CURBSRC,CARGOWT,CARGOSRC,INSPTYPE,INSPLAG,TOWED,SPEEDLIMIT,DRPRESENT,PARALCOHOL,ALCTEST,ALCTESTRESULT,ALCTESTSRC,PARDRUG,DRUGTEST,ZIP,RACE,ETHNICITY,RELTOJUNCT,TRAFFLOW,RDLANES,INITLANE,SURFTYPE,SURFCOND,ALIGNMENT,PROFILE,LINERIGHT,LINELEFT,RUMBINIT,RUMBROAD,LIGHTCOND,WEATHER,TRAFDEV,TRAFFUNCT,DISTRACT,PREFHE,PREMOVE,CRITCAT,CRITEVENT,MANEUVER,PRESTAB,PRELOC,CRASHCAT,CRASHCONF,CRASHTYPE,ROLLTYPE,ROLLTURN,ROLLINTRPT,ROLLPREMAN,ROLLINITYP,ROLLINLOC,ROLLOBJ,ROLLTRIP,ROLLDIR,ROLLDIST,DVANGTHIS,DVANGOTH,TOWHITCH,TRAJDOC,TREEPOLE,DVEVENT,DVBASIS,DVTOTAL,DVLONG,DVLAT,DVENERGY,DVSPEED,DVMOMENT,DVBES,DVEST,DVCONF,VAIS,VISS,VINJURED,VTREAT,INITOBJCLASS,HEADANGLECAT,SHLDRWIDTH,STRKLENGTH,STRKWIDTH,STRKHEIGHT,EDGEDISTX,EDGEDISTY,EDGEDISTZ,CASEWGT,PSUSTRAT,VERSION
24631,54,6,1-54-2022-006-07,7,1,2FMDK3KC3EBA,17,460,1797,7,0,12,24,2014,6,1,4,0,1,F,9,1852,5,0,1,1,7,2,72,1,0,0,995,0,0,0,35674,1,9,2,1,3,2,2,1,1,1,3,1,0,2,1,1,1,2,3,0,1,3,50,4,1,1,2,D,20,0,0,0,0,0,0,0,0,0,0,180,170,0,0,0,1,12,999,999,999,9999999,999,999,999,9,0,0,0,0,0,0,995,9.8,998,998,998,99.8,99.8,99.8,161.6619254,9,7
24631,54,6,1-54-2022-006-07,7,2,1G2ZJ57B1942,17,536,4263,13,0,22,22,2009,4,1,4,0,1,B,9,1507,5,0,1,1,8,2,72,1,0,0,995,0,0,0,35674,1,2,2,1,3,2,2,1,1,1,3,1,0,2,1,1,1,2,1,0,5,3,53,1,1,1,2,D,22,0,0,0,0,0,0,0,0,0,0,170,180,0,0,0,1,12,999,999,999,9999999,999,999,999,9,0,1,1,0,0,0,995,9.8,998,998,998,99.8,99.8,99.8,161.6619254,9,7
24632,17,4,1-17-2022-004-10,10,1,5FNRL38717B4,17,474,1869,2,0,37,441,2007,20,4,20,0,1,F,1,2062,5,0,1,1,7,2,48,1,9,0,995,0,9,0,61241,9,9,0,4,2,1,1,1,2,4,0,0,0,0,1,1,0,0,9,1,14,2,12,99,1,4,1,B,6,0,0,0,0,0,0,0,0,0,0,998,998,0,1,1,3,1,21,-21,0,41439,998,-53,21,0,4,0,0,0,0,0,998,0.0,999,999,999,22.4,1.7,22.4,1006.177319,4,7
24634,19,11,1-19-2022-011-05,5,1,1G1BC5SMXH72,17,467,1832,13,0,20,25,2017,4,1,3,0,1,F,2,1250,5,0,1,1,4,2,56,1,9,0,995,0,9,0,99999,1,2,0,4,2,1,2,1,2,1,0,2,0,0,1,1,0,0,3,1,14,2,12,1,1,4,1,B,6,0,0,0,0,0,0,0,0,0,0,998,998,0,1,0,2,12,999,999,999,9999999,999,999,999,7,0,1,1,0,0,0,998,0.0,120,4,120,18.8,3.8,19.6,37.27910038,9,7
24635,19,12,1-19-2022-012-08,8,1,1GNEC13V95R1,17,467,1852,7,0,20,421,2005,15,3,15,0,1,F,1,2190,5,9999,9,4,4,3,56,1,9,1,237,2,9,1,35904,1,9,0,4,2,1,2,1,2,1,1,2,0,0,5,1,0,0,9,1,14,2,12,99,1,4,1,B,6,0,0,0,0,0,0,0,0,0,0,998,998,0,1,1,1,12,999,999,999,9999999,999,999,999,6,0,1,1,0,4,0,998,0.1,50,50,40,11.3,3.2,11.9,72.09721117,9,7
24636,19,13,1-19-2022-013-04,4,1,JN8AT3BA9MW0,17,478,1913,7,0,35,404,2021,14,3,14,0,1,F,1,1536,5,9999,9,0,998,5,72,1,0,0,995,0,0,0,35906,9,9,2,4,6,2,2,1,1,1,1,1,0,0,3,1,1,2,9,0,1,2,17,1,1,1,5,L,86,0,0,0,0,0,0,0,0,0,0,220,320,0,0,0,1,3,6,-6,0,3318,998,0,7,0,4,95,95,95,95,0,995,9.8,998,998,998,99.8,99.8,99.8,269.4532853,9,7
24636,19,13,1-19-2022-013-04,4,2,2HGFC2F87MH5,17,474,1863,13,0,37,31,2021,4,1,3,0,1,R,1,1312,5,0,1,1,9,2,72,1,0,0,995,0,0,0,35952,1,2,2,4,6,2,2,1,1,4,1,3,0,0,3,1,1,2,1,0,1,4,66,1,1,1,5,L,87,0,0,0,0,0,0,0,0,0,0,320,220,0,0,0,1,3,7,-1,-7,8776,998,217,7,0,4,0,0,0,0,0,995,9.8,998,998,998,99.8,99.8,99.8,269.4532853,9,7
24637,19,14,1-19-2022-014-06,6,1,5GAKRCKD8EJ3,17,468,1841,7,0,18,421,2014,15,3,15,0,1,F,1,2152,5,0,1,1,5,2,89,1,1,1,218,2,0,1,35950,9,1,3,4,2,1,2,1,1,3,1,2,2,3,2,1,0,0,9,0,1,4,70,2,1,1,4,K,79,0,0,0,0,0,0,0,0,0,0,20,15,0,1,0,1,1,18,-16,-9,18335,998,-51,14,0,4,0,0,0,4,0,995,2.6,120,120,120,10.3,3.7,11.1,156.2577963,9,7
24637,19,14,1-19-2022-014-06,6,2,1C6RR7XT5GS3,17,496,13620,60,0,7,482,2016,34,5,31,5,1,L,1,2336,5,0,1,1,3,2,89,1,0,1,0,2,0,0,35907,1,9,3,4,2,1,2,1,1,1,0,0,0,0,2,1,0,0,2,0,10,2,16,1,1,1,4,K,78,0,0,0,0,0,0,0,0,0,0,15,20,0,1,0,1,1,16,14,8,37179,998,10,20,0,3,1,1,0,4,0,995,9.8,998,998,998,99.8,99.8,99.8,156.2577963,9,7
24638,11,3,1-11-2022-003-06,6,1,WDDLJ9BBXDA0,17,449,2082,13,0,42,51,2013,4,1,4,0,1,F,1,1940,5,0,1,1,12,2,56,1,0,0,995,0,0,0,23236,9,9,2,4,2,1,2,3,1,1,0,2,0,0,1,4,0,0,1,1,10,1,6,99,2,2,4,K,80,0,0,0,0,0,0,0,0,0,0,310,180,0,0,0,1,3,13,-13,2,10974,998,-13,12,0,4,99,99,0,99,0,995,9.8,998,998,998,99.8,99.8,99.8,2831.781528,8,7
24638,11,3,1-11-2022-003-06,6,2,5N1AR2MM0DC6,17,478,1911,8,0,35,401,2013,14,3,14,0,1,L,1,1987,5,9999,9,0,998,2,56,1,0,0,995,0,0,0,23831,9,9,2,4,2,1,2,3,2,1,0,2,0,0,1,4,2,2,1,0,5,4,66,99,1,1,4,K,81,0,0,0,0,0,0,0,0,0,0,180,310,0,0,0,1,3,13,-6,11,17815,998,-55,14,0,4,0,0,0,0,0,995,9.8,998,998,998,99.8,99.8,99.8,2831.781528,8,7
24639,11,4,1-11-2022-004-06,6,1,2C3CCAGG3FH8,17,477,1878,13,0,6,51,2015,4,1,5,0,1,R,2,2047,5,0,1,1,10,2,72,1,0,0,995,0,0,0,23801,9,9,0,4,2,1,2,5,1,1,1,2,0,0,1,4,0,0,1,1,1,2,13,99,1,4,1,A,1,1,3,2,2,1,4,61,1,1,999,997,997,0,0,0,2,6,999,999,999,9999999,999,999,999,7,0,1,2,0,4,3,997,9.9,120,999,999,99.9,99.9,99.9,2831.781528,8,7
24640,24,4,1-24-2022-004-06,6,1,19XFB2F93DE2,17,474,1863,13,0,37,31,2013,4,1,3,0,1,L,1,1236,5,0,1,1,19,2,40,1,0,0,995,0,0,0,08232,9,1,2,4,2,1,2,1,1,1,0,2,0,0,1,1,2,2,9,0,1,2,17,1,1,1,5,L,89,0,0,0,0,0,0,0,0,0,0,20,110,0,0,0,1,3,10,-5,8,8378,998,84,11,0,4,0,0,0,5,0,995,9.8,998,998,998,99.8,99.8,99.8,200.1758784,1,7
24640,24,4,1-24-2022-004-06,6,2,1GNEK13ZX2R1,17,467,1852,7,0,20,421,2002,15,3,15,0,1,F,1,2211,5,0,1,1,20,2,72,1,0,0,995,0,0,0,08234,9,9,2,4,2,1,2,1,1,1,1,2,1,0,1,1,0,0,9,0,1,4,66,99,1,1,5,L,88,0,0,0,0,0,0,0,0,0,0,95,265,0,0,0,2,3,21,-20,4,59395,998,39,25,0,4,99,99,0,99,0,995,9.8,998,998,998,99.8,99.8,99.8,200.1758784,1,7
24640,24,4,1-24-2022-004-06,6,3,3VWLL7AJ1DM2,17,482,3137,13,0,30,40,2013,4,1,3,0,1,F,2,1441,5,9999,9,0,998,5,72,1,0,0,995,0,0,0,08234,9,9,2,4,2,1,2,1,1,1,1,2,1,0,1,1,0,0,1,0,1,4,62,7,1,1,6,M,98,0,0,0,0,0,0,0,0,0,0,265,95,0,0,0,2,3,33,-33,0,40578,998,0,27,0,4,95,95,95,95,0,995,9.8,998,998,998,99.8,99.8,99.8,200.1758784,1,7
24642,13,6,1-13-2022-006-02,2,1,1MEHM42WX8G6,17,465,2365,13,0,14,17,2008,4,1,4,0,1,F,2,1653,5,0,1,1,11,2,64,1,8,0,995,0,7,0,78232,1,9,1,2,4,4,2,1,1,1,1,0,0,0,1,1,0,0,9,0,1,4,65,99,1,1,4,K,79,0,0,0,0,0,0,0,0,0,0,70,70,0,0,0,1,3,31,-31,0,77698,998,0,34,0,4,0,0,0,0,0,995,9.8,998,998,998,99.8,99.8,99.8,46.16961345,7,7
24642,13,6,1-13-2022-006-02,2,2,JA4APUAU2MU0,17,481,13867,7,0,52,404,2021,14,3,14,0,1,B,2,1545,5,9999,9,0,998,2,64,1,8,0,995,0,7,0,75165,1,9,1,1,1,1,1,1,1,1,0,2,0,0,1,1,0,0,9,0,10,2,16,99,1,1,4,K,78,0,0,0,0,0,0,0,0,0,0,70,70,0,0,0,1,3,34,34,0,58970,998,0,31,0,4,1,1,0,4,0,995,9.8,998,998,998,99.8,99.8,99.8,46.16961345,7,7
24643,13,7,1-13-2022-007-02,2,1,1FADP3M29JL2,17,460,1779,5,0,12,37,2018,5,1,3,0,1,F,2,1327,5,0,1,1,10,2,64,1,8,0,995,0,7,0,76022,1,9,1,1,4,2,2,1,1,1,1,1,0,0,1,1,1,2,9,0,1,2,17,2,1,1,4,K,77,0,0,0,0,0,0,0,0,0,0,180,270,0,0,0,1,1,34,-29,17,86195,998,92,33,0,3,3,9,1,3,0,995,9.8,998,998,998,99.8,99.8,99.8,46.16961345,7,7
24643,13,7,1-13-2022-007-02,2,2,1C6RR6KT5ES1,17,496,13620,60,0,7,482,2014,34,5,31,0,1,R,1,2333,5,0,1,1,11,2,64,1,8,0,995,0,7,0,76022,1,9,1,2,6,5,2,1,1,1,1,1,0,0,1,1,1,2,9,0,11,4,66,1,1,1,4,K,76,0,0,0,0,0,0,0,0,0,0,270,180,0,0,0,1,1,19,-10,-17,41548,998,-8,21,0,3,99,99,0,99,0,995,9.8,998,998,998,99.8,99.8,99.8,46.16961345,7,7
24644,13,8,1-13-2022-008-03,3,1,3MVDMBCL0MM3,17,473,26914,7,0,41,498,2021,14,3,14,0,1,F,2,1516,5,0,1,1,18,2,48,1,8,0,995,0,7,0,76034,1,9,2,5,5,3,1,1,1,1,4,4,0,0,3,1,1,2,9,0,11,2,15,99,1,1,4,J,68,0,0,0,0,0,0,0,0,0,0,225,85,0,0,0,1,3,28,-26,-10,55842,998,-41,28,0,4,99,99,0,5,0,995,9.8,998,998,998,99.8,99.8,99.8,1132.6352,7,7
24644,13,8,1-13-2022-008-03,3,2,5NMS1DAJ8MH3,17,498,2057,7,0,55,401,2021,14,3,14,0,1,F,2,1729,5,0,1,1,20,2,48,1,8,0,995,0,7,0,76106,1,2,2,5,5,1,1,1,1,1,0,3,0,0,3,1,1,2,9,0,1,4,62,99,1,1,4,J,69,0,0,0,0,0,0,0,0,0,0,85,225,0,0,0,1,3,25,-24,9,55659,998,73,25,0,4,1,1,0,4,0,995,9.8,998,998,998,99.8,99.8,99.8,1132.6352,7,7
24645,13,9,1-13-2022-009-01,1,1,JTLZE4FE9A11,17,448,2210,7,0,49,49,2010,6,1,2,0,1,F,3,1400,8,0,1,1,39,2,64,1,8,1,268,2,7,1,76051,1,9,0,1,2,1,2,1,3,1,0,3,0,0,3,1,6,2,9,1,14,2,13,99,1,4,1,A,1,1,1,2,4,6,4,42,2,2,14,998,998,0,1,1,2,1,67,-67,0,301005,998,54,67,0,4,4,29,1,1,3,998,0.0,40,40,120,6.1,0.6,6.2,150.2299772,7,7
24646,25,4,1-25-2022-004-06,6,1,2LMDJ8JK5DBL,17,464,1813,7,0,13,14,2013,6,1,4,0,1,F,1,2008,5,0,1,1,9,2,56,1,1,1,180,1,7,0,04074,9,9,0,4,2,1,2,1,1,1,1,2,0,0,2,1,0,0,1,1,1,2,13,5,1,4,1,A,1,0,0,0,0,0,0,0,0,0,0,998,998,0,0,1,1,8,999,999,999,9999999,999,999,999,6,0,1,1,0,99,0,998,0.3,30,30,999,11.7,1.6,11.8,518.3892669,2,7
24647,25,5,1-25-2022-005-09,9,1,5J6RE48768L0,17,474,1865,7,0,37,402,2008,14,3,14,0,1,T,9,1604,5,0,1,4,2,2,56,1,8,1,0,2,7,2,04103,9,9,0,4,2,1,2,1,3,2,1,2,0,0,2,1,0,0,1,1,14,4,62,8,1,4,1,A,3,1,2,2,6,6,4,42,2,1,7,997,997,0,0,0,3,6,999,999,999,9999999,999,999,999,9,0,1,1,0,4,3,997,2.0,120,120,32,12.3,10.2,16.0,1008.508535,2,7
24648,52,4,1-52-2022-004-06,6,1,1HGCR2F85EA0,17,474,1861,13,0,37,32,2014,4,1,4,0,1,F,1,1496,5,0,1,1,9,2,40,1,1,1,304,2,9,0,59102,1,2,0,4,2,1,2,1,1,2,0,2,0,0,2,1,0,0,9,1,1,2,13,7,1,4,1,A,1,0,0,0,0,0,0,0,0,0,0,998,998,0,0,1,4,1,21,-20,4,25946,998,-25,21,0,4,2,5,0,4,0,998,0.0,999,999,999,4.4,0.5,4.4,106.4450739,12,7
24649,52,5,1-52-2022-005-04,4,1,KNMAT2MV2JP5,17,478,1913,8,0,35,51,2018,6,1,3,0,1,F,1,1610,5,0,1,1,7,3,40,1,0,0,995,0,0,0,59101,1,2,2,4,3,1,2,5,1,1,0,2,0,0,1,4,1,2,1,0,1,3,50,2,2,1,2,D,20,0,0,0,0,0,0,0,0,0,0,150,140,0,0,0,1,12,999,999,999,9999999,999,999,999,6,0,0,0,0,0,0,995,9.8,998,998,998,99.8,99.8,99.8,190.9352376,12,7
24649,52,5,1-52-2022-005-04,4,2,JN8AT3BB7MW2,17,478,1913,7,0,35,404,2021,14,3,14,0,1,B,9,1608,5,9999,9,0,998,5,40,1,0,0,995,0,0,0,59105,9,9,2,4,3,1,2,5,1,1,0,1,0,0,1,4,1,2,9,0,5,3,53,1,1,1,2,D,21,0,0,0,0,0,0,0,0,0,0,140,150,0,0,0,1,0,999,999,999,9999999,999,999,999,9,0,95,95,95,95,0,995,9.8,998,998,998,99.8,99.8,99.8,190.9352376,12,7
24650,28,3,1-28-2022-003-06,6,1,2G4GN5EX5E93,17,468,1822,13,0,18,19,2014,4,1,3,0,1,F,2,1683,5,0,1,1,20,2,72,1,1,1,85.3,1,0,0,16923,9,9,0,4,2,1,2,3,3,1,0,0,0,0,2,4,0,0,3,1,14,2,13,99,1,4,1,A,1,1,2,2,2,1,4,61,1,1,5,998,998,0,0,5,1,10,999,999,999,9999999,999,-19,32,3,0,2,5,0,4,3,998,0.0,15,15,110,10.4,1.5,10.6,40.33582204,3,7
24651,28,4,1-28-2022-004-07,7,1,3C6UR5HL2GG2,17,496,13621,60,0,7,482,2016,34,5,31,0,1,U,1,3090,5,68,2,4,13,2,89,1,0,0,995,0,0,0,16950,1,2,0,4,2,1,2,1,2,1,1,2,3,3,2,1,0,0,1,0,14,8,98,2,1,1,6,M,98,0,0,0,0,0,0,0,0,0,0,998,998,0,0,0,1,7,999,999,999,9999999,999,999,999,6,0,0,0,0,0,0,998,9.8,998,998,998,99.8,99.8,99.8,131.0935584,3,7
24651,28,4,1-28-2022-004-07,7,2,1FTEX1E82GKE,17,460,1801,60,0,12,481,2016,34,5,31,0,1,F,2,2081,5,0,1,1,13,2,89,1,0,0,995,0,0,0,16901,1,2,0,4,2,1,2,1,3,1,1,2,3,1,2,1,0,0,1,0,14,6,90,99,1,1,6,M,98,0,0,0,0,0,0,0,0,0,0,998,998,0,0,0,2,10,999,999,999,9999999,999,-1,25,3,0,0,0,0,0,0,998,9.8,998,998,998,99.8,99.8,99.8,131.0935584,3,7
24652,10,7,1-10-2022-007-09,9,1,4S4WMAPD4N34,17,523,24836,7,0,48,421,2022,15,3,15,0,1,F,1,2073,5,9999,9,0,998,5,56,1,0,0,995,0,0,0,45410,9,9,3,4,2,1,2,1,1,1,0,0,0,0,3,1,0,0,9,0,1,2,17,99,1,1,5,L,86,0,0,0,0,0,0,0,0,0,0,240,310,0,0,0,1,3,6,-6,3,3173,998,49,6,0,4,95,95,95,95,0,995,9.8,998,998,998,99.8,99.8,99.8,3846.415328,4,7
24652,10,7,1-10-2022-007-09,9,2,1G1NE52J03M7,17,467,1834,13,0,20,37,2003,4,1,3,0,1,R,1,1384,5,0,1,1,11,2,56,1,0,0,995,0,0,0,45406,9,9,3,4,5,1,2,1,1,1,0,1,0,0,3,1,1,2,1,0,1,4,71,3,1,1,5,L,87,0,0,0,0,0,0,0,0,0,0,310,240,0,0,0,1,3,9,-2,-9,8394,998,-103,10,0,4,1,1,0,4,0,995,9.8,998,998,998,99.8,99.8,99.8,3846.415328,4,7
24653,10,8,1-10-2022-008-08,8,1,4T1BK36B16U0,17,448,2465,13,0,49,43,2006,4,1,4,0,1,T,2,1615,5,0,1,1,10,2,89,1,0,1,0,2,0,0,45426,2,9,0,2,2,1,1,1,3,1,1,3,0,1,1,1,0,0,9,1,14,2,13,99,3,4,1,A,2,1,4,2,2,1,4,61,1,2,999,997,997,0,0,0,1,6,999,999,999,9999999,999,999,999,7,0,2,5,0,3,3,997,9.8,998,998,998,99.8,99.8,99.8,886.5323702,4,7
24654,66,4,1-66-2022-004-10,10,1,1B3BD1FG4BN5,17,476,1892,13,0,7,26,2011,4,1,3,0,1,F,1,1539,5,0,1,1,21,2,89,1,0,0,995,0,7,0,65682,9,9,2,4,2,1,2,5,1,1,0,2,0,0,1,4,2,2,9,0,1,1,6,2,1,1,5,L,86,0,0,0,0,0,0,0,0,0,0,180,270,0,0,0,1,5,999,999,999,9999999,999,999,13,2,0,99,99,0,99,0,995,9.8,998,998,998,99.8,99.8,99.8,829.1701173,6,7
24654,66,4,1-66-2022-004-10,10,2,3AKJHLDV0KSK,17,450,2501,66,0,82,881,2019,66,8,68,0,1,R,9,,,,,,,2,105,1,0,0,995,0,7,0,65631,9,9,2,4,2,1,2,5,1,1,1,2,3,3,1,4,0,0,9,0,1,4,66,1,1,1,5,L,87,,,,,,,,,,,,,,,,,,,,,,,,,,,95,95,95,95,,,9.8,998,998,998,99.8,99.8,99.8,829.1701173,6,7
24655,66,5,1-66-2022-005-09,9,1,1G4HD571X9U1,17,468,4267,13,0,18,23,2009,4,1,5,0,1,F,1,1800,5,0,1,1,11,2,56,1,0,0,995,0,7,0,65712,1,2,0,4,2,1,2,1,1,1,1,2,0,0,1,4,0,0,9,1,1,2,13,2,9,4,1,A,1,0,0,0,0,0,0,0,0,0,0,998,998,0,1,0,1,11,999,999,999,9999999,999,999,999,6,0,1,1,0,4,0,998,0.2,120,120,-40,26.8,1.6,26.9,136.5775789,6,7
24656,16,4,1-16-2022-004-06,6,1,1VWDT7A35HC0,17,482,3134,13,0,30,46,2017,4,1,4,0,1,F,1,1439,5,0,1,1,23,2,48,1,1,1,244,2,0,0,45223,2,9,0,1,2,2,2,1,1,1,2,2,0,0,3,1,0,0,9,1,1,2,12,99,2,4,1,B,7,0,0,0,0,0,0,0,0,0,0,998,998,0,0,0,2,1,13,-12,4,10335,998,9,13,0,4,1,3,0,4,0,998,0.0,54,24,13,0.0,0.0,0.0,905.5803078,5,7
24657,16,5,1-16-2022-005-06,6,1,5XXGN4A77EG2,17,499,2739,13,0,63,34,2014,4,1,4,0,1,F,2,1484,5,0,1,1,27,2,48,1,0,0,995,0,0,0,45238,1,2,0,4,4,2,2,1,1,2,3,2,0,0,3,1,0,0,3,0,1,3,51,99,1,1,2,D,24,0,0,0,0,0,0,0,0,0,0,285,285,0,0,0,1,1,27,-27,0,47989,998,0,28,0,1,2,5,0,4,0,995,9.8,998,998,998,99.8,99.8,99.8,905.5803078,5,7
24657,16,5,1-16-2022-005-06,6,2,2G61V5S31D91,17,469,1827,13,0,19,23,2013,4,1,4,0,1,B,1,1812,5,0,1,1,27,2,48,1,0,0,995,0,0,0,45205,9,9,0,4,4,2,2,1,1,2,3,2,0,0,3,1,0,0,1,0,1,3,53,99,1,1,2,D,25,0,0,0,0,0,0,0,0,0,0,285,285,0,0,0,1,1,23,23,0,34698,998,0,22,0,1,99,99,0,99,0,995,9.8,998,998,998,99.8,99.8,99.8,905.5803078,5,7
24658,14,4,1-14-2022-004-05,5,1,WBAKG7C50DJ4,17,452,1711,3,0,34,34,2013,2,1,3,0,1,T,2,1620,5,0,1,1,8,2,56,1,0,0,995,0,0,0,78133,9,1,0,4,2,1,2,1,2,4,0,2,0,0,2,1,0,0,9,1,14,2,12,99,1,4,1,B,6,1,4,2,2,5,4,31,1,1,16,997,997,0,1,0,2,6,999,999,999,9999999,999,999,999,7,0,1,2,0,4,2,997,0.0,999,999,999,17.5,9.0,18.9,270.3763069,8,7
24659,14,5,1-14-2022-005-04,4,1,2HGFG3A59CH5,17,474,1863,3,0,37,31,2012,2,1,2,0,1,F,3,1220,5,0,2,1,21,2,105,1,0,1,0,2,0,0,78070,1,2,2,4,4,2,2,1,1,2,3,2,0,0,1,1,0,0,3,0,1,3,50,2,1,1,2,D,20,0,0,0,0,0,0,0,0,0,0,270,270,0,0,0,1,3,72,-72,0,216883,998,-30,64,0,4,2,5,0,4,0,995,9.8,998,998,998,99.8,99.8,99.8,4594.861858,8,7
24659,14,5,1-14-2022-005-04,4,2,1C4RJFBM8JC4,17,483,1949,7,0,2,422,2018,15,3,15,0,1,B,3,2211,5,0,1,1,22,2,105,1,0,0,995,0,0,0,78070,1,2,2,4,4,2,2,1,1,2,3,2,0,0,1,1,0,0,1,0,5,3,53,1,1,1,2,D,21,0,0,0,0,0,0,0,0,0,0,270,270,0,0,0,1,3,42,42,0,216552,998,0,49,0,4,0,0,0,0,0,995,9.8,998,998,998,99.8,99.8,99.8,4594.861858,8,7
24662,27,3,1-27-2022-003-04,4,1,2C4RC1BG8MR5,17,477,3628,2,0,6,443,2021,20,4,20,0,1,F,1,2051,5,0,1,1,11,2,48,1,0,0,995,0,0,0,01247,9,9,0,4,2,1,2,1,3,1,0,0,0,0,3,1,0,0,9,1,14,2,13,3,2,4,1,A,1,0,0,0,0,0,0,0,0,0,0,998,998,0,0,2,1,10,999,999,999,9999999,999,-23,16,2,0,0,0,0,0,0,998,0.0,35,35,999,5.0,0.5,5.0,204.4118436,3,7
24663,27,4,1-27-2022-004-03,3,1,4S3GTAA67K37,17,523,2235,5,0,48,38,2019,5,1,3,0,1,F,2,1382,5,0,1,1,26,2,72,1,9,0,995,0,9,0,01201,1,2,0,4,2,1,2,1,2,2,1,2,0,0,3,1,0,0,9,1,14,2,13,3,1,4,1,A,1,0,0,0,0,0,0,0,0,0,0,998,998,0,0,2,2,10,999,999,999,9999999,999,-6,33,3,0,1,2,0,6,0,998,1.3,15,20,999,7.7,1.5,7.9,48.17066381,3,7
24664,24,6,1-24-2022-006-09,9,1,1FMPU16L23LA,17,460,1799,7,0,12,422,2003,15,3,15,0,1,F,1,2579,5,9999,9,4,19,3,56,1,0,0,995,0,0,0,08037,1,2,0,4,2,1,2,5,1,1,0,0,0,0,2,1,0,0,9,1,1,1,5,2,9,4,1,A,2,0,0,0,0,0,0,0,0,0,0,998,998,0,0,1,1,12,999,999,999,9999999,999,999,999,6,0,0,0,0,0,0,998,0.0,47,45,56,4.7,1.3,4.7,525.9108341,1,7
24665,32,7,1-32-2022-007-02,2,1,5TFAX5GN6JX1,17,448,2223,60,0,49,472,2018,34,5,31,0,1,F,3,1857,8,0,1,1,8,2,105,1,0,1,0,2,0,9,76131,1,9,1,3,1,1,2,1,3,1,1,2,0,0,2,1,0,0,9,1,14,2,11,7,2,4,1,C,11,0,0,0,0,0,0,0,0,0,0,115,115,0,1,0,1,5,999,999,999,9999999,999,999,46,4,0,2,12,0,3,0,995,9.8,998,998,998,99.8,99.8,99.8,88.13967607,7,7
24665,32,7,1-32-2022-007-02,2,2,3AKJHHDR0NSN,17,450,2501,66,0,82,881,2022,66,8,68,0,2,B,9,,,,,,,,,,,,,,,,,,,,,,,,,,,,,,,,,,,,,,,,,,,,,,,,,,,,,,,,,,,,,,,,,,,,,,,,95,95,95,95,,,,,,,,,,88.13967607,7,7
24666,73,5,1-73-2022-005-06,6,1,1J4GL48K26W2,17,483,1944,7,0,2,405,2006,14,3,14,0,1,F,9,1819,5,9999,9,4,58,2,89,1,8,0,995,0,7,0,04957,9,9,3,4,2,1,2,1,1,1,1,4,0,0,5,1,0,0,1,0,11,2,15,99,1,1,4,J,68,0,0,0,0,0,0,0,0,0,0,320,180,0,0,0,1,12,999,999,999,9999999,999,999,999,9,0,0,0,0,4,0,995,9.8,998,998,998,99.8,99.8,99.8,111.9691317,3,7
24666,73,5,1-73-2022-005-06,6,2,JTLZE4FE5DJ0,17,448,2210,7,0,67,31,2013,6,1,2,0,1,F,1,1373,5,0,1,1,55,2,89,1,8,0,995,0,7,0,04957,9,9,3,4,2,1,2,1,1,1,1,4,0,0,5,1,0,0,1,1,1,4,62,4,1,2,4,J,69,0,0,0,0,0,0,0,0,0,0,180,320,0,1,0,1,8,999,999,999,9999999,999,999,999,6,0,1,1,0,4,0,995,9.8,998,998,998,99.8,99.8,99.8,111.9691317,3,7
24667,73,6,1-73-2022-006-10,10,1,1N4AL11D86N4,17,478,1904,13,0,35,47,2006,4,1,4,0,1,F,1,1378,5,0,1,1,12,2,40,1,8,0,995,0,7,0,04937,9,9,2,4,2,1,2,4,1,1,1,2,0,0,1,1,8,2,1,1,10,1,6,99,2,2,4,K,80,0,0,0,0,0,0,0,0,0,0,5,195,0,0,0,1,5,999,999,999,9999999,999,999,999,6,0,0,0,0,0,0,995,9.8,998,998,998,99.8,99.8,99.8,1763.736959,3,7
24667,73,6,1-73-2022-006-10,10,2,999999999999,99,99999,99999,999,0,99,999,9999,99,10,99,99,1,9,9,,,,,,,8,40,1,9,0,995,0,9,0,99999,9,9,2,4,2,1,2,4,1,1,0,0,0,0,1,1,2,2,9,0,5,4,62,99,1,1,4,K,81,,,,,,,,,,,,,,,,,,,,,,,,,,,95,95,95,95,,,9.8,998,998,998,99.8,99.8,99.8,1763.736959,3,7