CASEID,PSU,CASENO,CASENUMBER,CATEGORY,VEHNO,VIN,VINLENGTH,VPICMAKE,VPICMODEL,VPICBODYCLASS,ICFINALBODY,MAKE,MODEL,MODELYR,BODYTYPE,BODYCAT,VEHCLASS,SPECUSE,TRANSTAT,DAMPLANE,DAMSEV,CURBWT,CURBSRC,CARGOWT,CARGOSRC,INSPTYPE,INSPLAG,TOWED,SPEEDLIMIT,DRPRESENT,PARALCOHOL,ALCTEST,ALCTESTRESULT,ALCTESTSRC,PARDRUG,DRUGTEST,ZIP,RACE,ETHNICITY,RELTOJUNCT,TRAFFLOW,RDLANES,INITLANE,SURFTYPE,SURFCOND,ALIGNMENT,PROFILE,LINERIGHT,LINELEFT,RUMBINIT,RUMBROAD,LIGHTCOND,WEATHER,TRAFDEV,TRAFFUNCT,DISTRACT,PREFHE,PREMOVE,CRITCAT,CRITEVENT,MANEUVER,PRESTAB,PRELOC,CRASHCAT,CRASHCONF,CRASHTYPE,ROLLTYPE,ROLLTURN,ROLLINTRPT,ROLLPREMAN,ROLLINITYP,ROLLINLOC,ROLLOBJ,ROLLTRIP,ROLLDIR,ROLLDIST,DVANGTHIS,DVANGOTH,TOWHITCH,TRAJDOC,TREEPOLE,DVEVENT,DVBASIS,DVTOTAL,DVLONG,DVLAT,DVENERGY,DVSPEED,DVMOMENT,DVBES,DVEST,DVCONF,VAIS,VISS,VINJURED,VTREAT,INITOBJCLASS,HEADANGLECAT,SHLDRWIDTH,STRKLENGTH,STRKWIDTH,STRKHEIGHT,EDGEDISTX,EDGEDISTY,EDGEDISTZ,CASEWGT,PSUSTRAT,VERSION
24668,31,4,1-31-2022-004-09,9,1,1GNDT13S9422,17,467,4548,7,0,20,403,2004,14,3,14,0,1,F,9,2115,5,9999,9,0,998,2,56,1,1,0,995,0,0,8,99999,9,9,0,4,2,1,2,1,2,1,0,4,0,0,2,1,0,0,9,1,14,2,12,99,1,4,1,B,6,0,0,0,0,0,0,0,0,0,0,998,998,0,0,3,1,0,999,999,999,9999999,999,999,999,9,0,99,99,0,99,0,998,0.0,12,12,24,47.2,16.0,49.6,203.8830239,6,7
24669,31,5,1-31-2022-005-10,10,1,1FALP6245TH1,17,460,2345,13,0,12,4,1996,2,1,4,0,1,R,1,1591,5,0,1,1,5,2,89,1,0,0,995,0,0,0,62806,9,9,3,4,2,1,2,1,1,1,0,0,0,0,1,1,0,0,9,1,6,4,61,99,1,2,4,J,73,0,0,0,0,0,0,0,0,0,0,130,110,0,0,0,1,3,8,-8,-3,6204,998,105,8,0,4,0,0,0,0,0,995,0.0,24,12,0,0.0,0.0,0.0,317.610847,6,7
24669,31,5,1-31-2022-005-10,10,2,5TFHY5F17MX9,17,448,2467,60,0,49,482,2021,34,5,31,0,1,L,1,2555,5,9999,9,0,998,5,89,1,0,0,995,0,0,0,62821,9,9,3,4,2,1,2,1,1,1,0,0,0,0,1,1,0,0,9,1,11,2,10,99,1,1,4,J,72,0,0,0,0,0,0,0,0,0,0,110,130,0,0,0,1,3,5,4,3,3131,998,58,5,0,4,95,95,95,95,0,995,9.8,998,998,998,99.8,99.8,99.8,317.610847,6,7
24670,12,5,1-12-2022-005-03,3,1,1N4AL3AP7DN4,17,478,1904,13,0,35,47,2013,4,1,4,0,1,F,1,1420,5,0,1,1,8,2,56,1,0,0,995,0,0,0,73401,9,1,0,4,4,2,2,1,1,1,3,2,0,0,1,1,0,0,1,0,1,3,50,2,1,1,2,D,20,0,0,0,0,0,0,0,0,0,0,350,350,0,0,0,1,1,19,-19,0,34005,998,-7,24,0,4,1,1,0,4,0,995,9.8,998,998,998,99.8,99.8,99.8,344.08721,9,7
24670,12,5,1-12-2022-005-03,3,2,2T3H1RFV3KC0,17,448,2217,7,0,49,402,2019,14,3,14,0,1,B,1,1528,5,0,1,1,8,2,56,1,0,0,995,0,0,0,73401,9,1,0,4,4,2,2,1,1,1,3,2,0,0,1,1,0,0,1,0,5,3,53,1,1,1,2,D,21,0,0,0,0,0,0,0,0,0,0,350,350,0,0,0,1,1,18,18,0,6920,998,0,11,0,4,1,2,0,4,0,995,9.8,998,998,998,99.8,99.8,99.8,344.08721,9,7
24670,12,5,1-12-2022-005-03,3,3,1GNEC16R7XJ3,17,467,1851,7,0,20,431,1999,16,3,16,0,1,B,9,2282,5,9999,9,0,998,5,56,1,0,0,995,0,0,0,73401,9,9,0,4,4,2,2,1,1,1,3,2,0,0,1,1,0,0,1,0,5,3,53,1,1,1,6,M,98,0,0,0,0,0,0,0,0,0,0,350,350,0,0,0,2,0,999,999,999,9999999,999,999,999,9,0,95,95,95,95,0,995,9.8,998,998,998,99.8,99.8,99.8,344.08721,9,7
24671,12,6,1-12-2022-006-03,3,1,ML32F4FJ2LHF,17,481,13842,13,0,52,48,2020,4,1,2,0,1,F,2,975,5,0,1,1,7,2,72,1,0,0,995,0,0,0,73401,9,9,2,1,3,2,2,1,1,1,1,1,0,0,1,8,1,2,1,0,1,2,17,2,1,1,5,L,86,0,0,0,0,0,0,0,0,0,0,170,250,0,0,0,1,1,28,-22,18,77698,998,103,33,0,1,1,1,0,6,0,995,9.8,998,998,998,99.8,99.8,99.8,344.08721,9,7
24671,12,6,1-12-2022-006-03,3,2,5YFBURHE4EP0,17,448,2208,13,0,49,32,2014,4,1,3,0,1,R,1,1290,5,0,1,1,6,2,56,1,0,0,995,0,0,0,73401,9,9,2,4,3,1,2,1,1,1,1,2,0,0,1,8,1,2,1,0,1,4,66,3,1,1,5,L,87,0,0,0,0,0,0,0,0,0,0,250,170,0,0,0,1,1,23,-12,-20,8874,998,-12,13,0,4,99,99,0,99,0,995,9.8,998,998,998,99.8,99.8,99.8,344.08721,9,7
24672,18,3,1-18-2022-003-03,3,1,1FVACWDT4DHB,17,450,2499,11,0,82,881,2013,62,8,60,0,1,R,9,,,,,,,2,105,1,0,0,995,0,0,0,55128,9,9,2,1,2,1,1,5,1,1,1,3,0,1,2,1,0,0,1,0,1,4,66,99,1,1,5,L,87,,,,,,,,,,,,,,,,,,,,,,,,,,,95,95,95,95,,,9.8,998,998,998,99.8,99.8,99.8,130.0162995,6,7
24672,18,3,1-18-2022-003-03,3,2,3C6UR5CJ1JG3,17,496,13621,60,0,7,482,2018,34,5,31,0,1,F,1,3005,5,0,1,1,23,2,72,1,0,0,995,0,0,0,54739,3,9,2,4,2,1,2,5,1,1,0,0,0,0,2,1,2,2,1,0,1,2,17,2,2,1,5,L,86,0,0,0,0,0,0,0,0,0,0,5,95,0,0,0,1,5,999,999,999,9999999,999,999,24,2,0,2,9,0,4,0,995,9.8,998,998,998,99.8,99.8,99.8,130.0162995,6,7
24674,33,1,1-33-2022-001-04,4,1,5XXGM4A76FG5,17,499,2739,13,0,63,34,2015,4,1,4,0,1,F,1,1468,5,9999,9,4,15,2,56,1,0,0,995,0,0,0,95938,1,9,0,4,2,1,2,1,1,1,1,2,0,0,1,1,0,0,1,0,1,3,50,2,9,1,2,D,20,0,0,0,0,0,0,0,0,0,0,60,60,0,0,0,1,3,11,-11,0,6983,998,0,11,0,4,0,0,0,0,0,995,9.8,998,998,998,99.8,99.8,99.8,305.8306541,12,7
24674,33,1,1-33-2022-001-04,4,2,KMHL34J27NA1,17,498,2459,13,0,55,33,2022,4,1,4,0,1,B,1,1544,8,0,1,1,14,2,56,1,0,0,995,0,0,0,95938,1,2,0,4,2,1,2,1,1,1,1,2,0,0,1,1,0,0,1,0,5,3,53,1,1,1,2,D,21,0,0,0,0,0,0,0,0,0,0,60,60,0,0,0,1,3,11,11,0,7925,998,-6,11,0,4,0,0,0,0,0,995,9.8,998,998,998,99.8,99.8,99.8,305.8306541,12,7
24676,20,7,1-20-2022-007-08,8,1,2T1CF22P43C6,17,448,2803,3,0,49,44,2003,2,1,3,0,1,L,9,1423,5,9999,9,0,998,2,105,1,1,8,997,8,0,0,93906,9,9,2,2,3,2,1,1,1,9,3,1,0,2,2,8,0,0,3,1,5,2,19,1,1,2,2,F,48,0,0,0,0,0,0,0,0,0,0,30,105,0,0,0,1,0,999,999,999,9999999,999,999,999,9,0,1,1,0,8,0,995,9.8,998,998,998,99.8,99.8,99.8,38.68429916,11,7
24676,20,7,1-20-2022-007-08,8,2,5GZCZ63B22S8,17,1056,4595,7,0,24,401,2002,14,3,14,0,1,F,9,1578,5,9999,9,0,998,2,105,1,1,8,997,8,9,0,93930,9,1,2,2,3,2,1,1,1,9,1,3,0,3,2,8,0,0,1,0,1,3,50,3,1,1,2,F,48,0,0,0,0,0,0,0,0,0,0,105,30,0,0,0,1,0,999,999,999,9999999,999,999,999,9,0,2,4,0,4,0,995,9.8,998,998,998,99.8,99.8,99.8,38.68429916,11,7
24677,20,8,1-20-2022-008-07,7,1,JN8AS5MT6DW5,17,478,1913,8,0,35,51,2013,6,1,3,0,1,F,1,1495,4,0,1,1,13,7,72,1,0,0,995,0,0,0,93907,1,9,2,4,2,1,2,1,1,1,1,2,0,0,4,1,0,0,1,0,1,3,50,3,1,1,2,D,20,0,0,0,0,0,0,0,0,0,0,255,265,0,0,0,1,3,13,-13,0,10052,998,53,12,0,4,0,0,0,0,0,995,9.8,998,998,998,99.8,99.8,99.8,126.2712498,11,7
24677,20,8,1-20-2022-008-07,7,2,1GCDL19W81B1,17,467,8882,95,0,20,441,2001,20,4,20,0,1,B,1,2115,5,9999,9,0,998,5,72,1,0,0,995,0,0,0,93907,9,9,2,4,2,1,2,1,1,1,1,2,0,0,4,1,0,0,1,0,5,3,53,1,1,1,2,D,21,0,0,0,0,0,0,0,0,0,0,265,255,0,0,0,1,3,9,9,-2,8710,998,47,10,0,4,95,95,95,95,0,995,9.8,998,998,998,99.8,99.8,99.8,126.2712498,11,7
24678,20,9,1-20-2022-009-09,9,1,1GCEC19R9XR1,17,467,10978,60,0,20,481,1999,34,5,31,0,1,R,1,1995,5,91,1,1,11,2,56,1,0,0,995,0,0,0,93901,1,9,2,4,4,2,2,1,1,1,3,2,0,0,3,1,1,2,1,0,11,2,15,9,1,1,4,J,68,1,1,2,5,7,1,2,2,2,9,190,70,0,0,0,1,3,20,-7,-19,53814,998,54,24,0,4,99,99,0,99,1,995,9.8,998,998,998,99.8,99.8,99.8,100.2831706,11,7
24678,20,9,1-20-2022-009-09,9,2,1GKDM19W5XB5,17,472,8879,9,0,23,441,1999,20,4,20,0,1,F,1,1983,5,9999,9,0,998,2,56,1,0,0,995,0,0,0,93906,9,1,2,4,4,1,2,1,1,1,0,3,0,0,3,1,1,2,1,0,1,4,62,7,1,1,4,J,69,0,0,0,0,0,0,0,0,0,0,70,190,0,0,0,1,3,21,-21,-4,22446,998,-38,16,0,4,1,1,0,99,0,995,9.8,998,998,998,99.8,99.8,99.8,100.2831706,11,7
24678,20,9,1-20-2022-009-09,9,3,2HKRW5H38JH4,17,474,1865,7,0,37,402,2018,14,3,14,0,1,F,9,1502,5,9999,9,0,998,5,48,1,0,0,995,0,0,0,30041,9,9,2,4,3,2,2,1,1,1,1,2,0,0,3,1,1,2,3,0,5,4,66,1,1,1,6,M,98,0,0,0,0,0,0,0,0,0,0,996,996,0,0,0,3,0,999,999,999,9999999,999,999,999,9,0,95,95,95,95,0,996,9.8,998,998,998,99.8,99.8,99.8,100.2831706,11,7
24679,26,5,1-26-2022-005-05,5,1,KNDMB5C15G61,17,499,2740,2,0,63,441,2016,20,4,20,1,1,F,3,2002,5,9999,9,4,47,2,105,1,0,1,0,2,0,1,95816,1,9,1,2,5,2,2,1,1,9,3,3,0,0,3,1,0,0,2,1,15,3,50,1,1,2,2,D,20,0,0,0,0,0,0,0,0,0,0,195,185,0,0,0,1,5,999,999,999,9999999,999,999,999,8,0,2,12,0,3,0,995,9.8,998,998,998,99.8,99.8,99.8,97.17160921,10,7
24679,26,5,1-26-2022-005-05,5,2,1XPCD40X7JD4,17,495,2788,66,0,87,881,2018,66,8,68,0,1,B,9,,,,,,,5,105,1,0,0,995,0,0,0,95757,9,9,1,2,5,2,2,1,1,9,3,3,0,0,3,1,0,0,1,0,5,3,53,1,1,1,2,D,21,,,,,,,,,,,,,,,,,,,,,,,,,,,95,95,95,95,,,9.8,998,998,998,99.8,99.8,99.8,97.17160921,10,7
24679,26,5,1-26-2022-005-05,5,3,15GGD2718F11,17,554,2867,16,0,92,988,2015,52,7,58,3,1,F,9,,,,,,,2,105,1,0,0,995,0,0,0,95823,9,9,1,2,5,1,2,1,1,9,1,3,0,0,3,1,0,0,1,0,1,4,60,2,1,1,6,M,98,,,,,,,,,,,,,,,,,,,,,,,,,,,95,95,95,95,,,9.8,998,998,998,99.8,99.8,99.8,97.17160921,10,7
24680,26,6,1-26-2022-006-03,3,1,2FMGK5CC9BBD,17,460,1802,7,0,12,25,2011,6,1,5,0,1,F,2,2027,5,9999,9,4,39,2,64,1,0,0,995,0,0,0,95832,9,1,2,1,4,2,2,1,1,1,1,3,0,0,1,1,1,2,9,0,1,2,17,99,1,1,5,L,86,0,0,0,0,0,0,0,0,0,0,160,255,0,0,0,1,12,999,999,999,9999999,999,999,999,7,0,99,99,0,99,0,995,9.8,998,998,998,99.8,99.8,99.8,491.9741284,10,7
24680,26,6,1-26-2022-006-03,3,2,5XXGT4L34JG2,17,499,2739,13,0,63,34,2018,4,1,4,0,1,R,2,1463,5,9999,9,4,39,2,40,1,0,0,995,0,0,0,95823,9,1,2,4,3,1,2,1,1,1,0,1,0,0,1,1,1,2,1,0,1,4,66,99,1,1,5,L,87,0,0,0,0,0,0,0,0,0,0,255,160,0,0,0,1,12,999,999,999,9999999,999,999,999,7,0,99,99,0,0,0,995,9.8,998,998,998,99.8,99.8,99.8,491.9741284,10,7
24682,21,3,1-21-2022-003-09,9,1,1YVHP80D545N,17,473,2078,13,0,41,50,2004,4,1,3,0,1,F,3,1384,5,0,1,1,18,2,56,1,9,1,0,2,0,2,92405,9,9,1,1,2,2,2,1,1,1,0,1,0,0,1,1,1,2,9,0,1,2,17,1,1,1,4,K,83,0,0,0,0,0,0,0,0,0,0,175,60,0,0,0,1,3,40,-37,-14,75417,998,-83,31,0,4,2,9,0,3,0,995,9.8,998,998,998,99.8,99.8,99.8,4231.942815,11,7
24682,21,3,1-21-2022-003-09,9,2,3GKEC16T7YG1,17,472,4579,7,0,23,431,2000,16,3,16,0,1,L,2,2163,4,9999,9,0,998,5,56,1,0,0,995,0,0,0,92407,9,9,1,3,2,2,2,1,1,1,1,2,0,0,1,1,1,2,9,0,11,4,66,1,1,1,4,K,82,0,0,0,0,0,0,0,0,0,0,60,175,0,0,0,1,3,27,-21,17,121924,998,-82,34,0,4,95,95,95,95,0,995,9.8,998,998,998,99.8,99.8,99.8,4231.942815,11,7
24683,18,5,1-18-2022-005-07,7,1,1C6RR7FTXFS7,17,496,13620,60,0,7,482,2015,34,5,31,0,1,F,9,2336,5,9999,9,0,998,2,113,1,0,0,995,0,0,0,60620,2,9,0,2,2,2,1,5,1,9,3,1,1,3,1,4,0,0,1,1,1,1,5,99,4,4,1,B,7,0,0,0,0,0,0,0,0,0,0,998,998,0,0,0,99,0,999,999,999,9999999,999,999,999,9,0,0,0,0,0,0,998,1.8,999,999,999,12.4,0.4,12.9,994.9158707,6,7
24687,30,4,1-30-2022-004-04,4,1,5YFHPMAE7MP1,17,448,2208,13,0,49,32,2021,4,1,3,0,1,F,9,1315,5,9999,9,0,998,2,89,1,0,0,995,0,0,0,85281,9,9,0,2,5,1,2,1,1,1,1,3,0,0,3,1,0,0,1,0,1,3,50,99,1,1,2,D,20,0,0,0,0,0,0,0,0,0,0,270,270,0,0,0,1,0,999,999,999,9999999,999,999,999,9,0,0,0,0,0,0,995,9.8,998,998,998,99.8,99.8,99.8,906.6104756,10,7
24687,30,4,1-30-2022-004-04,4,2,1C4NJPBA8ED6,17,483,1947,7,0,2,407,2014,14,3,14,0,1,B,9,1428,5,9999,9,0,998,5,89,1,0,0,995,0,0,0,85048,9,9,0,2,5,1,2,1,1,1,1,3,0,0,3,1,0,0,1,0,5,3,53,1,1,1,2,D,21,0,0,0,0,0,0,0,0,0,0,270,270,0,0,0,1,0,999,999,999,9999999,999,999,999,9,0,95,95,95,95,0,995,9.8,998,998,998,99.8,99.8,99.8,906.6104756,10,7
24687,30,4,1-30-2022-004-04,4,3,999999999999,99,99999,99999,999,0,99,999,9999,99,10,99,99,1,B,9,,,,,,,5,89,1,0,0,995,0,0,0,99999,9,9,0,2,5,1,2,1,1,1,1,3,0,0,3,1,0,0,9,0,99,9,99,99,9,9,6,M,98,,,,,,,,,,,,,,,,,,,,,,,,,,,95,95,95,95,,,9.8,998,998,998,99.8,99.8,99.8,906.6104756,10,7
24688,30,5,1-30-2022-005-04,4,1,5NPD84LF6JH3,17,498,2735,13,0,55,35,2018,4,1,3,0,1,F,1,1335,5,0,1,1,31,2,105,1,0,0,995,0,0,0,85027,1,2,0,4,4,1,2,1,1,9,1,1,0,0,3,8,0,0,1,0,1,6,87,1,1,1,1,C,13,0,0,0,0,0,0,0,0,0,0,998,998,0,0,0,1,10,999,999,999,9999999,999,30,12,2,0,1,3,0,6,0,998,9.8,998,998,998,99.8,99.8,99.8,906.6104756,10,7
24689,30,6,1-30-2022-006-04,4,1,5TFCZ5AN8LX2,17,448,2223,60,0,49,472,2020,34,5,31,0,1,F,3,2032,5,0,1,1,28,2,72,1,0,0,995,0,0,0,85213,9,9,2,1,4,2,2,1,1,1,1,1,0,0,1,1,1,2,1,1,1,4,63,3,1,2,1,C,12,0,0,0,0,0,0,0,0,0,0,998,998,0,0,6,1,10,999,999,999,9999999,999,0,61,5,0,0,0,0,0,0,998,9.7,30,25,60,1.0,2.0,1.0,906.6104756,10,7
24690,76,6,1-76-2022-006-09,9,1,JTMBK35V8950,17,448,2217,7,0,49,402,2009,14,3,14,0,1,F,2,1658,5,0,1,1,34,2,89,1,8,9,998,8,1,9,12463,9,9,0,4,2,1,2,1,1,4,1,2,0,0,1,8,0,0,3,1,1,2,13,99,1,4,1,A,1,0,0,0,0,0,0,0,0,0,0,998,998,0,1,1,2,1,28,-28,0,62989,998,-58,28,0,1,0,0,0,4,0,998,0.7,120,19,21,23.7,6.5,24.5,24.70295421,3,7
24693,17,6,1-17-2022-006-04,4,1,2GCEC19V7112,17,467,1850,60,0,20,481,2001,34,5,31,0,1,F,1,1980,5,0,1,1,13,2,89,1,9,0,995,0,9,0,61275,1,2,0,1,2,1,2,1,2,1,1,3,2,3,1,1,0,0,1,1,6,2,10,1,9,2,2,E,34,0,0,0,0,0,0,0,0,0,0,60,60,0,0,0,1,3,15,-15,0,21930,998,-76,15,0,4,0,0,0,0,0,995,9.8,998,998,998,99.8,99.8,99.8,178.0678025,4,7
24693,17,6,1-17-2022-006-04,4,2,2C3CDXAG7LH1,17,476,1895,13,0,7,24,2020,4,1,5,5,1,B,1,1785,5,0,1,1,13,2,89,1,9,0,995,0,9,0,61042,1,2,0,1,2,2,2,1,2,1,3,2,1,3,1,1,0,0,1,0,14,4,60,1,1,1,2,E,35,0,0,0,0,0,0,0,0,0,0,60,60,0,0,0,1,3,15,15,0,21070,998,-80,15,0,4,0,0,0,0,0,995,9.8,998,998,998,99.8,99.8,99.8,178.0678025,4,7
24694,32,8,1-32-2022-008-10,10,1,1GCRKSE3XBZ3,17,467,1850,60,0,20,481,2011,34,5,31,0,1,R,2,2408,5,0,1,1,14,2,72,1,0,0,995,0,0,0,75051,1,1,2,4,3,1,1,1,1,1,1,2,0,0,3,1,2,2,9,0,1,2,17,1,1,1,5,L,87,0,0,0,0,0,0,0,0,0,0,80,350,0,0,0,1,1,26,-4,-25,53074,998,192,16,0,1,0,0,0,0,0,995,0.0,32,32,112,5.1,1.7,5.4,19684.67158,7,7
24694,32,8,1-32-2022-008-10,10,2,1G11F5SL4FF2,17,467,1834,13,0,20,37,2015,4,1,3,0,1,F,2,1625,5,0,1,1,14,2,72,1,0,0,995,0,0,0,75051,9,1,2,5,7,2,1,1,1,1,3,3,0,0,3,1,0,0,9,0,1,4,66,2,1,1,5,L,86,0,0,0,0,0,0,0,0,0,0,350,80,0,0,0,1,1,38,-37,7,191357,998,33,53,0,1,0,0,0,0,0,995,9.8,998,998,998,99.8,99.8,99.8,19684.67158,7,7
24695,76,7,1-76-2022-007-10,10,1,1FMSU43F12ED,17,460,2370,7,0,12,423,2002,16,3,16,0,1,F,1,3487,5,9999,9,4,52,2,89,1,8,9,998,8,7,9,11572,9,9,0,4,3,1,2,3,1,2,1,3,0,0,2,4,0,0,9,1,1,1,5,99,2,4,1,B,7,0,0,0,0,0,0,0,0,0,0,998,998,0,0,0,1,12,999,999,999,9999999,999,999,999,6,0,0,0,0,0,0,998,1.8,999,999,999,8.8,10.4,13.6,98.49742333,3,7
24696,20,10,1-20-2022-010-10,10,1,1HGCM56777A0,17,474,1861,13,0,37,32,2007,4,1,3,0,1,F,1,1440,5,0,1,1,21,2,40,1,1,1,110,1,0,9,93955,1,2,2,4,2,1,2,2,1,2,0,0,0,0,3,2,2,2,2,0,1,2,17,99,1,1,5,L,88,0,0,0,0,0,0,0,0,0,0,170,80,0,0,0,1,3,17,-17,-3,11614,998,-43,14,0,4,0,0,0,0,0,995,9.8,998,998,998,99.8,99.8,99.8,635.3536002,11,7
24696,20,10,1-20-2022-010-10,10,2,4JGED6EB7GA0,17,449,5886,7,0,42,404,2016,14,3,14,0,1,L,1,2180,5,9999,9,0,998,5,40,1,0,0,995,0,0,0,93955,9,9,2,4,2,1,2,2,1,1,0,0,0,0,3,2,0,0,1,0,1,4,66,99,1,1,5,L,89,0,0,0,0,0,0,0,0,0,0,80,170,0,0,0,1,3,12,-2,12,18776,998,-24,15,0,4,95,95,95,95,0,995,9.8,998,998,998,99.8,99.8,99.8,635.3536002,11,7
24703,77,5,1-77-2022-005-05,5,1,2T3DFREV3EW2,17,448,2217,7,0,49,402,2014,14,3,14,0,1,L,9,1600,5,9999,9,0,998,5,56,1,0,0,995,0,0,0,22935,9,9,3,4,2,1,2,1,1,1,1,1,0,0,1,1,0,0,1,0,10,2,16,99,1,1,4,K,78,0,0,0,0,0,0,0,0,0,0,105,180,0,0,0,1,0,999,999,999,9999999,999,999,999,9,0,95,95,95,95,0,995,9.8,998,998,998,99.8,99.8,99.8,140.982131,9,7
24703,77,5,1-77-2022-005-05,5,2,2T1BU4EEXDC9,17,448,2208,13,0,49,32,2013,4,1,2,0,1,F,1,1260,5,0,1,1,11,2,56,1,0,0,995,0,0,0,22901,9,9,3,1,5,4,2,1,1,1,1,1,0,0,1,1,0,0,1,1,1,4,70,98,1,2,4,K,79,0,0,0,0,0,0,0,0,0,0,180,105,0,0,0,1,12,999,999,999,9999999,999,999,999,6,0,1,1,0,4,0,995,9.8,998,998,998,99.8,99.8,99.8,140.982131,9,7
24704,77,6,1-77-2022-006-05,5,1,1FTFW1EF7EKD,17,460,1801,60,0,12,481,2014,34,5,31,0,1,F,1,2574,5,0,1,1,13,2,40,1,1,1,186,1,0,0,22963,9,9,2,4,3,1,2,1,1,1,0,2,0,0,3,1,1,2,1,1,10,2,16,4,1,2,4,K,80,0,0,0,0,0,0,0,0,0,0,200,30,0,0,0,1,5,999,999,999,9999999,999,999,21,2,0,9,97,0,99,0,995,9.8,998,998,998,99.8,99.8,99.8,140.982131,9,7
24704,77,6,1-77-2022-006-05,5,2,1FTWW31P75EA,17,460,1806,60,0,12,880,2005,67,8,60,0,1,F,9,,,,,,,9,40,1,0,0,995,0,0,0,24590,9,9,2,4,3,2,2,1,1,1,1,2,0,0,3,1,1,2,1,0,1,4,67,1,1,1,4,K,81,,,,,,,,,,,,,,,,,,,,,,,,,,,95,95,95,95,,,9.8,998,998,998,99.8,99.8,99.8,140.982131,9,7
24705,59,6,1-59-2022-006-03,3,1,1FTWW33PX5EC,17,460,1806,60,0,12,880,2005,67,8,60,0,1,F,9,,,,,,,5,48,1,8,0,995,0,7,0,47803,9,9,2,4,3,1,2,2,1,1,1,1,0,0,1,4,1,2,9,0,1,2,17,99,9,1,5,L,86,,,,,,,,,,,,,,,,,,,,,,,,,,,95,95,95,95,,,9.8,998,998,998,99.8,99.8,99.8,1205.549321,6,7
24705,59,6,1-59-2022-006-03,3,2,5N1AT2MV0JC7,17,478,1913,8,0,35,51,2018,6,1,3,0,1,R,1,1550,5,0,1,1,5,2,48,1,8,0,995,0,7,0,47874,1,9,2,4,3,1,2,2,1,1,0,1,0,0,1,4,1,2,9,0,1,4,66,3,1,1,5,L,87,0,0,0,0,0,0,0,0,0,0,5,265,0,0,0,1,5,999,999,999,9999999,999,999,10,2,0,0,0,0,4,0,995,9.8,998,998,998,99.8,99.8,99.8,1205.549321,6,7
24706,12,7,1-12-2022-007-04,4,1,3KPC24A33KE0,17,498,2773,13,0,55,36,2019,4,1,2,0,1,F,1,1218,5,0,1,1,7,2,89,1,0,0,995,0,0,0,73401,1,2,0,2,2,1,2,1,1,1,1,3,2,3,1,1,0,0,3,0,1,3,51,2,1,1,2,D,24,0,0,0,0,0,0,0,0,0,0,265,265,0,0,0,1,3,20,-20,0,14516,998,-22,17,0,4,1,1,0,0,0,995,9.8,998,998,998,99.8,99.8,99.8,287.7678973,9,7
24706,12,7,1-12-2022-007-04,4,2,3C6MR5AL2GG1,17,496,13621,60,0,7,482,2016,34,5,31,0,1,B,1,2872,5,9999,9,0,998,5,89,1,0,0,995,0,0,0,73401,9,9,0,2,2,1,2,1,1,1,1,3,2,3,1,1,0,0,1,0,1,3,53,99,1,1,2,D,25,0,0,0,0,0,0,0,0,0,0,265,265,0,0,0,1,3,9,9,0,16598,998,0,12,0,4,95,95,95,95,0,995,9.8,998,998,998,99.8,99.8,99.8,287.7678973,9,7
24707,12,8,1-12-2022-008-09,9,1,2C4RC1BG6CR2,17,477,1936,2,0,6,441,2012,20,4,20,0,1,T,2,2115,5,0,1,1,47,2,72,1,0,0,995,0,0,0,73401,9,9,0,4,2,1,2,1,1,1,0,0,0,0,2,1,0,0,9,1,1,6,87,7,3,4,1,B,8,1,4,1,2,1,4,61,1,2,25,997,997,0,0,0,1,6,999,999,999,9999999,999,999,999,7,0,9,97,0,0,3,997,0.0,120,2,120,19.0,5.5,19.8,453.1626508,9,7
24708,22,1,1-22-2022-001-06,6,1,3C4PDDFG7GT2,17,476,1939,7,0,7,27,2016,6,1,4,0,1,L,1,1926,5,9999,9,1,14,2,40,1,0,0,995,0,0,0,83501,9,9,2,3,1,1,2,1,1,1,0,0,0,0,1,1,2,2,1,0,11,2,15,99,1,1,4,K,82,0,0,0,0,0,0,0,0,0,0,180,280,0,0,0,1,3,8,-3,8,14260,998,-196,8,0,4,0,0,0,8,0,995,9.8,998,998,998,99.8,99.8,99.8,64.70837506,12,7
24708,22,1,1-22-2022-001-06,6,2,1GCEK19T8YZ1,17,467,1850,60,0,20,481,2000,34,5,31,0,1,F,1,2105,5,9999,9,4,21,2,56,1,0,0,995,0,0,0,83501,9,9,2,4,4,2,2,1,1,1,3,2,0,0,1,1,0,0,1,0,1,4,67,99,1,1,4,K,83,0,0,0,0,0,0,0,0,0,0,280,180,0,0,0,1,3,8,-7,-1,5656,998,-46,8,0,4,0,0,0,0,0,995,9.8,998,998,998,99.8,99.8,99.8,64.70837506,12,7
24709,17,7,1-17-2022-007-09,9,1,2G1WK15K8791,17,467,4773,3,0,20,36,2007,2,1,4,0,1,F,2,1530,5,0,1,1,7,2,48,1,9,0,995,0,9,0,61443,9,9,2,4,3,2,2,1,2,1,1,2,0,0,3,1,1,2,9,0,11,2,15,2,1,1,4,J,68,0,0,0,0,0,0,0,0,0,0,350,210,0,0,0,1,3,35,-33,-12,111665,998,-73,38,0,4,0,0,0,0,0,995,9.8,998,998,998,99.8,99.8,99.8,370.9365556,4,7