CASEID,PSU,CASENO,CASENUMBER,CATEGORY,VEHNO,VIN,VINLENGTH,VPICMAKE,VPICMODEL,VPICBODYCLASS,ICFINALBODY,MAKE,MODEL,MODELYR,BODYTYPE,BODYCAT,VEHCLASS,SPECUSE,TRANSTAT,DAMPLANE,DAMSEV,CURBWT,CURBSRC,CARGOWT,CARGOSRC,INSPTYPE,INSPLAG,TOWED,SPEEDLIMIT,DRPRESENT,PARALCOHOL,ALCTEST,ALCTESTRESULT,ALCTESTSRC,PARDRUG,DRUGTEST,ZIP,RACE,ETHNICITY,RELTOJUNCT,TRAFFLOW,RDLANES,INITLANE,SURFTYPE,SURFCOND,ALIGNMENT,PROFILE,LINERIGHT,LINELEFT,RUMBINIT,RUMBROAD,LIGHTCOND,WEATHER,TRAFDEV,TRAFFUNCT,DISTRACT,PREFHE,PREMOVE,CRITCAT,CRITEVENT,MANEUVER,PRESTAB,PRELOC,CRASHCAT,CRASHCONF,CRASHTYPE,ROLLTYPE,ROLLTURN,ROLLINTRPT,ROLLPREMAN,ROLLINITYP,ROLLINLOC,ROLLOBJ,ROLLTRIP,ROLLDIR,ROLLDIST,DVANGTHIS,DVANGOTH,TOWHITCH,TRAJDOC,TREEPOLE,DVEVENT,DVBASIS,DVTOTAL,DVLONG,DVLAT,DVENERGY,DVSPEED,DVMOMENT,DVBES,DVEST,DVCONF,VAIS,VISS,VINJURED,VTREAT,INITOBJCLASS,HEADANGLECAT,SHLDRWIDTH,STRKLENGTH,STRKWIDTH,STRKHEIGHT,EDGEDISTX,EDGEDISTY,EDGEDISTZ,CASEWGT,PSUSTRAT,VERSION
24748,32,11,1-32-2022-011-02,2,1,1N4AL3AP0JC2,17,478,1904,13,0,35,47,2018,4,1,4,0,1,F,2,1453,5,9999,9,4,36,2,72,1,0,1,189,2,0,2,75227,2,2,0,1,3,1,1,1,1,2,0,3,0,0,2,1,0,0,9,1,1,2,13,1,1,4,1,A,1,0,0,0,0,0,0,0,0,0,0,998,998,0,0,6,3,10,999,999,999,9999999,999,999,999,7,0,3,19,1,3,0,998,0.0,40,40,95,19.0,2.4,19.2,42.78060376,7,7
24748,32,11,1-32-2022-011-02,2,2,1FTDX1723WKA,17,460,1801,60,0,12,481,1998,34,5,31,0,2,B,9,1857,5,9999,9,0,998,,,,,,,,,,,,,,,,,,,,,,,,,,,,,,,,,,,,,,,,,,,,,,,,,,,,,,,,,,,,,,,,,,95,95,95,95,,,,,,,,,,42.78060376,7,7
24749,27,5,1-27-2022-005-06,6,1,KMHDH4AE7DU5,17,498,2735,13,0,55,35,2013,4,1,3,0,1,F,1,1265,5,0,1,1,8,2,56,1,8,0,995,0,7,0,01247,1,2,2,4,3,2,2,1,1,1,1,2,0,0,5,1,1,2,1,0,1,4,66,99,1,1,5,L,88,0,0,0,0,0,0,0,0,0,0,35,275,0,0,0,1,3,16,-16,3,9193,998,0,13,0,4,1,1,0,4,0,995,9.8,998,998,998,99.8,99.8,99.8,117.9476229,3,7
24749,27,5,1-27-2022-005-06,6,2,JTEES41A6820,17,448,2213,7,0,49,403,2008,14,3,14,0,1,L,1,1896,5,9999,9,0,998,5,56,1,8,9,998,8,7,9,01267,9,9,2,4,2,1,2,1,1,1,1,2,0,0,5,1,1,2,1,0,1,2,17,99,1,1,5,L,89,0,0,0,0,0,0,0,0,0,0,275,35,0,0,0,1,3,11,-4,11,14862,998,-45,14,0,4,95,95,95,95,0,995,9.8,998,998,998,99.8,99.8,99.8,117.9476229,3,7
24750,27,6,1-27-2022-006-03,3,1,5TDGZRBH6MS5,17,448,2213,7,0,49,403,2021,14,3,14,0,1,B,1,1950,5,0,1,1,10,2,48,1,0,0,995,0,0,0,01238,1,2,2,4,3,1,2,1,1,1,1,1,0,0,1,1,1,2,1,0,5,3,53,1,1,1,2,D,21,0,0,0,0,0,0,0,0,0,0,295,295,0,0,0,1,3,11,11,0,9278,998,0,11,0,4,2,6,0,4,0,995,9.8,998,998,998,99.8,99.8,99.8,51.80076694,3,7
24750,27,6,1-27-2022-006-03,3,2,1FMCU9HD2KUA,17,460,1798,7,0,12,402,2019,14,3,14,0,1,F,1,1668,5,9999,9,4,16,5,48,1,0,0,995,0,0,0,11434,9,9,2,4,3,1,2,1,1,1,1,1,0,0,1,1,1,2,9,0,1,3,50,99,9,1,2,D,20,0,0,0,0,0,0,0,0,0,0,295,295,0,0,0,1,3,13,-13,0,10767,998,0,13,0,4,95,95,95,95,0,995,9.8,998,998,998,99.8,99.8,99.8,51.80076694,3,7
24751,20,11,1-20-2022-011-06,6,1,1FA6P8CF2H52,17,460,1781,3,0,12,3,2017,2,1,3,0,1,F,3,1681,5,0,1,1,22,2,89,1,0,0,995,0,0,0,93927,9,1,3,5,3,1,2,1,1,1,0,0,0,0,1,1,0,0,1,1,11,1,6,8,2,4,1,A,2,0,0,0,0,0,0,0,0,0,0,998,998,0,0,0,1,12,999,999,999,9999999,999,999,999,8,0,1,1,0,5,0,998,9.8,998,998,998,99.8,99.8,99.8,128.2931034,11,7
24752,20,12,1-20-2022-012-04,4,1,JM1BL1VPXD17,17,473,2074,13,0,41,51,2013,4,1,2,0,1,F,2,1378,5,0,1,1,17,2,105,1,1,8,997,8,0,0,93955,1,9,0,2,3,3,2,1,2,9,3,2,1,1,2,1,0,0,9,0,14,3,52,99,1,1,2,D,28,0,0,0,0,0,0,0,0,0,0,0,10,0,0,0,1,1,25,-25,0,34891,998,0,25,0,4,99,99,0,8,0,995,9.8,998,998,998,99.8,99.8,99.8,257.0930975,11,7
24752,20,12,1-20-2022-012-04,4,2,2FMPK3K93KBB,17,460,1797,7,0,12,424,2019,15,3,15,0,1,B,1,1800,5,0,1,1,13,2,105,1,0,0,995,0,0,0,93955,1,2,0,2,3,3,2,1,2,9,3,2,1,1,2,1,0,0,1,0,2,3,53,1,1,1,2,D,29,0,0,0,0,0,0,0,0,0,0,10,0,0,0,0,1,1,20,19,-3,32276,998,45,20,0,3,0,0,0,0,0,995,9.8,998,998,998,99.8,99.8,99.8,257.0930975,11,7
24753,20,13,1-20-2022-013-05,5,1,1FM5K7D8XDGB,17,460,1800,7,0,12,401,2013,14,3,14,0,1,U,2,2067,5,0,1,1,25,2,105,1,1,8,997,8,9,9,93907,1,9,0,2,2,98,2,1,1,9,2,1,2,3,2,1,0,0,9,1,98,2,13,99,1,4,1,A,1,0,0,0,0,0,0,0,0,0,0,998,998,0,0,0,2,7,999,999,999,9999999,999,999,999,7,0,1,1,0,8,0,998,1.6,85,15,15,52.0,3.8,52.1,36.55171549,11,7
24754,20,14,1-20-2022-014-08,8,1,2HGES26784H5,17,474,1863,13,0,37,31,2004,4,1,2,0,1,F,2,1163,5,0,1,1,15,2,56,1,9,9,998,8,9,9,93933,2,9,2,1,3,1,2,1,2,1,3,1,0,0,1,1,0,0,9,1,14,2,12,99,1,4,1,B,6,0,0,0,0,0,0,0,0,0,0,998,998,0,0,1,2,1,30,-30,0,43869,998,-4,30,0,4,9,97,0,8,0,998,0.0,45,16,12,0.0,0.0,0.0,49.69739418,11,7
24755,21,4,1-21-2022-004-03,3,1,1N6AD0ER1BC4,17,478,1919,60,0,35,472,2011,34,5,31,0,1,T,2,1970,5,9999,9,4,48,2,113,1,1,1,219,2,0,9,92805,9,9,0,1,3,3,2,1,1,1,3,2,1,3,2,1,0,0,9,1,15,2,11,1,1,2,2,D,32,1,8,2,5,1,1,61,1,1,47,997,997,0,0,0,4,6,999,999,999,9999999,999,999,999,7,0,4,20,1,3,3,997,9.8,998,998,998,99.8,99.8,99.8,324.2775733,11,7
24755,21,4,1-21-2022-004-03,3,2,2C4RC1AG4JR1,17,477,3628,2,0,6,443,2018,20,4,20,0,1,B,1,1964,5,9999,9,4,48,2,113,1,0,0,995,0,0,0,92128,1,9,0,1,3,2,2,1,1,1,3,3,0,3,2,1,0,0,1,0,1,4,60,1,1,1,2,D,32,1,3,1,2,1,4,61,1,2,999,230,245,0,0,0,1,98,999,999,999,9999999,999,999,999,6,0,1,1,0,99,3,995,3.8,999,999,999,45.3,16.2,48.0,324.2775733,11,7
24756,21,5,1-21-2022-005-04,4,1,1FADP3FE7JL2,17,460,1779,13,0,12,37,2018,4,1,3,0,1,F,2,1340,5,0,1,1,29,2,40,1,0,0,995,0,0,0,92324,2,9,0,4,2,1,2,1,1,1,0,2,0,0,1,1,0,0,9,1,1,2,10,8,1,2,3,I,64,0,0,0,0,0,0,0,0,0,0,350,170,0,0,0,1,98,999,999,999,9999999,999,999,999,7,0,0,0,0,0,0,995,9.8,998,998,998,99.8,99.8,99.8,1024.156139,11,7
24756,21,5,1-21-2022-005-04,4,2,1YVHP82A095M,17,473,2078,13,0,41,50,2009,4,1,4,0,1,L,9,1501,8,9999,9,0,998,2,40,1,0,1,0,2,0,0,92324,2,9,0,4,4,1,2,1,1,1,0,2,0,0,1,1,0,0,9,0,1,4,62,99,1,1,3,I,65,0,0,0,0,0,0,0,0,0,0,170,350,0,0,0,1,0,999,999,999,9999999,999,999,999,9,0,1,1,0,4,0,995,9.8,998,998,998,99.8,99.8,99.8,1024.156139,11,7
24758,26,8,1-26-2022-008-03,3,1,KL79MVSL5NB0,17,467,4548,7,0,20,498,2022,14,3,14,0,1,F,1,1391,5,0,1,1,25,2,72,1,0,0,995,0,0,0,95841,9,1,2,1,6,4,2,1,1,1,3,1,0,0,1,1,1,2,3,0,1,3,50,2,1,1,2,D,20,0,0,0,0,0,0,0,0,0,0,0,0,0,0,0,1,3,16,-16,0,14199,998,-3,16,0,4,9,97,0,99,0,995,9.8,998,998,998,99.8,99.8,99.8,219.7982567,10,7
24758,26,8,1-26-2022-008-03,3,2,1C4AJWAG5GL1,17,483,1943,7,0,2,403,2016,14,3,14,0,1,B,1,1717,5,9999,9,0,998,5,72,1,0,0,995,0,0,0,95747,9,9,2,1,6,4,2,1,1,1,3,1,0,0,1,1,1,2,1,0,5,3,53,1,1,1,2,D,21,0,0,0,0,0,0,0,0,0,0,0,0,0,0,0,1,3,14,14,0,12196,998,0,14,0,4,95,95,95,95,0,995,9.8,998,998,998,99.8,99.8,99.8,219.7982567,10,7
24759,26,9,1-26-2022-009-02,2,1,1FTFW1E11KFC,17,460,1801,60,0,12,481,2019,34,5,31,0,1,F,2,2236,5,0,1,1,17,2,105,1,1,1,160,2,0,0,95757,9,1,0,2,4,2,2,1,1,1,3,3,0,3,3,1,0,0,1,1,1,2,13,7,1,4,1,A,1,0,0,0,0,0,0,0,0,0,0,998,998,0,0,0,1,12,999,999,999,9999999,999,999,999,7,0,1,1,0,4,0,998,3.1,999,999,999,99.9,99.9,99.9,23.93090457,10,7
24760,26,10,1-26-2022-010-09,9,1,4T1BK1FK7CU5,17,448,2469,13,0,49,40,2012,4,1,3,0,1,R,1,1523,5,0,1,1,39,2,48,1,0,0,995,0,0,0,95608,1,2,2,4,2,1,2,1,1,1,0,2,0,0,1,1,1,2,3,0,1,2,17,1,1,1,5,L,87,0,0,0,0,0,0,0,0,0,0,350,260,0,0,0,1,1,17,-8,-15,13176,998,-68,13,0,4,1,1,0,0,0,995,9.8,998,998,998,99.8,99.8,99.8,1549.648095,10,7
24760,26,10,1-26-2022-010-09,9,2,1NXBR32E45Z3,17,448,2208,13,0,49,32,2005,4,1,2,0,1,F,1,1135,5,0,1,1,34,2,72,1,0,0,995,0,0,0,95608,3,9,2,1,3,1,2,1,1,1,0,3,0,0,1,1,1,2,1,0,1,4,66,1,1,1,5,L,86,0,0,0,0,0,0,0,0,0,0,260,350,0,0,0,1,1,23,-20,11,35140,998,51,26,0,4,9,97,0,99,0,995,9.8,998,998,998,99.8,99.8,99.8,1549.648095,10,7
24761,30,7,1-30-2022-007-10,10,1,1GNEK13R0XJ5,17,467,1852,7,0,20,421,1999,15,3,15,0,1,F,9,2419,5,9999,9,0,998,2,105,1,0,0,995,0,0,0,85308,9,9,1,3,1,1,2,1,1,1,1,2,0,0,1,1,1,2,1,0,1,3,50,99,1,1,2,D,20,0,0,0,0,0,0,0,0,0,0,0,0,0,0,0,1,0,999,999,999,9999999,999,999,999,9,0,0,0,0,0,0,995,9.8,998,998,998,99.8,99.8,99.8,6684.126079,10,7
24761,30,7,1-30-2022-007-10,10,2,1FVACXFC6KHK,17,450,2499,11,0,82,898,2019,63,8,60,0,1,C,9,,,,,,,5,105,1,0,0,995,0,0,0,85213,9,9,1,3,1,1,2,1,1,1,1,2,0,0,1,1,1,2,1,0,5,3,53,1,1,1,2,D,21,,,,,,,,,,,,,,,,,,,,,,,,,,,95,95,95,95,,,9.8,998,998,998,99.8,99.8,99.8,6684.126079,10,7
24762,30,8,1-30-2022-008-03,3,1,5TFEV54178X0,17,448,2467,60,0,49,482,2008,34,5,31,0,1,F,1,2447,8,9999,9,0,998,5,121,1,0,0,995,0,0,0,85353,9,9,0,3,2,2,2,1,1,1,3,2,3,3,1,1,0,0,1,0,1,3,52,1,1,1,2,D,28,0,0,0,0,0,0,0,0,0,0,180,180,0,0,0,1,3,7,-7,0,3248,998,0,6,0,4,95,95,95,95,0,995,9.8,998,998,998,99.8,99.8,99.8,288.3905533,10,7
24762,30,8,1-30-2022-008-03,3,2,5XXGT4L37KG3,17,499,2739,13,0,63,34,2019,4,1,4,0,1,B,1,1465,5,0,1,1,27,2,121,1,0,1,0,2,0,1,85033,9,9,0,3,2,2,2,1,1,1,3,2,3,3,1,1,0,0,1,0,1,3,53,1,1,1,2,D,29,0,0,0,0,0,0,0,0,0,0,180,180,0,0,0,1,3,10,10,0,7098,998,0,11,0,4,2,4,0,4,0,995,9.8,998,998,998,99.8,99.8,99.8,288.3905533,10,7
24763,52,10,1-52-2022-010-07,7,1,4T1BK3EKXBU1,17,448,2469,13,0,49,40,2011,4,1,4,0,1,L,1,1580,5,9999,9,0,998,5,56,1,0,0,995,0,0,0,59102,9,9,2,4,2,1,2,1,1,1,0,0,0,0,1,1,2,2,9,0,11,2,15,99,1,1,4,K,82,0,0,0,0,0,0,0,0,0,0,340,100,0,0,0,1,3,21,-7,20,38523,998,-60,23,0,4,95,95,95,95,0,995,9.8,998,998,998,99.8,99.8,99.8,52.16169695,12,7
24763,52,10,1-52-2022-010-07,7,2,2GKFLUEK8H63,17,472,1858,7,0,23,402,2017,14,3,14,0,1,F,1,1823,5,0,1,1,6,2,56,1,0,0,995,0,0,0,59102,9,9,2,5,5,2,2,1,1,1,3,2,0,0,1,1,0,0,9,0,1,4,67,2,9,1,4,K,83,0,0,0,0,0,0,0,0,0,0,100,340,0,0,0,1,3,17,-17,3,14564,998,1,14,0,4,0,0,0,0,0,995,9.8,998,998,998,99.8,99.8,99.8,52.16169695,12,7
24764,76,8,1-76-2022-008-09,9,1,1GNEK13Z13R3,17,467,1852,7,0,20,421,2003,15,3,15,0,1,T,2,2390,8,0,1,5,5,2,89,1,8,9,998,8,7,9,12496,9,9,0,4,2,1,2,3,2,4,0,2,0,0,2,4,0,0,9,1,14,1,6,99,2,4,1,A,2,1,5,2,6,1,4,61,1,2,36,997,997,0,0,0,3,6,999,999,999,9999999,999,999,999,7,0,9,0,0,99,3,997,0.0,120,86,108,9.9,2.6,10.3,54.20837564,3,7
24765,76,9,1-76-2022-009-04,4,1,1C4BJWDG6JL8,17,483,25197,7,0,2,403,2018,14,3,14,0,1,L,1,1860,5,0,1,1,37,2,64,1,8,9,998,8,7,9,12051,9,9,0,4,2,1,2,3,2,4,0,0,0,0,2,1,0,0,9,1,14,1,6,4,3,4,1,B,7,0,0,0,0,0,0,0,0,0,0,998,998,0,1,1,1,1,10,0,10,10591,998,-74,10,0,1,0,0,0,0,0,998,0.0,79,79,120,8.4,1.2,8.5,32.12123937,3,7
24767,73,9,1-73-2022-009-09,9,1,1D8GU58K08W1,17,476,1940,7,0,7,403,2008,14,3,14,0,1,T,1,1801,5,0,1,1,9,2,113,1,8,0,995,0,7,0,03833,9,9,0,3,2,1,2,3,1,9,1,3,2,3,1,4,0,0,1,1,1,1,6,99,3,4,1,A,2,1,2,2,6,1,4,61,1,2,6,997,997,0,0,0,1,6,999,999,999,9999999,999,999,999,6,0,9,97,0,99,3,997,9.8,998,998,998,99.8,99.8,99.8,153.5380608,3,7
24769,32,12,1-32-2022-012-07,7,1,3GCUKREC1HG3,17,467,1850,60,0,20,481,2017,34,5,31,0,1,F,2,2394,5,0,1,1,32,2,113,1,0,0,995,0,0,0,75074,9,1,1,2,3,2,1,2,1,2,3,3,0,0,1,2,0,0,9,1,1,1,6,2,4,4,1,B,7,0,0,0,0,0,0,0,0,0,0,998,998,0,0,0,1,10,999,999,999,9999999,999,-22,30,3,0,0,0,0,0,0,998,1.7,999,999,999,99.9,99.9,99.9,8899.192667,7,7
24770,26,11,1-26-2022-011-08,8,1,1N4BB42D3TC5,17,5657,14566,3,0,35,32,1996,2,1,2,0,1,F,9,1057,5,9999,9,0,998,2,89,1,0,0,995,0,0,0,95632,9,1,2,4,2,1,2,1,2,1,0,2,0,0,1,1,0,0,1,1,14,2,12,99,1,4,1,B,6,0,0,0,0,0,0,0,0,0,0,998,998,0,1,0,1,0,999,999,999,9999999,999,999,999,9,0,9,97,0,8,0,998,0.0,120,120,0,0.0,4.2,4.2,212.308274,10,7
24771,31,6,1-31-2022-006-10,10,1,2GNALBEK7C12,17,467,1847,7,0,20,404,2012,14,3,14,0,1,F,2,1706,5,9999,9,1,6,2,113,1,0,0,995,0,0,0,62236,9,9,0,1,2,1,2,2,1,1,1,3,2,3,2,2,0,0,9,1,1,2,13,1,9,4,1,A,1,1,4,2,6,1,4,61,1,1,17,998,998,0,0,0,1,10,999,999,999,9999999,999,-39,26,3,0,0,0,0,0,3,998,3.1,120,43,76,3.9,0.2,4.0,317.610847,6,7
24772,77,7,1-77-2022-007-01,1,1,1GCEK19T03E2,17,467,1850,60,0,20,481,2003,34,5,31,0,1,L,2,2151,5,0,1,1,13,2,89,1,1,1,187,3,0,1,22902,1,9,0,4,2,1,2,1,2,2,0,0,0,0,1,1,0,0,1,1,14,2,12,8,3,4,1,A,2,0,0,0,0,0,0,0,0,0,0,998,998,0,0,0,1,10,999,999,999,9999999,999,-144,25,3,0,1,1,0,1,0,998,0.0,64,64,70,6.6,0.7,6.7,226.8395468,9,7
24773,77,8,1-77-2022-008-02,2,1,1FTFW1E59MFD,17,460,1801,60,0,12,481,2021,34,5,31,0,1,F,3,2134,5,0,1,1,10,2,72,1,0,1,0,2,0,1,20120,3,2,2,1,4,3,2,1,1,1,3,1,0,0,1,1,1,2,3,0,1,3,51,1,1,1,2,D,24,0,0,0,0,0,0,0,0,0,0,205,210,1,0,0,1,5,999,999,999,9999999,999,999,999,5,0,2,5,0,3,0,995,9.8,998,998,998,99.8,99.8,99.8,90.06596167,9,7
24773,77,8,1-77-2022-008-02,2,2,3HSDZTZR5JN2,17,526,20852,66,0,84,881,2018,66,8,68,0,1,B,9,,,,,,,5,72,1,0,0,995,0,0,0,23225,9,9,2,1,4,3,2,1,1,1,1,1,0,0,1,1,1,2,1,0,1,3,53,1,1,1,2,D,25,,,,,,,,,,,,,,,,,,,,,,,,,,,95,95,95,95,,,9.8,998,998,998,99.8,99.8,99.8,90.06596167,9,7
24774,54,8,1-54-2022-008-08,8,1,1FAHP35N98W2,17,460,1779,13,0,12,37,2008,4,1,2,0,1,T,1,1189,5,0,1,1,6,2,89,1,0,0,995,0,0,0,35565,1,9,0,4,2,1,2,2,1,1,1,2,2,3,2,2,0,0,9,1,1,1,6,99,2,4,1,B,7,1,6,2,2,1,4,61,1,1,26,997,997,0,1,0,2,6,999,999,999,9999999,999,999,999,6,0,0,0,0,4,3,997,0.7,120,110,-120,12.0,4.0,13.0,198.4295717,9,7
24775,54,9,1-54-2022-009-06,6,1,1HGCR2F92GA0,17,474,1861,13,0,37,32,2016,4,1,4,0,1,T,1,1615,5,0,1,1,3,2,105,1,0,0,995,0,0,0,35653,1,2,0,1,2,2,2,1,2,1,3,2,1,3,1,1,0,0,3,1,14,2,12,2,1,4,1,B,6,1,8,2,2,1,4,61,1,2,35,997,997,0,1,0,2,6,999,999,999,9999999,999,999,999,6,0,1,1,0,4,3,997,1.3,999,999,999,77.0,3.0,77.0,430.0605681,9,7
24776,54,10,1-54-2022-010-03,3,1,1N6ED0EA7LN7,17,478,1919,60,0,35,472,2020,34,5,30,0,1,F,1,2073,5,0,1,3,33,2,89,1,0,0,995,0,0,0,35654,1,2,0,1,2,1,2,5,3,2,1,3,2,2,1,10,0,0,1,1,14,1,5,99,4,4,1,B,7,0,0,0,0,0,0,0,0,0,0,998,998,0,0,0,1,12,999,999,999,9999999,999,999,999,6,0,1,1,0,4,0,998,1.3,999,999,999,1.0,1.0,1.0,188.8759325,9,7
24777,19,17,1-19-2022-017-06,6,1,1G1ZT58F27F3,17,467,1834,13,0,20,37,2007,4,1,3,0,1,L,1,1416,5,0,1,1,8,2,48,1,0,0,995,0,0,0,35954,1,9,2,4,2,1,2,1,2,2,1,2,0,0,1,1,2,2,9,0,10,2,16,99,1,1,4,K,78,0,0,0,0,0,0,0,0,0,0,150,170,0,1,0,1,1,14,11,9,8158,998,-45,11,0,4,0,0,0,0,0,995,0.1,999,40,999,1.0,0.2,1.2,164.6061633,9,7
24777,19,17,1-19-2022-017-06,6,2,1C3CCCAB2FN5,17,477,2053,13,0,6,18,2015,4,1,3,0,1,L,1,1575,5,0,2,1,7,2,105,1,0,0,995,0,0,0,35951,1,2,2,1,2,1,2,1,3,1,1,3,2,3,1,1,0,0,1,0,14,4,65,3,1,1,4,K,79,0,0,0,0,0,0,0,0,0,0,998,998,0,1,0,4,10,999,999,999,9999999,999,-125,8,1,0,1,1,0,0,0,998,0.1,999,999,999,1.6,0.3,1.7,164.6061633,9,7
24778,19,18,1-19-2022-018-04,4,1,1GCHSCEN7K12,17,467,4086,60,0,20,473,2019,34,5,31,0,1,F,2,1791,5,0,1,1,5,2,113,1,0,0,995,0,0,0,35901,1,2,1,2,3,3,2,2,3,9,3,2,0,2,1,8,0,0,3,0,14,3,51,2,1,1,2,D,24,0,0,0,0,0,0,0,0,0,0,220,220,0,0,0,1,1,28,-28,0,51979,998,-13,26,0,4,1,1,0,0,0,995,9.8,998,998,998,99.8,99.8,99.8,283.8493345,9,7
24778,19,18,1-19-2022-018-04,4,2,1G2ZG5582641,17,536,4263,13,0,22,22,2006,4,1,4,0,1,B,2,1486,5,0,1,1,5,2,113,1,0,0,995,0,0,0,36272,1,9,1,2,3,3,2,2,3,9,3,2,0,2,1,8,0,0,9,0,14,3,53,1,1,1,2,D,25,0,0,0,0,0,0,0,0,0,0,220,220,0,0,0,1,1,36,36,0,89445,998,0,39,0,4,0,0,0,0,0,995,9.8,998,998,998,99.8,99.8,99.8,283.8493345,9,7
24779,19,19,1-19-2022-019-04,4,1,5J6RW2H99JL0,17,474,1865,7,0,37,402,2018,14,3,14,0,1,R,1,1580,5,0,1,1,7,2,72,1,0,0,995,0,0,0,35901,1,2,2,1,4,3,2,2,1,1,3,3,0,0,3,2,1,2,1,1,15,2,11,1,1,1,2,F,46,0,0,0,0,0,0,0,0,0,0,305,280,0,0,0,1,1,10,9,-5,7203,998,-74,9,0,4,0,0,0,0,0,995,9.8,998,998,998,99.8,99.8,99.8,283.8493345,9,7
24779,19,19,1-19-2022-019-04,4,2,4TAPM62NXWZ1,17,448,2223,60,0,49,472,1998,34,5,30,0,1,F,1,1458,8,0,1,1,7,2,72,1,0,0,995,0,0,0,35903,1,9,2,1,4,1,2,2,1,1,1,3,0,0,3,2,1,2,1,0,1,4,60,2,1,1,2,F,45,0,0,0,0,0,0,0,0,0,0,280,305,0,0,0,1,1,11,-11,0,10971,998,-60,12,0,4,0,0,0,0,0,995,9.8,998,998,998,99.8,99.8,99.8,283.8493345,9,7
24780,19,20,1-19-2022-020-03,3,1,1XP7DB9XX6D6,17,495,2048,66,0,87,881,2006,66,8,68,0,1,L,9,,,,,,,5,40,1,0,0,995,0,0,0,21215,9,9,2,4,4,2,1,1,1,2,1,2,0,0,5,1,1,2,9,1,11,2,15,1,1,2,4,K,82,,,,,,,,,,,,,,,,,,,,,,,,,,,95,95,95,95,,,9.8,998,998,998,99.8,99.8,99.8,72.29247437,9,7
24780,19,20,1-19-2022-020-03,3,2,1HGCV1F32JA0,17,474,1861,13,0,37,32,2018,4,1,4,0,1,F,1,1462,5,0,1,1,8,3,56,1,0,0,995,0,0,0,35906,1,2,2,4,4,2,2,1,1,1,1,2,0,0,5,1,1,2,1,0,5,4,67,1,1,1,4,K,83,0,0,0,0,0,0,0,0,0,0,50,250,0,0,0,1,5,999,999,999,9999999,999,999,13,2,0,1,1,0,4,0,995,9.8,998,998,998,99.8,99.8,99.8,72.29247437,9,7
24781,59,7,1-59-2022-007-05,5,1,1GCSKSE35AZ2,17,467,1850,60,0,20,481,2010,34,5,31,0,1,F,1,2408,5,0,1,1,7,2,89,1,8,0,995,0,7,0,47872,9,9,2,1,4,3,2,1,1,1,1,1,0,0,1,8,1,2,3,0,1,2,17,2,1,1,4,K,83,0,0,0,0,0,0,0,0,0,0,0,270,0,1,0,1,1,11,-10,-6,15899,998,-124,10,0,1,99,99,0,0,0,995,0.5,999,7,7,6.7,5.4,8.6,231.3523408,6,7
24781,59,7,1-59-2022-007-05,5,2,3VWLL7AJ5EM4,17,482,3137,13,0,30,40,2014,4,1,3,0,1,L,1,1456,5,0,1,1,43,2,89,1,8,0,995,0,7,0,47842,1,9,2,4,4,1,2,1,1,1,0,1,0,0,1,8,1,2,9,0,11,4,66,99,1,1,4,K,82,0,0,0,0,0,0,0,0,0,0,270,0,0,0,0,1,1,18,-9,16,26412,998,65,19,0,1,2,4,0,4,0,995,9.8,998,998,998,99.8,99.8,99.8,231.3523408,6,7
24782,17,9,1-17-2022-009-04,4,1,3FA6P0H74JR1,17,460,1780,13,0,12,23,2018,4,1,4,0,1,F,2,1558,5,0,1,1,5,2,113,1,9,0,995,0,9,0,61257,9,9,0,1,2,1,2,1,2,9,1,3,2,3,1,1,0,0,3,1,14,2,13,4,3,4,1,A,2,0,0,0,0,0,0,0,0,0,0,998,998,0,0,0,1,10,999,999,999,9999999,999,999,26,3,0,0,0,0,0,0,998,2.3,999,999,999,0.0,0.0,0.0,609.4118706,4,7
24783,17,10,1-17-2022-010-03,3,1,1GCEK14X43Z2,17,467,1850,60,0,20,481,2003,34,5,31,0,1,R,1,1965,5,9999,9,0,998,5,48,1,9,0,995,0,9,0,61201,9,9,2,4,2,1,1,1,3,1,0,0,0,0,1,1,2,2,9,0,14,2,17,99,1,1,5,L,87,0,0,0,0,0,0,0,0,0,0,350,260,0,0,0,1,3,13,-2,-13,25993,998,47,18,0,4,95,95,95,95,0,995,9.8,998,998,998,99.8,99.8,99.8,200.1956909,4,7
24783,17,10,1-17-2022-010-03,3,2,3KPF24AD1ME2,17,499,2462,13,0,63,38,2021,4,1,3,0,1,F,1,1256,5,0,1,1,6,2,48,1,9,0,995,0,9,0,52804,2,2,2,4,2,1,2,1,1,1,1,4,0,0,1,1,0,0,9,0,1,4,66,99,1,1,5,L,86,0,0,0,0,0,0,0,0,0,0,260,350,0,0,0,1,3,19,-19,3,9918,998,34,13,0,4,0,0,0,4,0,995,9.8,998,998,998,99.8,99.8,99.8,200.1956909,4,7
24785,12,10,1-12-2022-010-06,6,1,3N1CN7AP6FL9,17,478,1894,13,0,35,50,2015,4,1,2,0,1,F,2,1119,8,0,1,1,6,2,56,1,0,0,995,0,0,0,73401,9,9,3,4,4,2,2,3,1,1,3,2,0,0,1,4,0,0,9,0,11,2,15,2,1,1,4,J,68,0,0,0,0,0,0,0,0,0,0,50,270,0,0,0,1,1,26,-23,-13,50420,998,-98,27,0,1,9,97,0,0,0,995,9.8,998,998,998,99.8,99.8,99.8,398.6507722,9,7