CASEID,PSU,CASENO,CASENUMBER,CATEGORY,VEHNO,VIN,VINLENGTH,VPICMAKE,VPICMODEL,VPICBODYCLASS,ICFINALBODY,MAKE,MODEL,MODELYR,BODYTYPE,BODYCAT,VEHCLASS,SPECUSE,TRANSTAT,DAMPLANE,DAMSEV,CURBWT,CURBSRC,CARGOWT,CARGOSRC,INSPTYPE,INSPLAG,TOWED,SPEEDLIMIT,DRPRESENT,PARALCOHOL,ALCTEST,ALCTESTRESULT,ALCTESTSRC,PARDRUG,DRUGTEST,ZIP,RACE,ETHNICITY,RELTOJUNCT,TRAFFLOW,RDLANES,INITLANE,SURFTYPE,SURFCOND,ALIGNMENT,PROFILE,LINERIGHT,LINELEFT,RUMBINIT,RUMBROAD,LIGHTCOND,WEATHER,TRAFDEV,TRAFFUNCT,DISTRACT,PREFHE,PREMOVE,CRITCAT,CRITEVENT,MANEUVER,PRESTAB,PRELOC,CRASHCAT,CRASHCONF,CRASHTYPE,ROLLTYPE,ROLLTURN,ROLLINTRPT,ROLLPREMAN,ROLLINITYP,ROLLINLOC,ROLLOBJ,ROLLTRIP,ROLLDIR,ROLLDIST,DVANGTHIS,DVANGOTH,TOWHITCH,TRAJDOC,TREEPOLE,DVEVENT,DVBASIS,DVTOTAL,DVLONG,DVLAT,DVENERGY,DVSPEED,DVMOMENT,DVBES,DVEST,DVCONF,VAIS,VISS,VINJURED,VTREAT,INITOBJCLASS,HEADANGLECAT,SHLDRWIDTH,STRKLENGTH,STRKWIDTH,STRKHEIGHT,EDGEDISTX,EDGEDISTY,EDGEDISTZ,CASEWGT,PSUSTRAT,VERSION
24818,32,14,1-32-2022-014-03,3,2,5FNYF6H76MB0,17,474,1864,7,0,37,421,2021,15,3,15,0,1,F,1,1932,5,9999,9,0,998,2,64,1,0,0,995,0,0,0,76039,1,9,2,4,4,1,1,1,1,1,0,3,0,0,1,1,0,0,9,0,1,4,62,99,1,1,4,J,69,0,0,0,0,0,0,0,0,0,0,80,180,0,0,0,1,3,7,-6,2,2676,998,76,5,0,4,9,97,0,0,0,995,9.8,998,998,998,99.8,99.8,99.8,1536.213755,7,7
24819,12,9,1-12-2022-009-06,6,1,1G1PE5SB1F71,17,467,1832,13,0,20,25,2015,4,1,3,0,1,F,1,1399,5,0,1,1,8,2,56,1,0,0,995,0,0,0,76036,9,2,2,4,2,1,1,1,1,1,0,2,0,0,3,1,1,2,1,0,11,2,15,1,1,1,4,J,68,0,0,0,0,0,0,0,0,0,0,330,180,0,0,0,1,98,999,999,999,9999999,999,999,999,6,0,99,99,0,4,0,995,9.8,998,998,998,99.8,99.8,99.8,398.6507722,9,7
24819,12,9,1-12-2022-009-06,6,2,5FNYF5H51LB0,17,474,1864,7,0,37,421,2020,15,3,15,0,1,L,9,1932,5,9999,9,0,998,5,56,1,0,0,995,0,0,0,67530,9,9,2,4,3,2,1,1,1,1,1,2,0,0,3,1,1,2,1,0,1,4,62,99,1,1,4,J,69,0,0,0,0,0,0,0,0,0,0,180,330,0,0,0,1,0,999,999,999,9999999,999,999,999,9,0,95,95,95,95,0,995,9.8,998,998,998,99.8,99.8,99.8,398.6507722,9,7
24820,27,7,1-27-2022-007-08,8,1,5TEUU42N86Z3,17,448,2223,60,0,49,472,2006,34,5,30,0,1,F,3,1791,5,0,1,1,13,3,80,1,1,1,359,2,7,1,01220,1,2,2,1,3,1,2,1,1,2,1,1,0,0,3,1,1,2,9,0,1,3,50,1,1,1,2,D,20,0,0,0,0,0,0,0,0,0,0,185,185,0,0,0,1,5,999,999,999,9999999,999,999,46,4,0,3,14,1,3,0,995,9.8,998,998,998,99.8,99.8,99.8,53.15086522,3,7
24820,27,7,1-27-2022-007-08,8,2,3AKJHHFG5KSL,17,450,2501,66,0,82,881,2019,66,8,68,0,1,B,9,,,,,,,5,80,1,8,9,998,8,7,9,37862,9,9,2,1,3,1,2,1,1,2,1,1,0,0,3,1,1,2,1,0,5,3,53,1,1,1,2,D,21,,,,,,,,,,,,,,,,,,,,,,,,,,,95,95,95,95,,,9.8,998,998,998,99.8,99.8,99.8,53.15086522,3,7
24821,27,8,1-27-2022-008-09,9,1,JHLRD785X6C0,17,474,1865,7,0,37,402,2006,14,3,14,0,1,F,1,1585,5,0,1,1,9,2,80,1,8,0,995,0,7,0,01226,1,2,3,4,2,1,2,1,3,4,1,2,0,0,5,1,0,0,3,0,14,3,50,99,1,1,2,D,20,0,0,0,0,0,0,0,0,0,0,220,220,0,0,0,1,1,19,-19,0,26912,998,-50,19,0,4,1,1,0,4,0,995,9.8,998,998,998,99.8,99.8,99.8,305.5311674,3,7
24821,27,8,1-27-2022-008-09,9,2,YV4SZ5924612,17,485,1963,7,0,51,43,2006,6,1,3,0,1,B,1,1630,5,0,1,2,18,5,80,1,8,0,995,0,7,0,01226,9,9,3,4,2,1,2,1,3,4,1,2,0,0,5,1,0,0,1,0,5,3,53,1,1,1,2,D,22,0,0,0,0,0,0,0,0,0,0,220,220,0,0,0,1,1,19,19,0,24247,998,-39,19,0,4,95,95,95,95,0,995,9.8,998,998,998,99.8,99.8,99.8,305.5311674,3,7
24823,20,16,1-20-2022-016-02,2,1,JT8BF28G6103,17,515,2475,13,0,59,31,2001,4,1,3,0,1,F,2,1505,5,9999,9,4,15,2,89,1,0,0,995,0,0,0,92130,1,9,0,4,2,1,2,1,1,1,1,2,3,3,1,1,0,0,3,0,1,3,50,2,1,1,2,D,20,0,0,0,0,0,0,0,0,0,0,345,345,0,0,0,1,3,28,-28,0,41001,998,0,26,0,4,9,97,0,99,0,995,9.8,998,998,998,99.8,99.8,99.8,31.9626892,11,7
24823,20,16,1-20-2022-016-02,2,2,1G1BE5SM9J72,17,467,1832,13,0,20,25,2018,4,1,3,0,1,B,2,1250,5,0,1,1,41,2,89,1,0,0,995,0,0,0,95076,9,1,0,4,2,1,2,1,1,1,1,2,3,3,1,1,0,0,9,0,5,3,53,1,1,1,2,D,21,0,0,0,0,0,0,0,0,0,0,345,345,0,0,0,1,3,33,33,0,60572,998,-5,34,0,4,9,97,0,8,0,995,9.8,998,998,998,99.8,99.8,99.8,31.9626892,11,7
24823,20,16,1-20-2022-016-02,2,3,1GCVKPEH5FZ2,17,467,1850,60,0,20,481,2015,34,5,31,0,1,B,9,2366,5,9999,9,0,998,5,89,1,0,0,995,0,0,0,95076,9,9,0,4,2,1,2,1,1,1,1,2,3,3,1,1,0,0,1,0,5,3,53,1,1,1,6,M,98,0,0,0,0,0,0,0,0,0,0,345,335,0,0,0,2,0,999,999,999,9999999,999,999,999,9,0,95,95,95,95,0,995,9.8,998,998,998,99.8,99.8,99.8,31.9626892,11,7
24823,20,16,1-20-2022-016-02,2,4,1FMZU73K74ZA,17,460,1800,7,0,12,401,2004,14,3,14,0,1,F,1,1984,5,9999,9,4,14,7,89,1,0,0,995,0,0,0,93940,1,9,0,4,2,1,2,1,1,1,1,2,3,3,1,1,0,0,1,0,1,4,62,1,1,1,6,M,98,0,0,0,0,0,0,0,0,0,0,175,285,0,0,0,3,3,13,-13,2,23010,998,38,16,0,4,9,97,0,8,0,995,3.1,999,999,999,0.7,8.8,8.8,31.9626892,11,7
24824,20,17,1-20-2022-017-03,3,1,KL4CJASB2KB8,17,468,1842,7,0,18,404,2019,14,3,14,0,1,F,3,1468,5,0,1,1,14,2,105,1,0,0,995,0,0,0,93933,1,1,1,3,2,2,2,1,1,2,3,2,0,0,2,1,6,2,1,0,1,3,50,8,1,1,2,D,32,0,0,0,0,0,0,0,0,0,0,205,205,0,1,0,1,1,53,-53,9,167807,998,31,51,0,4,1,1,0,0,0,995,9.8,998,998,998,99.8,99.8,99.8,71.57751207,11,7
24824,20,17,1-20-2022-017-03,3,2,JN8AZ18U49W0,17,478,1914,7,0,35,49,2009,6,1,4,0,1,B,3,1833,5,0,1,1,13,2,105,0,7,7,887,6,8,8,99998,8,8,1,3,2,2,2,1,1,2,3,2,0,0,2,1,6,2,0,8,0,3,53,0,0,0,2,D,32,0,0,0,0,0,0,0,0,0,0,205,205,0,1,0,1,1,46,45,-8,175617,998,42,48,0,1,0,0,0,0,0,995,1.1,120,45,68,4.0,0.9,4.2,71.57751207,11,7
24825,20,18,1-20-2022-018-06,6,1,2HKRM4H7XEH7,17,474,1865,7,0,37,402,2014,14,3,14,0,1,T,2,1583,5,0,1,1,17,2,105,1,0,0,995,0,0,0,95020,3,9,0,2,2,2,2,1,2,9,3,2,0,0,1,1,0,0,9,1,14,2,13,99,4,4,1,A,2,1,6,2,2,1,3,61,1,1,47,997,997,0,0,0,1,6,999,999,999,9999999,999,999,999,7,0,9,97,0,0,3,997,2.8,120,109,120,60.5,11.5,61.3,178.4797578,11,7
24826,21,6,1-21-2022-006-03,3,1,1C6SRFU95NN1,17,496,13620,60,0,7,482,2022,34,5,31,0,1,T,1,2901,8,0,1,1,16,2,56,1,1,8,997,8,0,9,91730,9,9,0,4,2,1,2,1,3,1,1,2,0,0,2,1,6,2,9,1,14,2,13,3,4,4,1,A,2,1,4,2,2,1,3,61,1,1,999,997,997,0,0,0,1,6,999,999,999,9999999,999,999,999,6,0,99,99,0,8,3,997,9.8,998,998,998,99.8,99.8,99.8,188.7053623,11,7
24827,21,7,1-21-2022-007-07,7,1,1NXBR32E35Z4,17,448,2208,13,0,49,32,2005,4,1,2,0,1,F,3,1135,5,9999,9,0,998,2,113,1,0,0,995,0,0,0,90806,2,9,0,2,3,3,1,1,1,9,3,2,1,3,2,1,0,0,9,0,1,3,50,2,1,1,3,G,52,0,0,0,0,0,0,0,0,0,0,45,235,0,0,0,1,3,57,-57,0,192214,998,0,61,0,4,1,1,0,4,0,995,9.8,998,998,998,99.8,99.8,99.8,1479.143923,11,7
24827,21,7,1-21-2022-007-07,7,2,2C3CDXBG6FH7,17,476,1895,13,0,7,24,2015,4,1,5,0,1,F,3,1785,5,0,1,1,19,2,113,0,7,7,887,6,8,8,99998,8,8,0,2,3,3,1,1,1,9,3,2,1,3,2,1,0,0,0,8,0,3,54,0,0,0,3,G,52,0,0,0,0,0,0,0,0,0,0,235,45,0,0,0,1,3,42,-41,7,114074,998,64,37,0,4,0,0,0,0,0,995,9.8,998,998,998,99.8,99.8,99.8,1479.143923,11,7
24828,30,9,1-30-2022-009-03,3,1,2C3CDZAGXLH1,17,476,1893,13,0,7,28,2020,2,1,5,0,1,R,1,1785,5,0,1,1,22,2,105,1,0,0,995,0,0,0,85132,9,9,1,2,6,6,2,1,1,1,1,2,0,0,3,1,0,0,9,1,15,2,11,3,1,2,2,F,46,0,0,0,0,0,0,0,0,0,0,255,270,0,0,0,1,3,6,-5,-4,6472,998,176,6,0,4,0,0,0,4,0,995,9.9,999,999,999,21.6,8.0,23.0,470.1978514,10,7
24828,30,9,1-30-2022-009-03,3,2,3GNEK13T93G1,17,467,3876,119,0,20,482,2003,34,5,31,0,1,L,1,2576,5,9999,9,0,998,5,105,1,0,0,995,0,0,0,85204,9,9,1,2,6,2,2,1,1,1,3,3,0,0,3,1,0,0,1,0,1,4,60,99,1,1,2,F,45,0,0,0,0,0,0,0,0,0,0,270,255,0,0,0,1,3,5,4,2,3266,998,84,5,0,4,95,95,95,95,0,995,9.8,998,998,998,99.8,99.8,99.8,470.1978514,10,7
24829,30,10,1-30-2022-010-03,3,1,2C3CDXBG3HH5,17,476,1895,13,0,7,24,2017,4,1,5,0,1,F,1,1785,5,0,1,1,31,2,105,1,0,0,995,0,0,0,78259,9,9,0,2,4,1,1,1,1,1,1,3,0,0,1,1,0,0,1,0,1,3,52,4,1,1,2,D,28,0,0,0,0,0,0,0,0,0,0,5,0,0,0,0,1,3,14,-14,-2,18356,998,-58,15,0,4,0,0,0,0,0,995,9.8,998,998,998,99.8,99.8,99.8,470.1978514,10,7
24829,30,10,1-30-2022-010-03,3,2,5XXGT4L31JG2,17,499,2739,13,0,63,34,2018,4,1,4,0,1,B,1,1463,5,0,1,1,31,2,105,1,0,0,995,0,0,0,85297,9,9,0,2,4,1,1,1,1,1,1,3,0,0,1,1,0,0,1,0,2,3,53,1,1,1,2,D,29,0,0,0,0,0,0,0,0,0,0,0,5,0,0,0,1,3,17,16,6,25795,998,-110,17,0,4,9,97,0,0,0,995,3.7,999,999,999,0.0,0.0,0.0,470.1978514,10,7
24830,26,12,1-26-2022-012-05,5,1,1HGCM56435A1,17,474,1861,13,0,37,32,2005,4,1,3,0,1,R,2,1389,5,9999,9,0,998,2,89,1,0,0,995,0,0,0,95822,9,1,0,4,2,1,2,1,3,1,1,2,1,0,2,5,0,0,9,1,14,2,13,3,4,6,3,I,64,0,0,0,0,0,0,0,0,0,0,130,350,0,1,0,1,3,36,-18,-31,98498,998,71,37,0,4,3,14,1,8,0,995,0.3,120,45,58,0.0,1.4,1.4,27.51426447,10,7
24830,26,12,1-26-2022-012-05,5,2,1FTFW1EF1DKF,17,460,1801,60,0,12,481,2013,34,5,31,0,1,F,1,2522,5,0,1,1,16,2,89,1,0,0,995,0,0,0,95641,1,9,0,4,2,1,2,1,2,1,1,2,1,0,2,5,0,0,1,0,14,4,62,3,1,1,3,I,65,0,0,0,0,0,0,0,0,0,0,350,130,0,0,0,1,3,20,-19,-7,41649,998,-74,19,0,4,2,5,0,4,0,995,9.8,998,998,998,99.8,99.8,99.8,27.51426447,10,7
24831,26,13,1-26-2022-013-06,6,1,2HKRW2H5XKH6,17,474,1865,7,0,37,402,2019,14,3,14,0,1,B,9,1580,5,9999,9,0,998,5,80,1,0,0,995,0,0,0,95624,9,9,0,1,2,1,2,1,1,1,1,3,0,0,1,1,0,0,1,0,5,3,53,1,1,1,6,M,98,0,0,0,0,0,0,0,0,0,0,80,80,0,0,0,3,0,999,999,999,9999999,999,999,999,9,0,95,95,95,95,0,995,9.8,998,998,998,99.8,99.8,99.8,347.3546736,10,7
24831,26,13,1-26-2022-013-06,6,2,JTJBARBZ2J21,17,515,3653,7,0,59,405,2018,14,3,14,0,1,B,1,1735,8,9999,9,0,998,5,80,1,0,0,995,0,0,0,95762,9,9,0,1,2,1,2,1,1,1,1,3,0,0,1,1,0,0,1,0,2,3,53,1,1,1,6,M,98,0,0,0,0,0,0,0,0,0,0,80,85,0,0,0,2,3,16,16,0,15172,998,0,15,0,4,95,95,95,95,0,995,9.8,998,998,998,99.8,99.8,99.8,347.3546736,10,7
24831,26,13,1-26-2022-013-06,6,3,1N4AL3AP8GC2,17,478,1904,13,0,35,47,2016,4,1,4,0,1,F,1,1453,5,0,1,1,8,2,80,1,0,0,995,0,0,0,95661,9,1,0,1,2,1,2,1,1,1,1,3,0,0,1,1,0,0,1,0,2,3,53,1,1,1,2,D,29,0,0,0,0,0,0,0,0,0,0,85,80,0,0,0,2,3,18,-18,3,21492,998,-3,19,0,4,99,99,0,0,0,995,9.8,998,998,998,99.8,99.8,99.8,347.3546736,10,7
24831,26,13,1-26-2022-013-06,6,4,1NXBR12E02Z5,17,448,2208,13,0,49,32,2002,4,1,1,0,1,F,9,1095,5,9999,9,0,998,2,80,1,0,0,995,0,0,0,95610,9,1,0,1,2,1,2,1,1,1,1,3,0,0,1,1,0,0,1,0,1,3,52,2,1,1,2,D,28,0,0,0,0,0,0,0,0,0,0,80,80,0,0,0,1,0,999,999,999,9999999,999,999,999,9,0,0,0,0,0,0,995,9.8,998,998,998,99.8,99.8,99.8,347.3546736,10,7
24832,26,14,1-26-2022-014-03,3,1,2HGFC2F50JH5,17,474,1863,13,0,37,31,2018,4,1,3,10,1,L,2,1244,5,0,1,1,11,2,72,1,0,0,995,0,0,0,95641,1,9,2,1,4,1,2,1,1,1,0,3,0,0,3,1,1,2,2,0,11,2,15,1,1,1,4,J,72,0,0,0,0,0,0,0,0,0,0,155,210,0,0,0,1,1,27,14,23,42611,998,-84,24,0,2,1,1,0,3,0,995,9.8,998,998,998,99.8,99.8,99.8,139.3030988,10,7
24832,26,14,1-26-2022-014-03,3,2,4A3AB36F35E0,17,481,2165,13,0,52,34,2005,4,1,3,0,1,F,1,1520,5,0,1,1,11,2,72,1,0,0,995,0,0,0,95610,1,9,2,1,4,2,2,1,1,1,3,1,0,0,3,1,1,2,1,0,1,4,61,99,1,1,4,J,73,0,0,0,0,0,0,0,0,0,0,210,155,0,0,0,1,1,24,-24,-4,49083,998,-10,28,0,2,0,0,0,0,0,995,9.8,998,998,998,99.8,99.8,99.8,139.3030988,10,7
24833,26,15,1-26-2022-015-07,7,1,1HGCR2F39FA2,17,474,1861,13,0,37,32,2015,4,1,4,0,1,T,1,1496,5,0,1,1,14,2,89,1,1,8,997,8,0,0,95632,1,9,0,4,2,1,2,1,1,1,1,4,0,0,2,1,0,0,9,1,1,2,13,98,9,4,1,A,1,1,4,2,2,1,3,61,1,1,14,997,997,0,1,0,1,6,999,999,999,9999999,999,999,999,6,0,0,0,0,0,3,997,9.8,998,998,998,99.8,99.8,99.8,1236.647841,10,7
24834,73,10,1-73-2022-010-10,10,1,JTDKB20U7934,17,448,2209,5,0,49,46,2009,5,1,3,0,1,F,9,1335,5,9999,9,0,998,2,56,1,8,0,995,0,7,0,04937,9,9,2,4,4,1,2,3,1,1,0,3,0,0,3,1,1,2,1,0,1,1,6,99,1,1,4,K,83,0,0,0,0,0,0,0,0,0,0,240,90,0,0,0,1,0,999,999,999,9999999,999,999,999,9,0,0,0,0,0,0,995,0.0,30,30,120,0.3,0.0,0.3,1135.599587,3,7
24834,73,10,1-73-2022-010-10,10,2,2GCEK19T4212,17,467,1850,60,0,20,481,2002,34,5,31,0,1,L,9,2151,5,9999,9,0,998,5,40,1,8,0,995,0,7,0,04912,9,9,2,4,2,1,2,3,1,4,0,0,0,0,3,1,1,2,1,0,11,4,66,99,1,1,4,K,82,0,0,0,0,0,0,0,0,0,0,90,240,0,0,0,1,0,999,999,999,9999999,999,999,999,9,0,95,95,95,95,0,995,9.8,998,998,998,99.8,99.8,99.8,1135.599587,3,7
24835,73,11,1-73-2022-011-04,4,1,5XYPGDA35JG4,17,499,2769,7,0,63,402,2018,14,3,14,0,1,F,9,1816,5,9999,9,0,998,2,72,1,8,0,995,0,7,0,32827,9,9,0,4,2,1,2,3,2,4,0,2,0,0,2,4,0,0,1,1,14,1,6,99,2,4,1,B,7,0,0,0,0,0,0,0,0,0,0,998,998,0,0,1,1,0,999,999,999,9999999,999,999,999,9,0,0,0,0,0,0,998,0.0,18,18,120,12.6,3.0,12.9,127.632153,3,7
24836,24,11,1-24-2022-011-06,6,1,3N1AB61E38L7,17,478,1907,13,0,35,43,2008,4,1,3,0,1,F,3,1296,5,0,1,1,12,2,80,1,0,1,100,2,0,2,08060,1,2,2,4,4,2,2,1,2,1,3,0,0,0,3,98,0,0,3,0,14,3,50,99,1,1,2,D,20,0,0,0,0,0,0,0,0,0,0,320,320,0,0,0,1,1,50,-50,0,58134,998,0,33,0,4,3,9,1,3,0,995,9.8,998,998,998,99.8,99.8,99.8,456.890666,1,7
24836,24,11,1-24-2022-011-06,6,2,KNADM4A35G66,17,499,2299,13,0,63,32,2016,4,1,2,0,1,B,3,1131,5,0,1,1,14,2,80,1,0,0,995,0,0,0,08215,1,2,2,4,4,2,2,1,2,1,3,0,0,0,3,98,0,0,1,0,5,3,53,1,1,1,2,D,21,0,0,0,0,0,0,0,0,0,0,320,320,0,0,0,1,1,54,54,0,221820,998,-25,66,0,4,1,2,0,4,0,995,9.8,998,998,998,99.8,99.8,99.8,456.890666,1,7
24836,24,11,1-24-2022-011-06,6,3,1HGCP2F73BA1,17,474,1861,13,0,37,32,2011,4,1,4,0,1,B,9,1523,5,9999,9,0,998,5,80,1,0,0,995,0,0,0,08215,9,9,2,4,4,2,2,1,2,1,3,2,0,0,3,98,0,0,1,0,5,3,50,1,1,1,6,M,98,0,0,0,0,0,0,0,0,0,0,320,320,0,0,0,2,0,999,999,999,9999999,999,999,999,9,0,95,95,95,95,0,995,9.8,998,998,998,99.8,99.8,99.8,456.890666,1,7
24837,52,15,1-52-2022-015-03,3,1,3C4NJDDB1LT1,17,483,1946,7,0,2,1,2020,6,1,2,0,1,F,2,1648,5,0,1,1,13,2,40,1,0,0,995,0,0,0,59102,1,2,2,3,4,3,2,1,1,1,1,1,0,0,1,1,1,2,1,1,11,2,15,1,1,2,4,J,72,0,0,0,0,0,0,0,0,0,0,50,70,0,0,0,1,12,999,999,999,9999999,999,999,999,7,0,0,0,0,4,0,995,9.8,998,998,998,99.8,99.8,99.8,26.01179444,12,7
24837,52,15,1-52-2022-015-03,3,2,1D4GP24R56B7,17,476,1942,9,0,7,442,2006,20,4,20,0,1,R,9,1742,5,9999,9,0,998,5,40,1,0,0,995,0,0,0,59102,9,9,2,3,4,4,2,1,1,1,1,0,0,0,1,1,1,2,9,0,1,4,61,99,1,1,4,J,73,0,0,0,0,0,0,0,0,0,0,70,50,0,0,0,1,0,999,999,999,9999999,999,999,999,9,0,95,95,95,95,0,995,9.8,998,998,998,99.8,99.8,99.8,26.01179444,12,7
24840,10,16,1-10-2022-016-07,7,1,2G2WP5522811,17,536,4262,13,0,22,20,2008,4,1,4,0,1,F,1,1577,5,9999,9,0,998,5,56,1,8,0,995,0,7,0,45401,9,9,2,4,5,1,2,1,1,1,0,1,0,0,3,8,1,2,9,0,1,2,17,99,1,1,4,K,79,0,0,0,0,0,0,0,0,0,0,180,90,0,0,0,1,3,15,-15,-3,12487,998,-42,14,0,4,95,95,95,95,0,995,9.8,998,998,998,99.8,99.8,99.8,1122.543912,4,7
24840,10,16,1-10-2022-016-07,7,2,1FMCU9GX0DUC,17,460,1798,7,0,12,402,2013,14,3,14,0,1,L,1,1693,5,0,1,1,9,2,56,1,0,0,995,0,0,0,45417,9,9,2,4,5,1,2,1,1,1,0,1,0,0,3,8,1,2,1,0,10,4,66,99,1,1,4,K,78,0,0,0,0,0,0,0,0,0,0,90,180,0,0,0,1,3,14,-2,13,20272,998,87,15,0,4,0,0,0,0,0,995,9.8,998,998,998,99.8,99.8,99.8,1122.543912,4,7
24841,14,10,1-14-2022-010-03,3,1,3VWC57BU2KM1,17,482,3137,13,0,30,40,2019,4,1,3,0,1,F,2,1350,5,0,1,1,23,2,56,1,0,0,995,0,0,0,78130,1,1,2,4,5,1,2,1,1,1,1,1,0,0,1,1,1,2,9,0,11,2,15,4,1,1,4,J,68,0,0,0,0,0,0,0,0,0,0,50,330,0,0,0,1,3,26,-23,-13,23426,998,-84,18,0,4,1,2,0,6,0,995,9.8,998,998,998,99.8,99.8,99.8,599.0342847,8,7
24841,14,10,1-14-2022-010-03,3,2,1FTYR2CM3JKA,17,460,3608,95,0,12,462,2018,21,4,21,0,1,L,1,2268,5,9999,9,0,998,2,56,1,0,0,995,0,0,0,78130,1,9,2,1,3,2,2,1,3,1,1,3,0,0,1,1,1,2,9,0,14,4,62,99,1,1,4,J,69,0,0,0,0,0,0,0,0,0,0,330,50,0,0,0,1,3,16,-5,15,52054,998,-42,23,0,4,0,0,0,0,0,995,9.8,998,998,998,99.8,99.8,99.8,599.0342847,8,7
24842,20,19,1-20-2022-019-07,7,1,1FTEW1CP0GKD,17,460,1801,60,0,12,481,2016,34,5,30,0,1,9,9,2028,5,9999,9,0,998,7,89,1,1,8,997,8,9,9,93906,9,1,2,4,3,2,2,1,1,4,1,2,0,0,3,1,1,2,9,1,1,2,14,99,1,4,1,C,14,0,0,0,0,0,0,0,0,0,0,998,998,9,0,0,99,0,999,999,999,9999999,999,999,999,9,0,9,97,0,0,0,998,1.9,120,13,10,0.0,0.0,0.0,478.3162483,11,7
24843,31,7,1-31-2022-007-09,9,1,1FTLR4FE6BPA,17,460,1803,60,0,12,471,2011,34,5,30,0,1,T,2,1633,5,9999,9,4,15,2,89,1,0,0,995,0,0,0,62869,9,9,0,4,2,1,2,3,3,1,1,2,2,3,1,1,0,0,9,1,14,2,12,99,4,4,1,B,7,1,4,2,6,1,4,61,1,1,12,997,997,0,0,0,1,6,999,999,999,9999999,999,999,999,7,0,0,0,0,6,3,997,9.8,998,998,998,99.8,99.8,99.8,203.8830239,6,7
24849,54,12,1-54-2022-012-10,10,1,2G1WT58K9891,17,467,1833,13,0,20,2,2008,4,1,4,0,1,F,2,1630,5,0,1,1,3,2,48,1,0,0,995,0,0,0,38847,1,9,2,4,2,1,2,1,1,1,0,2,0,0,1,8,0,0,9,1,1,4,68,4,1,4,1,A,3,0,0,0,0,0,0,0,0,0,0,998,998,0,1,8,2,12,999,999,999,9999999,999,999,999,7,0,0,0,0,0,0,998,0.0,5,9,70,1.0,0.5,2.0,721.7301991,9,7
24850,77,9,1-77-2022-009-03,3,1,4V5WG9EH9MN2,17,487,15808,63,11,51,881,2021,63,8,60,0,1,L,9,,,,,,,5,97,1,0,0,995,0,0,0,24401,9,9,2,1,2,1,2,2,3,1,1,3,2,3,1,2,0,0,1,1,11,2,15,1,1,1,4,J,72,,,,,,,,,,,,,,,,,,,,,,,,,,,95,95,95,95,,,9.8,998,998,998,99.8,99.8,99.8,321.8106188,9,7
24850,77,9,1-77-2022-009-03,3,2,1C4RJFCG5JC3,17,483,1949,7,0,2,422,2018,15,3,15,0,1,F,2,2211,5,0,1,1,13,2,97,1,0,0,995,0,0,0,24574,1,2,2,1,2,2,2,2,3,1,3,2,1,3,1,2,0,0,1,0,14,4,61,4,1,1,4,J,73,0,0,0,0,0,0,0,0,0,0,255,190,0,0,0,1,5,999,999,999,9999999,999,999,33,3,0,1,1,0,4,0,995,9.8,998,998,998,99.8,99.8,99.8,321.8106188,9,7
24851,77,10,1-77-2022-010-10,10,1,1NXBU4EE1AZ2,17,448,2208,13,0,49,32,2010,4,1,2,0,1,F,1,1279,5,0,1,1,19,2,32,1,0,0,995,0,0,0,22968,9,9,0,4,2,1,2,3,3,4,0,0,0,0,2,4,0,0,1,1,14,1,6,2,2,4,1,C,11,0,0,0,0,0,0,0,0,0,0,250,250,0,0,0,1,12,999,999,999,9999999,999,999,999,2,0,0,0,0,0,0,995,9.8,998,998,998,99.8,99.8,99.8,10751.88993,9,7
24851,77,10,1-77-2022-010-10,10,2,4T4BF1FK2DR2,17,448,2469,13,0,49,40,2013,4,1,3,0,2,B,9,1441,5,9999,9,0,998,,,,,,,,,,,,,,,,,,,,,,,,,,,,,,,,,,,,,,,,,,,,,,,,,,,,,,,,,,,,,,,,,,95,95,95,95,,,,,,,,,,10751.88993,9,7
24853,17,11,1-17-2022-011-10,10,1,1GCCS19HX381,17,467,11483,60,0,20,471,2003,34,5,30,0,1,F,1,1471,5,9999,9,0,998,5,48,1,9,0,995,0,9,0,61265,9,9,2,4,2,1,1,1,1,1,0,0,0,0,1,1,2,2,2,0,11,2,15,99,1,1,4,K,76,0,0,0,0,0,0,0,0,0,0,70,10,0,0,0,1,3,10,-9,-3,4221,998,-75,8,0,4,95,95,95,95,0,995,9.8,998,998,998,99.8,99.8,99.8,2564.161681,4,7
24853,17,11,1-17-2022-011-10,10,2,1GNFK16T11J1,17,467,1851,7,0,20,431,2001,16,3,16,0,1,L,1,2424,5,0,1,1,9,2,48,1,9,0,995,0,9,0,61265,2,9,2,4,2,1,2,1,1,1,0,4,0,0,1,1,0,0,9,0,1,4,65,2,1,1,4,K,77,0,0,0,0,0,0,0,0,0,0,10,70,0,0,0,1,3,6,1,6,6957,998,66,8,0,4,0,0,0,0,0,995,9.8,998,998,998,99.8,99.8,99.8,2564.161681,4,7