CASEID,PSU,CASENO,CASENUMBER,CATEGORY,VEHNO,VIN,VINLENGTH,VPICMAKE,VPICMODEL,VPICBODYCLASS,ICFINALBODY,MAKE,MODEL,MODELYR,BODYTYPE,BODYCAT,VEHCLASS,SPECUSE,TRANSTAT,DAMPLANE,DAMSEV,CURBWT,CURBSRC,CARGOWT,CARGOSRC,INSPTYPE,INSPLAG,TOWED,SPEEDLIMIT,DRPRESENT,PARALCOHOL,ALCTEST,ALCTESTRESULT,ALCTESTSRC,PARDRUG,DRUGTEST,ZIP,RACE,ETHNICITY,RELTOJUNCT,TRAFFLOW,RDLANES,INITLANE,SURFTYPE,SURFCOND,ALIGNMENT,PROFILE,LINERIGHT,LINELEFT,RUMBINIT,RUMBROAD,LIGHTCOND,WEATHER,TRAFDEV,TRAFFUNCT,DISTRACT,PREFHE,PREMOVE,CRITCAT,CRITEVENT,MANEUVER,PRESTAB,PRELOC,CRASHCAT,CRASHCONF,CRASHTYPE,ROLLTYPE,ROLLTURN,ROLLINTRPT,ROLLPREMAN,ROLLINITYP,ROLLINLOC,ROLLOBJ,ROLLTRIP,ROLLDIR,ROLLDIST,DVANGTHIS,DVANGOTH,TOWHITCH,TRAJDOC,TREEPOLE,DVEVENT,DVBASIS,DVTOTAL,DVLONG,DVLAT,DVENERGY,DVSPEED,DVMOMENT,DVBES,DVEST,DVCONF,VAIS,VISS,VINJURED,VTREAT,INITOBJCLASS,HEADANGLECAT,SHLDRWIDTH,STRKLENGTH,STRKWIDTH,STRKHEIGHT,EDGEDISTX,EDGEDISTY,EDGEDISTZ,CASEWGT,PSUSTRAT,VERSION
24885,13,18,1-13-2022-018-01,1,2,KNDPR3A61H72,17,499,2770,7,0,63,401,2017,14,3,14,0,1,B,9,1813,5,9999,9,0,998,2,64,1,8,0,995,0,7,0,76021,1,9,1,2,2,1,2,1,1,1,0,3,0,0,3,8,1,2,9,1,1,3,53,99,1,1,2,D,25,1,2,2,2,1,4,63,1,1,25,270,270,0,0,0,1,0,999,999,999,9999999,999,999,999,9,0,9,0,0,1,3,995,9.8,998,998,998,99.8,99.8,99.8,74.8380775,7,7
24886,13,19,1-13-2022-019-09,9,1,JHMCM56307C0,17,474,1861,13,0,37,32,2007,4,1,3,0,1,F,1,1440,5,0,1,1,23,2,121,1,0,0,995,0,0,0,76244,2,9,1,2,6,6,1,5,1,9,3,2,1,1,2,1,0,0,9,1,15,1,6,99,9,4,1,B,7,0,0,0,0,0,0,0,0,0,0,998,998,0,0,0,1,1,13,-10,8,14326,998,98,13,0,4,1,1,0,4,0,998,3.7,999,999,999,0.0,0.0,0.0,2498.879334,7,7
24887,13,20,1-13-2022-020-07,7,1,4T1BF1FK6HU6,17,448,2469,13,0,49,40,2017,4,1,4,0,1,L,9,1467,5,9999,9,0,998,2,105,1,8,0,995,0,7,0,76112,3,9,0,2,3,1,2,5,1,9,1,3,0,0,1,1,0,0,9,1,1,2,11,99,9,2,2,F,44,0,0,0,0,0,0,0,0,0,0,75,90,0,0,0,1,0,999,999,999,9999999,999,999,999,9,0,0,0,0,0,0,995,9.8,998,998,998,99.8,99.8,99.8,4784.383233,7,7
24887,13,20,1-13-2022-020-07,7,2,1XPBDP9X7GD3,17,495,2787,66,0,87,881,2016,66,8,68,0,1,R,9,,,,,,,5,105,1,8,0,995,0,7,0,57106,9,9,0,2,3,2,2,5,1,9,3,3,0,0,1,1,0,0,9,0,1,4,61,7,1,1,2,F,45,,,,,,,,,,,,,,,,,,,,,,,,,,,95,95,95,95,,,9.8,998,998,998,99.8,99.8,99.8,4784.383233,7,7
24887,13,20,1-13-2022-020-07,7,3,JA4AP3AU0GZ0,17,481,2163,7,0,52,47,2016,6,1,3,0,1,R,9,1475,5,9999,9,0,998,5,105,1,8,0,995,0,7,0,76010,9,9,0,2,3,3,2,5,1,9,3,2,0,0,1,1,0,0,9,0,1,4,61,99,1,1,6,M,98,0,0,0,0,0,0,0,0,0,0,90,75,0,0,0,2,0,999,999,999,9999999,999,999,999,9,0,95,95,95,95,0,995,9.8,998,998,998,99.8,99.8,99.8,4784.383233,7,7
24888,13,21,1-13-2022-021-03,3,1,JA4AP3AU4JU0,17,481,13867,7,0,52,47,2018,6,1,3,0,1,F,3,1375,8,0,1,1,39,2,105,1,8,0,995,0,7,0,76134,1,9,1,2,5,3,2,1,1,1,1,3,0,1,3,1,0,0,3,1,1,2,13,1,1,4,1,A,1,0,0,0,0,0,0,0,0,0,0,998,998,0,0,0,1,10,999,999,999,9999999,999,10,41,4,0,9,97,0,8,0,998,3.3,999,999,999,0.0,0.0,0.0,564.2298727,7,7
24890,76,11,1-76-2022-011-03,3,1,KL79MSSL6MB0,17,467,4548,7,0,20,498,2021,14,3,14,0,1,F,2,1463,5,0,1,1,47,2,72,1,1,1,188,2,7,0,11363,1,2,0,4,2,1,2,1,3,1,1,2,0,0,2,8,0,0,9,1,6,2,13,2,2,4,1,A,1,0,0,0,0,0,0,0,0,0,0,998,998,0,1,0,1,10,999,999,999,9999999,999,-63,33,3,0,1,2,0,4,0,998,2.9,107,83,-52,38.6,3.6,38.8,24.4535035,3,7
24891,32,15,1-32-2022-015-04,4,1,3N1CN7AP0KL8,17,478,1894,13,0,35,50,2019,4,1,2,0,1,R,1,1131,5,0,1,1,14,2,64,1,0,0,995,0,0,0,63120,2,9,2,1,3,2,1,5,1,4,3,3,0,0,1,1,0,0,9,1,1,1,6,98,4,4,1,B,7,0,0,0,0,0,0,0,0,0,0,998,998,0,0,1,1,1,13,-9,-10,24721,998,191,13,0,1,0,0,0,0,0,998,0.0,18,18,120,4.2,0.6,4.3,4274.571093,7,7
24892,32,16,1-32-2022-016-06,6,1,1G6AE5SX6E01,17,469,1824,13,0,19,24,2014,4,1,4,0,1,F,3,1503,5,0,1,1,15,2,56,1,1,1,227,2,0,0,75062,9,1,0,1,3,1,2,1,2,2,0,3,0,0,3,1,0,0,9,1,14,2,12,1,9,4,1,B,6,0,0,0,0,0,0,0,0,0,0,998,998,0,0,0,2,1,47,-47,0,135549,998,0,47,0,1,1,1,0,4,0,998,0.0,50,15,10,0.0,0.0,0.0,3524.891493,7,7
24893,31,8,1-31-2022-008-10,10,1,1B3EL46R36N1,17,476,5879,13,0,7,43,2006,4,1,3,0,1,F,9,1472,5,9999,9,0,998,2,89,1,0,0,995,0,0,0,62979,9,9,0,4,2,1,2,5,1,2,1,2,0,0,2,4,0,0,9,1,1,1,6,99,2,4,1,A,2,0,0,0,0,0,0,0,0,0,0,998,998,0,0,0,1,0,999,999,999,9999999,999,999,999,9,0,99,99,0,99,0,998,1.1,91,62,999,13.0,6.0,15.0,635.221694,6,7
24894,31,9,1-31-2022-009-07,7,1,5N1AT2MV5FC8,17,478,1913,8,0,35,51,2015,6,1,3,0,1,F,1,1610,5,0,2,1,10,2,89,1,0,0,995,0,0,0,47546,1,2,0,4,2,1,2,1,1,1,1,2,0,0,2,1,0,0,1,0,1,6,87,1,1,1,1,C,13,0,0,0,0,0,0,0,0,0,0,998,998,0,0,0,1,10,999,999,999,9999999,999,34,11,2,0,0,0,0,0,0,998,9.8,998,998,998,99.8,99.8,99.8,208.9861084,6,7
24898,27,10,1-27-2022-010-04,4,1,WA1UFAFL5FA0,17,582,13759,8,0,32,403,2015,14,3,14,0,1,F,1,1765,5,0,1,1,5,2,48,1,0,0,995,0,0,0,01201,1,2,2,4,2,1,2,1,1,1,1,2,0,0,1,1,2,2,2,0,11,2,15,1,1,1,4,K,82,0,0,0,0,0,0,0,0,0,0,175,285,0,0,0,1,1,9,-9,-2,13870,998,12,14,0,4,0,0,0,0,0,995,9.8,998,998,998,99.8,99.8,99.8,104.5865111,3,7
24898,27,10,1-27-2022-010-04,4,2,1C4PJMDX3MD1,17,483,1945,7,0,2,404,2021,14,3,14,0,1,R,1,1839,5,0,1,1,4,2,48,1,0,0,995,0,0,0,01201,1,2,2,4,2,1,2,1,3,1,1,2,0,0,1,1,0,0,1,0,14,4,67,7,1,1,4,K,83,0,0,0,0,0,0,0,0,0,0,285,175,0,0,0,1,1,9,-2,-9,5302,998,162,6,0,4,0,0,0,0,0,995,9.8,998,998,998,99.8,99.8,99.8,104.5865111,3,7
24899,30,11,1-30-2022-011-02,2,1,1FTEW1CP0JKE,17,460,1801,60,0,12,481,2018,34,5,31,0,1,F,3,2028,5,0,1,1,23,2,105,1,0,1,0,2,0,0,85204,9,9,1,2,6,5,2,1,1,1,3,1,0,0,1,1,0,0,3,1,1,2,12,99,1,4,1,B,6,0,0,0,0,0,0,0,0,0,0,998,998,0,0,0,2,1,49,-46,-17,215941,998,-59,49,0,4,1,2,0,4,0,998,1.4,999,999,999,0.0,0.0,0.0,53.14310501,10,7
24900,30,12,1-30-2022-012-03,3,1,3C4PDCBB8KT7,17,476,1939,7,0,7,404,2019,14,3,14,0,1,F,2,1735,5,0,1,1,24,2,89,1,0,0,995,0,0,0,85017,9,9,1,2,5,2,2,1,1,1,3,3,0,0,1,1,0,0,9,1,15,3,52,4,1,2,2,D,28,0,0,0,0,0,0,0,0,0,0,185,180,0,0,0,1,3,30,-30,5,45094,998,-6,25,0,4,0,0,0,5,0,995,9.8,998,998,998,99.8,99.8,99.8,748.4239874,10,7
24900,30,12,1-30-2022-012-03,3,2,3C6UR5FL0HG5,17,496,13621,60,0,7,482,2017,34,5,31,0,1,B,1,3005,5,9999,9,0,998,2,89,1,0,0,995,0,0,0,85138,9,9,1,2,5,5,2,1,1,1,3,2,0,0,1,1,0,0,9,0,2,3,53,1,1,1,2,D,29,0,0,0,0,0,0,0,0,0,0,180,185,0,0,0,1,3,18,18,0,57406,998,0,22,0,4,0,0,0,0,0,995,1.4,999,999,999,0.0,0.0,0.0,748.4239874,10,7
24901,24,16,1-24-2022-016-03,3,1,2B3CA3CV3AH1,17,476,1895,13,0,7,24,2010,4,1,5,0,1,F,1,1719,5,9999,9,0,998,2,40,1,1,9,998,8,0,0,08322,9,9,2,4,2,1,2,1,1,1,1,2,0,0,3,1,2,2,9,0,1,2,17,99,1,1,5,L,88,0,0,0,0,0,0,0,0,0,0,260,170,0,0,0,1,3,12,-8,-10,15481,998,-185,9,0,4,0,0,0,0,0,995,9.8,998,998,998,99.8,99.8,99.8,79.74973948,1,7
24901,24,16,1-24-2022-016-03,3,2,5J8YD4H59LL0,17,475,2147,7,0,54,421,2020,15,3,15,0,1,L,1,1940,5,0,1,1,23,2,64,1,0,0,995,0,0,0,08225,9,9,2,4,2,1,2,1,1,1,1,2,0,0,3,1,0,0,1,0,1,4,66,8,1,1,5,L,89,0,0,0,0,0,0,0,0,0,0,170,260,0,0,0,1,3,10,-8,6,25264,998,-118,13,0,4,3,17,1,3,0,995,0.0,71,20,20,0.0,0.0,0.0,79.74973948,1,7
24902,15,1,1-15-2022-001-02,2,1,5FNYF18666B0,17,474,1864,7,0,37,421,2006,15,3,15,0,1,F,1,2007,5,9999,9,0,998,5,64,1,8,9,998,8,7,9,11704,9,9,3,5,5,3,2,1,1,1,4,4,0,0,1,1,0,0,9,0,11,4,72,99,1,1,4,K,84,0,0,0,0,0,0,0,0,0,0,300,70,0,0,0,1,3,8,-6,5,10025,998,142,8,0,4,95,95,95,95,0,995,9.8,998,998,998,99.8,99.8,99.8,21.82248192,1,7
24902,15,1,1-15-2022-001-02,2,2,5NPD74LF7KH4,17,498,2735,13,0,55,35,2019,4,1,3,0,1,F,1,1280,5,0,1,1,30,2,16,1,8,0,995,0,7,0,11598,1,2,3,4,2,1,2,1,1,1,0,2,0,0,1,1,0,0,9,0,11,2,15,99,1,1,4,K,84,0,0,0,0,0,0,0,0,0,0,70,300,0,0,0,1,3,11,-11,-2,8217,998,-57,11,0,4,2,5,0,4,0,995,9.8,998,998,998,99.8,99.8,99.8,21.82248192,1,7
24903,20,20,1-20-2022-020-07,7,1,SALVV2BG3FH0,17,444,2244,7,0,62,404,2015,14,3,14,0,1,F,2,1770,5,0,1,1,34,2,89,1,0,9,998,8,0,0,93923,1,9,1,3,2,1,2,1,3,4,1,2,0,0,5,1,6,2,9,1,14,2,12,99,1,4,1,B,6,0,0,0,0,0,0,0,0,0,0,998,998,0,0,0,1,1,29,-29,0,57927,998,0,28,0,4,0,0,0,0,0,998,2.9,120,50,80,93.7,2.5,93.7,293.1122232,11,7
24904,20,21,1-20-2022-021-03,3,1,5YJSA1E24JF2,17,441,1685,5,0,29,5,2018,5,1,5,0,1,F,2,2254,5,0,1,1,16,2,89,1,0,0,995,0,0,0,91505,1,9,2,1,3,2,2,1,1,1,1,3,0,0,3,1,1,2,2,0,1,2,17,4,1,1,4,J,69,0,0,0,0,0,0,0,0,0,0,240,330,0,0,0,1,3,35,-33,12,76202,998,91,25,0,4,99,99,0,99,0,995,9.8,998,998,998,99.8,99.8,99.8,43.86270332,11,7
24904,20,21,1-20-2022-021-03,3,2,3GCUYEEL3LG4,17,467,1850,60,0,20,481,2020,34,5,31,0,1,R,2,2184,5,9999,9,4,51,2,89,1,0,0,995,0,0,0,93907,9,1,2,1,2,2,1,1,1,4,1,2,0,0,3,1,1,2,1,0,11,4,63,1,1,1,4,J,68,0,0,0,0,0,0,0,0,0,0,330,240,0,0,0,1,3,37,-13,-34,200539,998,47,46,0,4,9,97,0,8,0,995,9.8,998,998,998,99.8,99.8,99.8,43.86270332,11,7
24905,20,22,1-20-2022-022-03,3,1,3GCUYEET2LG2,17,467,1850,60,0,20,481,2020,34,5,31,0,1,F,2,2184,5,0,1,1,10,2,105,1,0,0,995,0,0,0,93906,9,1,0,2,2,1,1,1,1,1,1,3,2,3,2,1,0,0,3,0,1,3,51,1,1,1,2,D,24,0,0,0,0,0,0,0,0,0,0,120,120,0,0,0,1,3,26,-26,0,70711,998,-5,28,0,4,9,97,0,0,0,995,9.8,998,998,998,99.8,99.8,99.8,43.86270332,11,7
24905,20,22,1-20-2022-022-03,3,2,1J4FF28S2YL2,17,483,1945,7,0,2,404,2000,14,3,14,0,1,B,2,1524,5,9999,9,0,998,5,105,1,0,0,995,0,0,0,93906,9,9,0,2,2,1,1,1,1,1,1,3,2,3,2,1,0,0,1,0,1,3,53,99,1,1,2,D,25,0,0,0,0,0,0,0,0,0,0,120,120,0,0,0,1,3,39,39,0,75861,998,0,36,0,4,95,95,95,95,0,995,9.8,998,998,998,99.8,99.8,99.8,43.86270332,11,7
24906,20,23,1-20-2022-023-08,8,1,5GZCZ53475S8,17,1056,4595,7,0,24,401,2005,14,3,14,0,1,F,3,1577,5,9999,9,0,998,2,105,1,1,8,997,8,9,9,93927,9,1,0,2,2,98,1,1,2,1,3,1,0,2,3,1,5,2,9,1,14,2,11,99,1,2,3,G,52,0,0,0,0,0,0,0,0,0,0,155,315,0,1,0,1,3,89,-88,16,532549,998,37,88,0,4,3,10,1,8,0,995,9.8,998,998,998,99.8,99.8,99.8,42.36801044,11,7
24906,20,23,1-20-2022-023-08,8,2,JTEHT05J3220,17,448,2211,7,0,49,421,2002,15,3,15,0,1,F,3,2320,8,0,1,1,40,2,105,1,0,0,995,0,0,0,92037,1,9,0,2,2,2,1,1,3,1,3,2,1,1,3,1,0,0,1,0,14,3,54,7,1,1,3,G,52,0,0,0,0,0,0,0,0,0,0,315,155,0,1,0,1,3,59,-58,-10,366702,998,-33,60,0,4,2,5,0,8,0,995,9.8,998,998,998,99.8,99.8,99.8,42.36801044,11,7
24907,21,8,1-21-2022-008-03,3,1,4T1BZ1HK0JU0,17,448,2469,13,0,49,40,2018,4,1,4,0,1,F,2,1610,5,9999,9,4,40,2,105,1,1,8,997,8,0,9,92503,9,9,0,2,5,1,1,1,1,1,1,3,0,0,3,1,0,0,3,1,1,1,8,99,1,4,1,A,2,0,0,0,0,0,0,0,0,0,0,998,998,0,0,0,1,98,999,999,999,9999999,999,999,999,7,0,1,1,0,4,0,998,2.9,999,999,999,0.0,0.0,0.0,349.6238828,11,7
24908,21,9,1-21-2022-009-03,3,1,19XFC1F79LE2,17,474,1863,13,0,37,31,2020,4,1,3,0,1,F,2,1328,8,9999,9,4,58,2,113,1,0,0,995,0,0,0,90003,1,1,0,2,2,2,2,2,1,1,3,2,1,3,2,8,0,0,3,1,1,2,11,1,1,2,2,F,44,0,0,0,0,0,0,0,0,0,0,270,260,0,0,0,1,5,999,999,999,9999999,999,999,999,7,0,0,0,0,4,0,995,1.9,999,999,999,99.9,99.9,99.9,349.6238828,11,7
24908,21,9,1-21-2022-009-03,3,2,4V4NC9TG0LN2,17,487,1967,66,0,51,881,2020,66,8,68,0,1,L,9,,,,,,,2,89,1,0,0,995,0,0,0,91710,9,9,0,2,2,1,2,2,1,1,1,3,2,3,2,8,0,0,1,0,1,4,60,1,1,1,2,F,45,,,,,,,,,,,,,,,,,,,,,,,,,,,95,95,95,95,,,9.8,998,998,998,99.8,99.8,99.8,349.6238828,11,7
24910,26,17,1-26-2022-017-08,8,1,1G1NE52J22M6,17,467,1834,13,0,20,37,2002,4,1,3,0,1,L,2,1384,5,0,1,1,18,2,40,1,0,1,213,2,0,2,95823,2,9,2,4,2,1,2,1,2,1,3,4,0,0,3,1,2,2,9,0,14,2,17,2,1,1,5,L,89,0,0,0,0,0,0,0,0,0,0,270,340,0,1,0,1,5,999,999,999,9999999,999,999,32,3,0,3,27,1,3,0,995,0.0,63,115,13,0.0,0.0,0.0,310.6100954,10,7
24910,26,17,1-26-2022-017-08,8,2,1FDRF3GT3HEC,17,460,1806,63,999,12,881,2017,61,8,60,0,1,F,9,,,,,,,2,72,1,0,0,995,0,0,0,95828,9,9,2,1,3,1,2,1,1,1,3,3,0,0,3,1,0,0,1,0,1,4,66,99,1,1,5,L,88,,,,,,,,,,,,,,,,,,,,,,,,,,,95,95,95,95,,,9.8,998,998,998,99.8,99.8,99.8,310.6100954,10,7
24911,76,12,1-76-2022-012-03,3,1,4S3BNAR67K30,17,523,2232,13,0,48,34,2019,4,1,3,0,1,F,1,1543,5,0,1,1,42,2,89,1,8,9,998,8,7,9,12414,9,9,0,4,2,1,2,1,3,1,1,4,1,0,2,1,0,0,9,0,14,6,87,1,1,1,1,C,13,0,0,0,0,0,0,0,0,0,0,998,998,0,0,0,1,10,999,999,999,9999999,999,0,12,2,0,1,1,0,5,0,998,9.8,998,998,998,99.8,99.8,99.8,24.4535035,3,7
24913,27,11,1-27-2022-011-10,10,1,JTMBD33V8860,17,448,2217,7,0,49,402,2008,14,3,14,0,1,R,2,1562,5,0,1,1,52,3,56,1,8,0,995,0,7,9,01034,9,9,0,4,2,1,2,2,3,2,1,2,0,0,5,8,6,2,9,1,14,2,13,3,9,4,1,A,1,0,0,0,0,0,0,0,0,0,0,998,998,0,0,7,1,10,999,999,999,9999999,999,48,35,3,0,0,0,0,0,0,998,0.2,999,999,999,18.6,2.0,18.8,930.5523412,3,7
24916,26,18,1-26-2022-018-06,6,1,2T2BZMCA9GC0,17,515,2214,7,0,59,403,2016,14,3,14,0,1,T,3,2020,5,0,1,1,16,2,89,1,0,0,995,0,0,0,94122,3,2,0,4,2,1,2,1,3,1,1,2,1,1,1,1,0,0,1,0,14,6,92,99,1,1,6,M,98,0,0,0,0,0,0,0,0,0,0,998,998,0,0,0,1,7,999,999,999,9999999,999,999,999,8,0,1,1,0,4,0,998,9.8,998,998,998,99.8,99.8,99.8,801.8354631,10,7
24918,54,13,1-54-2022-013-10,10,1,3FAHP08Z08R2,17,460,1780,13,0,12,23,2008,4,1,3,0,1,F,1,1429,5,0,1,1,13,2,105,1,0,0,995,0,0,0,35581,1,9,0,1,2,1,2,1,1,1,1,3,2,3,2,1,0,0,9,0,1,3,51,3,2,1,2,D,24,0,0,0,0,0,0,0,0,0,0,350,5,0,1,0,1,12,999,999,999,9999999,999,999,999,6,0,0,0,0,0,0,995,9.8,998,998,998,99.8,99.8,99.8,721.7301991,9,7
24918,54,13,1-54-2022-013-10,10,2,1FTRE1428XHA,17,460,1796,95,0,12,461,1999,21,4,21,0,1,B,9,2127,5,9999,9,0,998,5,105,1,0,0,995,0,0,0,35653,9,9,0,1,2,1,2,1,1,1,1,3,2,3,2,1,0,0,9,0,1,3,53,99,1,1,2,D,25,0,0,0,0,0,0,0,0,0,0,5,350,0,1,0,1,0,999,999,999,9999999,999,999,999,9,0,95,95,95,95,0,995,9.8,998,998,998,99.8,99.8,99.8,721.7301991,9,7
24919,18,12,1-18-2022-012-09,9,1,5LMPU28A7YLJ,17,464,1814,7,0,13,421,2000,15,3,15,0,1,F,1,2595,5,0,1,1,38,2,72,1,0,0,995,0,0,0,54738,1,9,2,1,5,2,1,1,1,1,1,3,0,0,1,8,1,2,1,0,1,4,66,99,1,1,5,L,88,0,0,0,0,0,0,0,0,0,0,355,270,0,0,0,1,3,19,-17,-10,33595,998,-70,16,0,4,1,1,0,4,0,995,9.8,998,998,998,99.8,99.8,99.8,504.8174503,6,7
24919,18,12,1-18-2022-012-09,9,2,1G4HP52K1341,17,468,8842,13,0,18,2,2003,4,1,4,0,1,L,2,1618,5,9999,9,0,998,2,48,1,0,1,0,2,0,0,54736,1,9,2,4,6,3,1,1,1,1,1,1,0,0,1,8,1,2,9,0,1,2,17,99,1,1,5,L,89,0,0,0,0,0,0,0,0,0,0,270,355,0,0,0,1,3,31,-16,27,94730,998,-77,34,0,4,3,9,1,4,0,995,9.8,998,998,998,99.8,99.8,99.8,504.8174503,6,7
24920,18,13,1-18-2022-013-03,3,1,2MEFM74W55X6,17,465,1792,13,0,14,6,2005,4,1,4,0,1,F,1,1900,5,0,1,1,22,2,72,1,0,0,995,0,0,0,54729,1,9,2,4,3,2,2,1,3,1,1,2,0,0,1,1,0,0,1,0,14,4,66,1,1,1,5,L,88,0,0,0,0,0,0,0,0,0,0,265,180,0,0,0,1,1,23,-22,-8,80618,998,-76,29,0,1,0,0,0,0,0,995,9.8,998,998,998,99.8,99.8,99.8,85.27361419,6,7
24920,18,13,1-18-2022-013-03,3,2,3MVDMABL1MM2,17,473,26914,7,0,41,498,2021,14,3,14,0,1,L,2,1516,5,0,1,1,22,2,56,1,0,1,0,2,0,0,54703,1,9,2,4,2,1,2,1,1,1,1,2,0,0,1,1,2,2,9,0,1,2,17,1,1,1,5,L,89,0,0,0,0,0,0,0,0,0,0,180,265,0,0,0,1,1,29,-5,28,25885,998,23,20,0,1,1,1,0,4,0,995,9.8,998,998,998,99.8,99.8,99.8,85.27361419,6,7
24928,77,11,1-77-2022-011-09,9,1,1N6AA06A26N5,17,478,1920,60,0,35,473,2006,34,5,31,0,1,F,1,2171,5,9999,9,0,998,2,72,1,0,0,995,0,0,0,22911,9,9,0,1,5,5,2,1,1,1,3,2,0,0,1,1,0,0,3,0,1,3,52,99,1,1,2,D,28,0,0,0,0,0,0,0,0,0,0,35,35,0,0,0,1,3,13,-13,0,14116,998,0,13,0,4,0,0,0,0,0,995,9.8,998,998,998,99.8,99.8,99.8,840.6367345,9,7
24928,77,11,1-77-2022-011-09,9,2,KM8JN12D35U0,17,498,2058,7,0,55,402,2005,14,3,14,0,1,F,1,1529,5,0,1,1,14,2,72,1,0,0,995,0,0,0,22973,9,9,0,1,5,5,2,1,1,1,3,2,0,0,1,1,0,0,1,0,2,3,53,99,1,1,2,D,29,0,0,0,0,0,0,0,0,0,0,35,35,0,0,0,2,3,20,-20,0,28878,998,-25,21,0,4,99,99,0,99,0,995,9.8,998,998,998,99.8,99.8,99.8,840.6367345,9,7
24928,77,11,1-77-2022-011-09,9,3,5NPLN4AG5MH0,17,498,2735,13,0,55,35,2021,4,1,3,0,1,B,2,1236,5,9999,9,0,998,5,72,1,0,0,995,0,0,0,22932,9,9,0,1,5,5,2,1,1,1,3,2,0,0,1,1,0,0,1,0,2,3,53,1,1,1,6,M,98,0,0,0,0,0,0,0,0,0,0,35,35,0,0,0,2,3,26,26,0,30676,998,0,25,0,4,95,95,95,95,0,995,9.8,998,998,998,99.8,99.8,99.8,840.6367345,9,7
24930,11,11,1-11-2022-011-06,6,1,999999999999,99,99999,99999,999,0,99,399,9999,9,1,9,99,1,L,9,9999,9,9999,9,0,998,5,56,1,9,9,998,8,9,9,99999,9,9,2,3,3,2,2,1,1,9,1,1,0,0,3,1,1,2,9,1,1,2,10,99,1,2,2,F,48,0,0,0,0,0,0,0,0,0,0,80,80,0,0,0,1,0,999,999,999,9999999,999,999,999,9,0,95,95,95,95,0,995,9.8,998,998,998,99.8,99.8,99.8,545.1583918,8,7
24930,11,11,1-11-2022-011-06,6,2,1VWAT7A34FC0,17,482,3134,13,0,30,46,2015,4,1,4,0,1,R,9,1439,5,9999,9,0,998,3,56,1,0,0,995,0,0,0,23860,1,2,2,1,3,3,2,1,1,9,1,1,0,0,3,1,1,2,1,0,5,4,61,1,1,1,2,F,48,0,0,0,0,0,0,0,0,0,0,80,80,0,0,0,1,0,999,999,999,9999999,999,999,999,9,0,0,0,0,0,0,995,9.8,998,998,998,99.8,99.8,99.8,545.1583918,8,7
24931,11,12,1-11-2022-012-04,4,1,2LNHM82V99X6,17,464,1791,13,0,13,1,2009,4,1,5,0,1,F,9,1857,5,9999,9,0,998,5,56,1,1,2,996,1,9,0,23234,9,9,2,1,3,3,2,1,1,9,1,1,0,0,3,1,1,2,1,0,1,2,17,99,1,1,4,K,83,0,0,0,0,0,0,0,0,0,0,5,285,0,0,0,1,0,999,999,999,9999999,999,999,999,9,0,95,95,95,95,0,995,9.8,998,998,998,99.8,99.8,99.8,762.9549819,8,7
24931,11,12,1-11-2022-012-04,4,2,1N4BL4CV6MN3,17,478,1904,13,0,35,47,2021,4,1,4,0,1,L,1,1545,5,0,1,4,16,2,56,1,0,0,995,0,0,0,23234,2,2,2,3,2,2,2,1,3,9,1,2,0,0,3,1,1,2,1,0,11,4,62,1,1,1,4,K,82,0,0,0,0,0,0,0,0,0,0,285,5,0,0,0,1,12,999,999,999,9999999,999,999,999,6,0,0,0,0,0,0,995,9.8,998,998,998,99.8,99.8,99.8,762.9549819,8,7
24932,24,17,1-24-2022-017-10,10,1,1D7HU18N55S2,17,476,1938,60,0,7,482,2005,34,5,30,0,1,R,9,2333,5,9999,9,0,998,5,40,1,0,0,995,0,0,0,08330,9,9,2,3,2,1,2,2,1,1,2,3,0,0,3,2,1,2,9,0,1,2,17,99,1,1,5,L,87,0,0,0,0,0,0,0,0,0,0,70,340,0,0,0,1,0,999,999,999,9999999,999,999,999,9,0,95,95,95,95,0,995,9.8,998,998,998,99.8,99.8,99.8,1101.35719,1,7
24932,24,17,1-24-2022-017-10,10,2,5TDZK23C89S2,17,448,2468,2,0,49,442,2009,20,4,20,1,1,F,1,1880,5,0,1,5,17,2,40,1,0,0,995,0,0,0,08205,9,9,2,3,2,1,2,2,1,1,0,3,0,0,3,2,1,2,9,0,1,4,66,99,1,1,5,L,86,0,0,0,0,0,0,0,0,0,0,340,70,0,0,0,1,12,999,999,999,9999999,999,999,999,6,0,0,0,0,0,0,995,9.8,998,998,998,99.8,99.8,99.8,1101.35719,1,7
24933,24,18,1-24-2022-018-06,6,1,JTJBARBZ4G20,17,515,3653,7,0,59,405,2016,14,3,14,0,1,L,2,1755,5,0,1,1,27,2,72,1,9,8,997,8,9,0,08205,3,2,1,4,2,1,2,1,1,1,1,2,0,0,3,1,0,0,9,1,1,2,13,1,9,4,1,A,1,1,2,1,4,2,4,31,4,2,6,997,997,0,0,0,2,6,999,999,999,9999999,999,999,999,7,0,1,1,0,4,2,997,1.4,999,999,999,3.9,0.8,3.9,96.67756974,1,7