CASEID,PSU,CASENO,CASENUMBER,CATEGORY,VEHNO,VIN,VINLENGTH,VPICMAKE,VPICMODEL,VPICBODYCLASS,ICFINALBODY,MAKE,MODEL,MODELYR,BODYTYPE,BODYCAT,VEHCLASS,SPECUSE,TRANSTAT,DAMPLANE,DAMSEV,CURBWT,CURBSRC,CARGOWT,CARGOSRC,INSPTYPE,INSPLAG,TOWED,SPEEDLIMIT,DRPRESENT,PARALCOHOL,ALCTEST,ALCTESTRESULT,ALCTESTSRC,PARDRUG,DRUGTEST,ZIP,RACE,ETHNICITY,RELTOJUNCT,TRAFFLOW,RDLANES,INITLANE,SURFTYPE,SURFCOND,ALIGNMENT,PROFILE,LINERIGHT,LINELEFT,RUMBINIT,RUMBROAD,LIGHTCOND,WEATHER,TRAFDEV,TRAFFUNCT,DISTRACT,PREFHE,PREMOVE,CRITCAT,CRITEVENT,MANEUVER,PRESTAB,PRELOC,CRASHCAT,CRASHCONF,CRASHTYPE,ROLLTYPE,ROLLTURN,ROLLINTRPT,ROLLPREMAN,ROLLINITYP,ROLLINLOC,ROLLOBJ,ROLLTRIP,ROLLDIR,ROLLDIST,DVANGTHIS,DVANGOTH,TOWHITCH,TRAJDOC,TREEPOLE,DVEVENT,DVBASIS,DVTOTAL,DVLONG,DVLAT,DVENERGY,DVSPEED,DVMOMENT,DVBES,DVEST,DVCONF,VAIS,VISS,VINJURED,VTREAT,INITOBJCLASS,HEADANGLECAT,SHLDRWIDTH,STRKLENGTH,STRKWIDTH,STRKHEIGHT,EDGEDISTX,EDGEDISTY,EDGEDISTZ,CASEWGT,PSUSTRAT,VERSION
24934,24,19,1-24-2022-019-06,6,1,3VWH17AU1HM5,17,482,24230,15,0,30,42,2017,6,1,2,0,1,F,3,1445,5,0,1,1,17,2,80,1,0,0,995,0,0,0,08079,1,2,2,4,4,2,2,1,1,1,1,2,1,0,1,1,1,2,1,0,1,4,62,2,1,1,4,J,69,0,0,0,0,0,0,0,0,0,0,280,55,0,0,0,1,3,44,-41,15,83435,998,62,34,0,1,1,1,0,4,0,995,9.8,998,998,998,99.8,99.8,99.8,96.67756974,1,7
24934,24,19,1-24-2022-019-06,6,2,1C4NJCEA4FD3,17,483,1946,7,0,2,1,2015,6,1,2,0,1,R,3,1405,5,0,1,1,17,2,80,1,0,0,995,0,0,0,08205,9,9,2,4,4,2,2,1,1,1,1,2,1,0,1,1,1,2,9,0,11,2,15,99,1,1,4,J,68,0,0,0,0,0,0,0,0,0,0,55,280,0,0,0,1,3,45,-42,-15,193565,998,65,52,0,1,0,0,0,0,0,995,0.0,30,28,102,2.3,0.4,2.3,96.67756974,1,7
24936,48,2,1-48-2022-002-09,9,1,1FTDF15Y4LKA,17,460,1801,60,0,12,481,1990,34,5,31,0,1,L,9,1668,5,9999,9,0,998,2,80,1,0,0,995,0,0,0,84302,9,9,2,4,4,2,2,1,1,1,3,2,0,0,1,1,2,2,2,0,11,2,15,1,1,1,4,K,82,1,1,2,5,7,1,2,2,1,8,345,110,0,0,0,1,0,999,999,999,9999999,999,999,999,9,0,1,1,0,4,1,995,9.8,998,998,998,99.8,99.8,99.8,274.2489536,12,7
24936,48,2,1-48-2022-002-09,9,2,1G6DM5774401,17,469,1825,13,0,19,18,2004,4,1,4,0,1,F,2,1620,5,0,1,5,17,2,89,1,0,0,995,0,0,0,84302,9,9,2,1,2,2,2,1,1,1,1,2,0,0,1,1,0,0,1,0,1,4,67,2,1,1,4,K,83,0,0,0,0,0,0,0,0,0,0,110,345,0,0,0,1,12,999,999,999,9999999,999,999,999,7,0,0,0,0,0,0,995,9.8,998,998,998,99.8,99.8,99.8,274.2489536,12,7
24937,14,13,1-14-2022-013-04,4,1,5YJSA1E21LF3,17,441,1685,5,0,29,5,2020,5,1,5,0,1,F,1,2254,5,0,2,1,16,7,56,1,0,0,995,0,0,0,78023,1,2,2,4,2,1,2,1,2,4,0,2,0,0,1,1,3,2,9,0,14,2,17,4,1,1,5,L,86,0,0,0,0,0,0,0,0,0,0,320,10,0,0,0,1,3,10,-5,8,12496,998,171,8,0,4,0,0,0,0,0,995,9.8,998,998,998,99.8,99.8,99.8,573.0737457,8,7
24937,14,13,1-14-2022-013-04,4,2,JA4AP4AU7KU0,17,481,13867,7,0,52,404,2019,14,3,14,0,1,R,1,1545,5,9999,9,0,998,7,56,1,0,0,995,0,0,0,78163,1,9,2,4,2,1,2,1,1,3,0,2,0,0,1,1,0,0,9,0,1,4,66,99,1,1,5,L,87,0,0,0,0,0,0,0,0,0,0,10,320,0,0,0,1,3,14,-5,-13,20286,998,46,17,0,4,0,0,0,99,0,995,9.8,998,998,998,99.8,99.8,99.8,573.0737457,8,7
24938,14,14,1-14-2022-014-02,2,1,1C6RR7LTXFS6,17,496,13620,60,0,7,482,2015,34,5,31,0,1,F,9,2336,5,9999,9,0,998,5,72,1,0,0,995,0,0,0,78132,9,9,2,1,2,1,2,1,2,1,1,0,0,0,1,1,2,2,9,0,11,2,15,99,1,1,4,K,83,0,0,0,0,0,0,0,0,0,0,0,130,0,0,0,1,0,999,999,999,9999999,999,999,999,9,0,95,95,95,95,0,995,9.8,998,998,998,99.8,99.8,99.8,154.7892079,8,7
24938,14,14,1-14-2022-014-02,2,2,1G1AT58H8971,17,467,4234,13,0,20,22,2009,4,1,2,0,1,L,2,1261,5,0,1,1,24,2,72,1,0,0,995,0,0,0,78133,1,9,2,4,2,1,2,1,3,1,1,2,1,0,1,1,0,0,9,0,14,4,67,2,1,1,4,K,82,0,0,0,0,0,0,0,0,0,0,250,320,0,0,0,2,1,29,19,22,35268,998,-95,21,0,1,0,0,0,0,0,995,9.8,998,998,998,99.8,99.8,99.8,154.7892079,8,7
24938,14,14,1-14-2022-014-02,2,3,KL4CJCSMXKB7,17,468,1842,7,0,18,404,2019,14,3,14,0,1,F,1,1468,5,0,2,1,24,2,72,1,0,0,995,0,0,0,78132,1,2,2,4,2,1,2,1,2,1,1,2,1,0,1,1,0,0,1,0,14,4,62,2,1,1,6,M,98,0,0,0,0,0,0,0,0,0,0,320,250,0,0,0,2,1,24,-23,8,74075,998,54,32,0,1,2,5,0,3,0,995,9.8,998,998,998,99.8,99.8,99.8,154.7892079,8,7
24939,23,14,1-23-2022-014-02,2,1,2HKRW6H36KH2,17,474,1865,7,0,37,402,2019,14,3,14,0,1,R,1,1580,5,0,1,1,30,2,89,1,8,1,0,2,7,1,43021,2,2,2,4,2,1,2,1,1,1,1,2,0,0,1,8,2,2,2,0,1,2,17,1,1,1,5,L,87,0,0,0,0,0,0,0,0,0,0,300,210,0,0,0,1,3,16,-6,-15,36268,998,-29,22,0,4,2,5,0,4,0,995,9.9,9,6,999,14.6,0.2,14.8,47.79371743,5,7
24939,23,14,1-23-2022-014-02,2,2,JHMGK5H78GS0,17,474,2127,5,0,37,39,2016,5,1,1,0,1,F,1,1170,5,9999,9,0,998,2,89,1,8,1,0,2,7,0,43021,1,2,2,4,2,1,2,1,1,1,1,2,0,0,1,8,0,0,1,0,1,4,66,99,9,1,5,L,86,0,0,0,0,0,0,0,0,0,0,210,300,0,0,0,1,3,24,-23,8,19594,998,66,18,0,4,2,9,0,3,0,995,9.8,998,998,998,99.8,99.8,99.8,47.79371743,5,7
24940,23,15,1-23-2022-015-09,9,1,4T1BE46K67U7,17,448,2469,13,0,49,40,2007,4,1,3,0,1,F,9,1490,5,9999,9,0,998,2,72,1,1,0,995,0,7,0,43021,9,1,0,4,2,1,2,1,1,2,1,4,0,0,2,8,0,0,1,1,1,2,13,1,9,4,1,A,1,0,0,0,0,0,0,0,0,0,0,998,998,0,0,0,1,0,999,999,999,9999999,999,999,999,9,0,1,2,0,4,0,998,0.0,120,111,-46,18.1,6.5,19.1,2961.291421,5,7
24941,10,19,1-10-2022-019-04,4,1,1GKDS13S5223,17,472,4507,7,0,23,401,2002,14,3,14,0,1,F,9,2015,5,9999,9,0,998,2,56,1,0,1,0,2,0,0,45417,2,9,0,4,4,2,2,1,1,1,1,2,0,0,3,4,0,0,1,1,1,2,10,99,1,2,3,G,50,0,0,0,0,0,0,0,0,0,0,80,270,0,0,0,1,0,999,999,999,9999999,999,999,999,9,0,0,0,0,4,0,995,9.8,998,998,998,99.8,99.8,99.8,742.8233328,4,7
24941,10,19,1-10-2022-019-04,4,2,KM8J3CA47LU2,17,498,2058,7,0,55,402,2020,14,3,14,0,1,F,9,1634,5,9999,9,0,998,2,56,1,0,0,995,0,0,0,45424,9,9,0,4,4,1,2,1,1,1,0,3,0,0,3,4,0,0,1,0,1,4,62,99,1,1,3,G,51,0,0,0,0,0,0,0,0,0,0,270,80,0,0,0,1,0,999,999,999,9999999,999,999,999,9,0,0,0,0,0,0,995,9.8,998,998,998,99.8,99.8,99.8,742.8233328,4,7
24942,10,20,1-10-2022-020-09,9,1,2G1WT58N8892,17,467,1833,13,0,20,2,2008,4,1,4,0,1,F,2,1630,5,0,1,1,4,2,56,1,0,0,995,0,0,0,45426,9,9,2,1,3,1,2,1,1,4,1,3,0,0,1,1,1,2,1,1,1,1,3,98,1,4,6,M,0,0,0,0,0,0,0,0,0,0,0,998,998,0,0,6,7,10,999,999,999,9999999,999,10,35,3,0,9,97,0,99,0,998,0.0,11,11,60,21.0,0.9,21.1,1272.517544,4,7
24942,10,20,1-10-2022-020-09,9,2,3N1AB7AP3HY2,17,478,1907,13,0,35,43,2017,4,1,3,0,1,R,9,1300,5,9999,9,0,998,5,56,1,0,0,995,0,0,0,45405,9,9,2,1,3,1,2,1,1,4,1,3,0,0,1,1,1,2,1,0,5,3,53,1,1,1,6,M,98,0,0,0,0,0,0,0,0,0,0,110,110,0,0,0,2,0,999,999,999,9999999,999,999,999,9,0,95,95,95,95,0,995,9.8,998,998,998,99.8,99.8,99.8,1272.517544,4,7
24943,10,21,1-10-2022-021-03,3,1,KL4MMCSL3MB1,17,468,26604,7,0,18,404,2021,14,3,14,0,1,F,2,1477,5,0,1,1,13,2,56,1,0,0,995,0,0,0,45322,9,9,2,4,5,3,2,1,1,1,1,2,0,0,1,1,1,2,1,0,11,2,15,99,1,1,4,J,68,0,0,0,0,0,0,0,0,0,0,85,295,0,0,0,1,1,26,-26,0,62933,998,0,33,0,1,99,99,0,5,0,995,9.8,998,998,998,99.8,99.8,99.8,238.6174407,4,7
24943,10,21,1-10-2022-021-03,3,2,4T4BF3EK8BR2,17,448,2469,13,0,49,40,2011,4,1,4,0,1,F,2,1500,5,0,1,1,14,2,56,1,0,0,995,0,0,0,45371,9,9,2,4,5,1,2,1,1,1,1,3,0,0,1,1,1,2,1,0,1,4,62,99,1,1,4,J,69,0,0,0,0,0,0,0,0,0,0,295,85,0,0,0,1,1,25,-22,13,26620,998,74,19,0,1,9,97,0,8,0,995,9.8,998,998,998,99.8,99.8,99.8,238.6174407,4,7
24944,10,22,1-10-2022-022-09,9,1,4T1CF12K8TU1,17,448,2469,3,0,49,40,1996,2,1,2,0,1,L,1,1460,5,0,1,1,11,2,40,1,0,0,995,0,0,0,45304,9,9,0,4,2,1,2,2,1,1,0,2,0,0,5,2,0,0,9,1,8,2,10,1,1,1,2,F,48,0,0,0,0,0,0,0,0,0,0,70,90,0,0,0,1,1,13,11,6,11042,998,126,10,0,4,0,0,0,0,0,995,9.8,998,998,998,99.8,99.8,99.8,1272.517544,4,7
24944,10,22,1-10-2022-022-09,9,2,4S2CK58W1243,17,542,2818,7,0,38,402,2002,14,3,14,0,1,F,1,1879,5,0,1,1,11,2,40,1,0,0,995,0,0,0,45381,1,9,0,4,2,1,2,2,1,1,0,2,0,0,5,2,0,0,1,0,1,4,64,1,1,1,2,F,48,0,0,0,0,0,0,0,0,0,0,90,70,0,0,0,1,1,11,-10,-2,15805,998,27,14,0,4,1,2,0,3,0,995,9.9,999,999,999,99.9,99.9,99.9,1272.517544,4,7
24945,28,10,1-28-2022-010-06,6,1,1C4NJRFB2ED8,17,483,1947,7,0,2,407,2014,14,3,14,0,1,F,1,1511,5,0,1,1,34,2,64,1,0,0,995,0,0,0,13021,1,2,0,4,2,1,2,5,3,4,0,2,0,0,1,4,0,0,1,1,14,1,5,2,3,4,1,A,2,0,0,0,0,0,0,0,0,0,0,998,998,0,0,1,3,12,999,999,999,9999999,999,999,999,6,0,1,1,0,4,0,998,0.0,120,120,999,4.8,3.0,5.6,71.47271363,3,7
24946,28,11,1-28-2022-011-06,6,1,KNDPBCAC2F77,17,499,2770,7,0,63,401,2015,14,3,14,0,1,F,1,1554,5,0,1,1,5,2,72,1,0,0,995,0,0,0,16950,9,9,0,4,2,1,2,2,2,1,1,2,0,0,1,2,0,0,3,1,14,2,13,1,1,4,1,A,1,0,0,0,0,0,0,0,0,0,0,998,998,0,0,1,1,1,11,-11,0,9828,998,66,11,0,4,3,27,1,1,0,998,1.2,30,52,115,19.2,2.3,19.2,71.47271363,3,7
24947,66,12,1-66-2022-012-08,8,1,KNAGD1286352,17,499,2739,13,0,63,34,2003,4,1,3,0,1,F,2,1465,5,0,1,1,9,2,89,1,0,0,995,0,7,0,65646,1,2,0,4,2,1,2,1,3,1,0,2,0,0,1,1,6,2,9,1,14,1,6,99,1,4,1,A,2,0,0,0,0,0,0,0,0,0,0,998,998,0,1,0,1,12,999,999,999,9999999,999,999,999,7,0,3,10,1,3,0,998,0.0,120,120,-20,55.6,3.3,55.7,167.8221449,6,7
24948,13,22,1-13-2022-022-08,8,1,1GCEC14WX2Z1,17,467,1850,60,0,20,481,2002,34,5,31,0,1,F,9,1876,5,9999,9,0,998,2,64,1,8,0,995,0,9,0,76016,1,9,1,3,1,1,1,5,1,1,1,2,0,0,2,99,0,0,9,0,1,3,51,99,1,1,2,D,24,0,0,0,0,0,0,0,0,0,0,998,998,0,0,0,3,0,999,999,999,9999999,999,999,999,9,0,99,99,0,5,0,998,3.5,999,999,999,0.0,0.0,0.0,304.5658533,7,7
24948,13,22,1-13-2022-022-08,8,2,1B3LC46K28N1,17,476,1892,13,0,7,26,2008,4,1,3,0,1,F,3,1542,5,0,1,1,39,2,64,1,0,0,995,0,0,0,76012,2,9,1,3,1,1,1,5,1,1,1,2,0,0,2,99,0,0,9,0,1,3,53,99,1,1,2,D,25,0,0,0,0,0,0,0,0,0,0,998,998,0,0,9,2,1,91,-86,-31,563685,998,-25,91,0,2,2,4,0,8,0,998,2.6,999,999,999,99.9,99.9,99.9,304.5658533,7,7
24949,13,23,1-13-2022-023-06,6,1,JM1GJ1V57F11,17,473,2078,13,0,41,50,2015,4,1,4,0,1,F,2,1444,5,0,1,1,19,2,105,1,8,0,995,0,7,0,78219,1,9,0,2,3,3,1,1,3,9,3,2,0,0,1,1,0,0,9,1,14,1,8,1,1,4,1,B,6,0,0,0,0,0,0,0,0,0,0,998,998,0,0,0,4,1,31,-31,-5,78175,998,-89,31,0,2,2,4,0,4,0,998,3.3,999,999,999,0.0,0.0,0.0,572.2555126,7,7
24950,13,24,1-13-2022-024-03,3,1,2HGFC2F58HH5,17,474,1863,13,0,37,31,2017,4,1,3,0,1,F,2,1244,5,0,1,1,19,2,64,1,8,0,995,0,7,0,76244,1,1,2,1,4,4,1,1,1,4,1,0,0,0,2,1,1,2,9,0,11,2,15,2,1,1,4,J,68,0,0,0,0,0,0,0,0,0,0,40,270,0,0,0,1,3,37,-32,-19,93125,998,-93,35,0,1,1,1,0,4,0,995,9.8,998,998,998,99.8,99.8,99.8,247.788527,7,7
24950,13,24,1-13-2022-024-03,3,2,JTDDPRAE5LJ1,17,448,2208,13,0,49,32,2020,4,1,3,0,1,F,2,1315,5,9999,9,0,998,2,64,1,8,0,995,0,7,0,76131,9,1,2,1,4,3,1,1,1,2,3,1,0,0,2,1,1,2,9,0,1,2,17,99,1,1,4,J,69,0,0,0,0,0,0,0,0,0,0,270,40,0,0,0,1,3,35,-33,12,93125,998,68,37,0,4,1,3,0,4,0,995,9.8,998,998,998,99.8,99.8,99.8,247.788527,7,7
24952,25,10,1-25-2022-010-03,3,1,1FTEX1EP1KFA,17,460,1801,60,0,12,481,2019,34,5,31,0,1,T,1,2081,5,0,1,1,22,2,56,1,8,0,995,0,7,0,04260,9,9,0,4,2,1,2,1,2,4,0,0,0,0,2,1,0,0,1,1,14,2,13,2,2,4,1,A,2,1,4,2,2,5,4,31,1,1,21,997,997,0,0,0,2,6,999,999,999,9999999,999,999,999,6,0,1,1,0,4,2,997,0.0,999,35,999,0.8,0.5,0.9,446.7165008,2,7
24953,25,11,1-25-2022-011-01,1,1,1C4RJFAG5JC3,17,483,1949,7,0,2,422,2018,15,3,15,0,1,F,9,2121,5,0,1,5,47,2,64,1,1,1,175,2,1,2,04093,9,9,0,4,2,1,2,1,1,4,1,2,0,0,2,1,0,0,3,1,1,2,10,99,1,2,3,G,50,0,0,0,0,0,0,0,0,0,0,340,170,0,1,0,1,12,999,999,999,9999999,999,999,999,9,0,2,5,0,4,0,995,9.8,998,998,998,99.8,99.8,99.8,59.25138979,2,7
24953,25,11,1-25-2022-011-01,1,2,5TDZK23C98S2,17,448,2468,2,0,49,442,2008,20,4,20,0,1,F,9,1880,5,0,1,5,47,2,64,1,1,1,131,3,7,0,04038,9,9,0,4,2,1,2,1,1,2,1,2,0,0,2,1,0,0,1,0,1,4,62,99,1,1,3,G,51,0,0,0,0,0,0,0,0,0,0,170,340,0,1,0,1,12,999,999,999,9999999,999,999,999,9,0,3,14,2,1,0,995,9.8,998,998,998,99.8,99.8,99.8,59.25138979,2,7
24954,16,8,1-16-2022-008-04,4,1,1HGCV3F26NA0,17,474,1861,13,0,37,32,2022,4,1,4,0,1,F,1,1531,8,0,1,1,11,2,105,1,0,0,995,0,0,0,45231,9,9,0,2,3,3,2,1,1,1,3,2,1,3,2,1,0,0,9,1,1,2,12,99,1,4,1,B,6,0,0,0,0,0,0,0,0,0,0,998,998,0,0,0,1,12,999,999,999,9999999,999,999,999,6,0,0,0,0,0,0,998,2.9,999,999,999,0.0,0.0,0.0,1421.189552,5,7
24955,16,9,1-16-2022-009-09,9,1,KMHDN46D85U9,17,498,2735,13,0,55,35,2005,4,1,2,0,1,F,2,1217,5,0,1,1,22,2,89,1,0,1,0,2,0,0,45246,1,9,0,2,4,4,2,2,1,9,3,1,1,3,3,2,0,0,1,1,1,1,6,99,1,2,2,F,48,0,0,0,0,0,0,0,0,0,0,998,998,0,0,0,2,1,26,-25,9,34354,998,10,26,0,4,0,0,0,4,0,998,0.0,999,999,999,0.0,0.0,0.0,2170.640168,5,7
24955,16,9,1-16-2022-009-09,9,2,1G1AK58H9971,17,467,4234,13,0,20,22,2009,4,1,2,0,1,L,9,1261,5,9999,9,0,998,5,89,1,0,0,995,0,0,0,45211,9,9,0,2,4,2,2,2,1,9,3,3,0,3,3,2,6,2,1,0,1,4,60,99,1,1,2,F,48,0,0,0,0,0,0,0,0,0,0,250,310,0,0,0,1,0,999,999,999,9999999,999,999,999,9,0,95,95,95,95,0,995,9.8,998,998,998,99.8,99.8,99.8,2170.640168,5,7
24957,32,18,1-32-2022-018-02,2,1,WBAJB9C51KB2,17,452,20814,13,0,34,35,2019,4,1,5,0,1,L,2,2058,5,0,1,1,33,2,56,1,0,0,995,0,0,0,75225,1,9,2,4,2,1,1,1,1,1,0,0,0,0,1,1,0,0,9,0,11,2,15,1,1,1,4,K,82,0,0,0,0,0,0,0,0,0,0,240,350,0,0,0,1,3,30,-15,26,140877,998,85,36,0,4,0,0,0,0,0,995,9.8,998,998,998,99.8,99.8,99.8,50.94437713,7,7
24957,32,18,1-32-2022-018-02,2,2,1C4GJXAG0KW6,17,483,1943,7,0,2,403,2019,14,3,14,0,1,F,2,1778,5,0,1,1,17,2,56,1,0,0,995,0,0,0,75150,1,1,2,1,4,2,1,1,1,1,3,3,0,0,1,1,0,0,9,0,1,4,72,3,1,1,4,K,83,0,0,0,0,0,0,0,0,0,0,350,240,0,0,0,1,3,35,-34,-6,50125,998,-39,25,0,4,2,5,0,4,0,995,9.8,998,998,998,99.8,99.8,99.8,50.94437713,7,7
24957,32,18,1-32-2022-018-02,2,3,JA4AD3A34LZ0,17,481,2163,7,0,52,404,2020,14,3,14,0,1,R,9,1545,5,9999,9,0,998,5,56,1,0,0,995,0,0,0,75243,9,9,2,4,2,1,1,1,1,1,0,0,0,0,1,1,2,2,9,0,11,4,66,1,1,1,6,M,98,0,0,0,0,0,0,0,0,0,0,50,310,0,0,0,2,0,999,999,999,9999999,999,999,999,9,0,95,95,95,95,0,995,9.8,998,998,998,99.8,99.8,99.8,50.94437713,7,7
24958,54,14,1-54-2022-014-07,7,1,1G1FB1RX6G01,17,467,1829,3,0,20,9,2016,2,1,4,0,1,F,2,1530,5,0,1,1,18,2,72,1,0,0,995,0,1,3,35581,1,2,0,4,2,1,2,1,2,2,1,2,0,0,1,8,0,0,1,1,14,2,12,8,2,4,1,B,7,0,0,0,0,0,0,0,0,0,0,998,998,0,0,0,1,10,999,999,999,9999999,999,0,28,3,0,1,1,0,0,0,998,9.8,998,998,998,99.8,99.8,99.8,426.8869037,9,7
24959,54,15,1-54-2022-015-07,7,1,4T4BF1FK9ER3,17,448,2469,13,0,49,40,2014,4,1,3,0,1,L,9,1441,5,9999,9,0,998,2,72,1,0,0,995,0,0,0,35653,9,9,0,1,2,1,2,1,2,1,1,3,0,0,1,1,0,0,9,1,12,2,21,99,1,2,6,M,98,0,0,0,0,0,0,0,0,0,0,165,175,0,0,0,1,0,999,999,999,9999999,999,999,999,9,0,0,0,0,0,0,995,9.8,998,998,998,99.8,99.8,99.8,426.8869037,9,7
24959,54,15,1-54-2022-015-07,7,2,1FAHP24W78G1,17,460,1782,13,0,12,17,2008,4,1,4,0,1,F,9,1653,5,9999,9,0,998,2,72,1,0,0,995,0,0,0,35674,1,9,0,1,2,2,2,1,2,1,3,4,0,0,1,1,0,0,9,0,14,4,61,99,1,1,6,M,98,0,0,0,0,0,0,0,0,0,0,175,165,0,0,0,1,0,999,999,999,9999999,999,999,999,9,0,1,2,0,4,0,995,9.8,998,998,998,99.8,99.8,99.8,426.8869037,9,7
24960,32,19,1-32-2022-019-08,8,1,1C3EJ56H4WN1,17,477,1876,13,0,6,44,1998,4,1,3,0,1,F,2,1440,5,9999,9,4,44,2,56,1,0,0,995,0,0,0,75228,9,9,0,4,2,1,1,2,2,1,0,2,0,0,3,2,0,0,9,1,14,1,6,1,9,4,1,A,2,0,0,0,0,0,0,0,0,0,0,998,998,0,0,1,1,12,999,999,999,9999999,999,999,999,7,0,9,97,0,8,0,998,0.0,32,32,999,3.8,0.7,3.9,1101.8444,7,7
24961,31,10,1-31-2022-010-08,8,1,5GZCZ33Z97S8,17,1056,4595,7,0,24,401,2007,14,3,14,0,1,F,3,1455,5,9999,9,1,55,2,89,1,0,1,0,2,0,2,62930,1,9,2,4,2,98,2,1,1,1,4,1,0,0,1,1,0,0,9,1,6,4,61,99,1,1,4,J,73,0,0,0,0,0,0,0,0,0,0,35,30,0,0,0,1,5,999,999,999,9999999,999,999,43,4,0,2,9,0,3,0,995,9.8,998,998,998,99.8,99.8,99.8,266.8338251,6,7
24961,31,10,1-31-2022-010-08,8,2,2HSCHAPR67C4,17,526,2546,66,0,84,881,2007,66,8,68,0,1,L,9,,,,,,,2,89,1,0,0,995,0,0,0,62954,9,9,2,4,2,1,2,1,1,1,1,4,0,0,1,1,0,0,9,1,11,2,10,99,1,1,4,J,72,,,,,,,,,,,,,,,,,,,,,,,,,,,95,95,95,95,,,9.8,998,998,998,99.8,99.8,99.8,266.8338251,6,7
24962,31,11,1-31-2022-011-04,4,1,3VV2B7AXXKM0,17,482,8151,7,0,30,402,2019,14,3,14,0,1,F,1,1749,5,50,2,1,3,2,89,1,0,0,995,0,0,0,46952,9,9,0,1,2,1,2,1,1,1,1,3,2,3,2,1,0,0,1,0,1,6,87,2,1,1,1,C,13,0,0,0,0,0,0,0,0,0,0,998,998,0,0,0,1,12,999,999,999,9999999,999,999,999,6,0,0,0,0,0,0,998,9.8,998,998,998,99.8,99.8,99.8,295.8200012,6,7
24966,27,12,1-27-2022-012-03,3,1,5YFEPMAEXMP1,17,448,2208,13,0,49,32,2021,4,1,3,0,1,L,2,1315,5,0,1,1,7,2,56,1,1,1,216,2,0,2,37643,1,2,0,4,2,1,2,1,1,4,1,2,0,0,3,8,0,0,9,1,1,2,10,1,1,2,3,I,64,0,0,0,0,0,0,0,0,0,0,95,280,0,0,0,1,8,999,999,999,9999999,999,999,999,7,0,1,1,0,4,0,995,9.8,998,998,998,99.8,99.8,99.8,20.16004776,3,7
24966,27,12,1-27-2022-012-03,3,2,WDDHF8JB0CA5,17,449,2081,13,0,42,48,2012,4,1,4,0,1,L,2,1825,5,0,1,1,7,2,56,1,0,0,995,0,0,0,01201,9,9,0,4,2,1,2,1,2,2,1,2,0,0,3,8,0,0,1,1,14,4,62,4,1,2,3,I,65,0,0,0,0,0,0,0,0,0,0,280,95,0,0,0,1,8,999,999,999,9999999,999,999,999,7,0,0,0,0,0,0,995,1.5,999,999,999,0.0,0.0,0.0,20.16004776,3,7
24967,27,13,1-27-2022-013-07,7,1,1GNSKBKC4FR6,17,467,1852,7,0,20,421,2015,15,3,15,0,1,F,1,2515,5,9999,9,0,998,5,56,1,0,0,995,0,0,0,01029,9,9,2,4,2,1,2,1,1,2,0,2,0,0,1,1,2,2,9,0,1,2,17,99,1,1,5,L,86,0,0,0,0,0,0,0,0,0,0,100,190,0,0,0,1,3,9,-9,2,5820,998,42,7,0,4,95,95,95,95,0,995,9.8,998,998,998,99.8,99.8,99.8,157.3748683,3,7
24967,27,13,1-27-2022-013-07,7,2,1FADP3F24FL3,17,460,1779,13,0,12,37,2015,4,1,3,0,1,R,1,1340,5,0,1,1,4,2,56,1,0,0,995,0,0,0,01201,9,9,2,4,3,1,2,1,1,5,1,1,0,0,1,1,0,0,1,0,1,4,68,3,1,1,5,L,87,0,0,0,0,0,0,0,0,0,0,190,100,0,0,0,1,3,16,-3,-15,15395,998,-1,17,0,4,0,0,0,0,0,995,9.8,998,998,998,99.8,99.8,99.8,157.3748683,3,7
24968,73,14,1-73-2022-014-04,4,1,JN1BJ1CRXJW2,17,478,17214,5,0,35,51,2018,6,1,3,0,1,F,1,1518,5,0,1,1,20,2,56,1,8,0,995,0,7,0,04927,9,9,2,4,4,1,2,3,1,1,3,2,0,0,1,4,0,0,1,0,1,4,61,99,1,1,2,F,45,0,0,0,0,0,0,0,0,0,0,195,215,0,0,0,1,8,999,999,999,9999999,999,999,999,6,0,0,0,0,0,0,995,9.8,998,998,998,99.8,99.8,99.8,194.3950519,3,7
24968,73,14,1-73-2022-014-04,4,2,2G1WB58K7793,17,467,1833,13,0,20,2,2007,4,1,4,0,1,R,9,1630,5,9999,9,0,998,2,56,1,8,0,995,0,7,0,04937,9,9,2,4,4,2,2,3,1,1,3,2,0,0,1,4,0,0,1,1,15,2,11,99,1,1,2,F,46,0,0,0,0,0,0,0,0,0,0,215,195,0,0,0,1,0,999,999,999,9999999,999,999,999,9,0,0,0,0,0,0,995,9.8,998,998,998,99.8,99.8,99.8,194.3950519,3,7
24969,73,15,1-73-2022-015-03,3,1,JA4J4VA87NZ0,17,481,2163,7,0,52,404,2022,14,3,14,0,1,F,1,1685,8,0,1,1,4,2,80,1,8,0,995,0,7,0,04979,9,9,0,4,2,1,2,3,2,4,1,2,0,0,1,4,0,0,1,0,14,4,62,4,1,1,3,G,52,0,0,0,0,0,0,0,0,0,0,110,345,0,0,0,1,12,999,999,999,9999999,999,999,999,6,0,1,1,0,4,0,995,9.8,998,998,998,99.8,99.8,99.8,48.22384432,3,7