CASEID,PSU,CASENO,CASENUMBER,CATEGORY,VEHNO,VIN,VINLENGTH,VPICMAKE,VPICMODEL,VPICBODYCLASS,ICFINALBODY,MAKE,MODEL,MODELYR,BODYTYPE,BODYCAT,VEHCLASS,SPECUSE,TRANSTAT,DAMPLANE,DAMSEV,CURBWT,CURBSRC,CARGOWT,CARGOSRC,INSPTYPE,INSPLAG,TOWED,SPEEDLIMIT,DRPRESENT,PARALCOHOL,ALCTEST,ALCTESTRESULT,ALCTESTSRC,PARDRUG,DRUGTEST,ZIP,RACE,ETHNICITY,RELTOJUNCT,TRAFFLOW,RDLANES,INITLANE,SURFTYPE,SURFCOND,ALIGNMENT,PROFILE,LINERIGHT,LINELEFT,RUMBINIT,RUMBROAD,LIGHTCOND,WEATHER,TRAFDEV,TRAFFUNCT,DISTRACT,PREFHE,PREMOVE,CRITCAT,CRITEVENT,MANEUVER,PRESTAB,PRELOC,CRASHCAT,CRASHCONF,CRASHTYPE,ROLLTYPE,ROLLTURN,ROLLINTRPT,ROLLPREMAN,ROLLINITYP,ROLLINLOC,ROLLOBJ,ROLLTRIP,ROLLDIR,ROLLDIST,DVANGTHIS,DVANGOTH,TOWHITCH,TRAJDOC,TREEPOLE,DVEVENT,DVBASIS,DVTOTAL,DVLONG,DVLAT,DVENERGY,DVSPEED,DVMOMENT,DVBES,DVEST,DVCONF,VAIS,VISS,VINJURED,VTREAT,INITOBJCLASS,HEADANGLECAT,SHLDRWIDTH,STRKLENGTH,STRKWIDTH,STRKHEIGHT,EDGEDISTX,EDGEDISTY,EDGEDISTZ,CASEWGT,PSUSTRAT,VERSION
24969,73,15,1-73-2022-015-03,3,2,1FTYR10D16PA,17,460,1803,60,0,12,471,2006,34,5,31,0,1,L,9,1546,5,9999,9,0,998,2,80,1,0,0,995,0,7,0,04943,9,9,0,4,2,1,2,3,3,2,1,2,0,0,1,4,0,0,1,1,14,1,6,99,3,2,3,G,52,0,0,0,0,0,0,0,0,0,0,345,110,0,0,0,1,0,999,999,999,9999999,999,999,999,9,0,0,0,0,0,0,995,9.8,998,998,998,99.8,99.8,99.8,48.22384432,3,7
24970,19,25,1-19-2022-025-03,3,1,1C4HJXDN9LW2,17,483,1943,7,0,2,403,2020,14,3,14,0,1,F,1,1903,5,0,1,1,3,2,72,1,0,1,0,2,0,1,35954,1,9,2,4,2,1,2,1,3,1,1,2,0,0,1,1,0,0,9,1,14,2,13,3,1,4,1,A,1,0,0,0,0,0,0,0,0,0,0,998,998,0,1,0,1,1,14,-14,0,15373,998,0,14,0,1,4,29,1,3,0,998,0.1,120,120,-20,14.2,7.1,15.5,60.11210151,9,7
24971,19,26,1-19-2022-026-03,3,1,3KPF24AD8ME3,17,499,2462,13,0,63,38,2021,4,1,3,0,1,F,1,1256,5,9999,9,0,998,2,72,1,0,0,995,0,0,0,31831,2,2,2,4,6,2,2,1,1,1,1,3,0,0,1,1,1,2,3,0,1,2,17,8,1,1,4,K,83,0,0,0,0,0,0,0,0,0,0,120,340,0,0,0,1,3,9,-9,2,3320,998,34,8,0,4,1,1,0,4,0,995,9.8,998,998,998,99.8,99.8,99.8,60.11210151,9,7
24971,19,26,1-19-2022-026-03,3,2,WBAVM1C58DVW,17,452,2300,7,0,34,403,2013,14,3,14,0,1,L,1,1690,5,0,1,1,8,2,72,1,0,0,995,0,0,0,35906,1,9,2,4,5,3,2,1,1,2,1,2,0,0,1,1,1,2,9,0,11,4,66,1,1,1,4,K,82,0,0,0,0,0,0,0,0,0,0,340,120,0,0,0,1,3,7,-4,5,5367,998,-71,8,0,4,0,0,0,0,0,995,9.8,998,998,998,99.8,99.8,99.8,60.11210151,9,7
24972,19,27,1-19-2022-027-07,7,1,1C3CCCAB0FN5,17,477,2053,13,0,6,18,2015,4,1,3,0,1,U,1,1575,5,0,1,1,9,2,56,1,0,0,995,0,0,0,36272,2,9,2,4,2,1,2,1,3,1,0,2,0,0,1,1,3,2,9,1,14,1,3,1,1,4,1,B,6,0,0,0,0,0,0,0,0,0,0,998,998,0,1,0,1,12,999,999,999,9999999,999,999,999,6,0,0,0,0,0,0,998,0.0,999,999,999,7.5,3.1,8.1,406.7653087,9,7
24973,19,28,1-19-2022-028-04,4,1,4T1B11HK9JU6,17,448,2469,13,0,49,40,2018,4,1,4,0,1,F,1,1470,5,0,2,1,9,2,40,1,0,0,995,0,0,0,35903,2,2,2,1,1,1,2,1,1,4,1,2,0,0,1,1,1,2,1,1,1,2,13,3,1,4,1,A,3,0,0,0,0,0,0,0,0,0,0,998,998,0,1,0,1,12,999,999,999,9999999,999,999,999,6,0,0,0,0,0,0,998,0.0,120,23,25,5.4,2.3,5.0,236.024291,9,7
24974,33,2,1-33-2022-002-06,6,1,1FADP3K22EL2,17,460,1779,5,0,12,37,2014,5,1,3,0,1,R,1,1327,5,0,1,1,17,2,40,1,0,0,995,0,0,0,95920,1,9,2,4,2,1,2,1,1,1,0,2,0,0,3,1,1,2,1,0,1,2,17,2,1,1,5,L,87,0,0,0,0,0,0,0,0,0,0,205,120,0,1,0,1,3,11,-5,-9,13370,998,-77,14,0,4,99,99,0,0,0,995,0.0,90,999,60,4.5,0.4,4.5,276.6243294,12,7
24974,33,2,1-33-2022-002-06,6,2,2HGES16571H5,17,474,1863,13,0,37,31,2001,4,1,2,0,1,F,1,1095,5,9999,9,0,998,2,40,1,0,0,995,0,0,0,95966,1,9,2,3,3,1,2,1,1,1,0,3,0,0,3,1,1,2,1,0,1,2,17,1,1,1,5,L,86,0,0,0,0,0,0,0,0,0,0,120,205,0,1,0,1,3,12,-10,6,5763,998,99,9,0,4,1,1,0,4,0,995,9.8,998,998,998,99.8,99.8,99.8,276.6243294,12,7
24975,21,10,1-21-2022-010-03,3,1,KM8J33AL2MU3,17,498,2058,7,0,55,402,2021,14,3,14,0,1,F,1,1560,5,0,1,1,33,2,48,1,0,1,0,2,0,0,92401,9,9,2,4,3,2,2,1,1,1,1,2,0,0,1,1,1,2,9,0,1,4,66,99,1,1,5,L,86,0,0,0,0,0,0,0,0,0,0,85,175,0,0,0,1,3,16,-15,6,12661,998,29,14,0,4,9,0,0,3,0,995,9.8,998,998,998,99.8,99.8,99.8,525.779518,11,7
24975,21,10,1-21-2022-010-03,3,2,2HKRM3H50CH5,17,474,1865,7,0,37,402,2012,14,3,14,0,1,R,1,1499,5,9999,9,4,42,2,56,1,0,0,995,0,0,0,92501,1,9,2,4,3,1,2,1,1,1,0,1,0,0,1,1,1,2,9,0,1,4,66,99,1,1,5,L,87,1,3,2,5,7,1,1,2,2,8,175,85,0,0,0,1,3,17,-6,-16,26093,998,51,19,0,4,2,4,0,3,1,995,9.8,998,998,998,99.8,99.8,99.8,525.779518,11,7
24976,21,11,1-21-2022-011-03,3,1,1HGCP2F68CA1,17,474,1861,13,0,37,32,2012,4,1,4,0,1,R,9,1468,5,9999,9,0,998,2,56,1,0,0,995,0,0,0,92324,9,9,2,4,5,1,2,1,1,1,0,1,0,0,1,1,1,2,9,0,1,4,66,99,1,1,5,L,87,0,0,0,0,0,0,0,0,0,0,175,45,0,0,0,1,0,999,999,999,9999999,999,999,999,9,0,0,0,0,0,0,995,9.8,998,998,998,99.8,99.8,99.8,525.779518,11,7
24976,21,11,1-21-2022-011-03,3,2,W1N0G8DB6LF7,17,449,5885,7,0,42,405,2020,14,3,14,0,1,F,1,1804,5,9999,9,4,58,2,56,1,0,0,995,0,0,0,92324,9,1,2,4,5,2,2,1,1,1,1,0,0,0,1,1,1,2,1,0,1,4,66,2,1,1,5,L,86,0,0,0,0,0,0,0,0,0,0,45,175,0,0,0,1,98,999,999,999,9999999,999,999,999,6,0,1,1,0,4,0,995,9.8,998,998,998,99.8,99.8,99.8,525.779518,11,7
24977,26,19,1-26-2022-019-04,4,1,3N1CN7AP9JL8,17,478,1894,13,0,35,50,2018,4,1,2,0,1,F,1,1136,8,0,1,1,19,2,105,1,0,0,995,0,0,0,95818,2,9,1,3,2,1,2,1,2,9,1,3,0,0,3,1,0,0,1,1,14,2,10,99,1,2,2,F,45,0,0,0,0,0,0,0,0,0,0,998,998,0,0,0,2,1,19,-17,10,20664,998,44,19,0,4,0,0,0,0,0,998,1.6,999,999,999,0.0,0.0,0.0,1786.213145,10,7
24977,26,19,1-26-2022-019-04,4,2,JALE5W162L79,17,542,14133,63,11,38,882,2020,61,8,60,0,1,R,9,,,,,,,5,105,1,0,0,995,0,0,0,94591,9,9,1,3,2,2,2,1,2,9,3,2,0,0,3,1,0,0,1,0,14,4,61,1,1,1,2,F,44,,,,,,,,,,,,,,,,,,,,,,,,,,,95,95,95,95,,,9.8,998,998,998,99.8,99.8,99.8,1786.213145,10,7
24978,26,20,1-26-2022-020-03,3,1,KMHC75LD7KU1,17,498,21961,5,0,55,45,2019,5,1,3,0,1,L,1,1477,5,0,1,1,16,2,105,1,0,0,995,0,0,0,95830,1,9,0,2,6,5,2,1,1,9,3,3,0,0,1,1,0,0,1,1,1,2,10,2,9,2,2,F,47,0,0,0,0,0,0,0,0,0,0,230,240,0,0,0,1,3,6,-5,3,2645,998,-9,7,0,4,99,99,0,99,0,995,9.8,998,998,998,99.8,99.8,99.8,340.9634041,10,7
24978,26,20,1-26-2022-020-03,3,2,1GNEVFKW5LJ1,17,467,1853,7,0,20,423,2020,15,3,15,5,1,R,1,2132,5,9999,9,0,998,2,105,1,0,0,995,0,0,0,95811,1,9,0,2,6,6,2,1,1,9,3,2,0,0,1,1,0,0,1,0,2,4,61,1,1,1,2,F,45,0,0,0,0,0,0,0,0,0,0,240,230,0,0,0,1,3,4,3,-3,878,998,68,3,0,4,99,99,0,99,0,995,9.8,998,998,998,99.8,99.8,99.8,340.9634041,10,7
24979,12,11,1-12-2022-011-08,8,1,1N4AL21E28N5,17,478,1904,13,0,35,47,2008,4,1,4,0,1,T,9,1429,5,9999,9,0,998,2,105,1,0,0,995,0,0,0,73086,9,9,0,4,2,1,2,1,3,1,1,4,0,0,1,1,0,0,1,1,14,2,13,99,1,4,1,A,1,1,4,1,2,1,4,61,1,1,25,997,997,0,0,0,3,0,999,999,999,9999999,999,999,999,9,0,2,9,0,3,3,997,0.0,999,999,999,10.7,4.0,11.7,1021.234087,9,7
24980,12,12,1-12-2022-012-05,5,1,1G1JC6SH0G41,17,467,1835,5,0,20,28,2016,5,1,1,0,1,F,2,1230,5,0,1,1,30,2,89,1,0,0,995,0,0,0,73438,1,2,0,4,2,1,2,1,1,2,1,2,2,3,1,1,0,0,1,0,1,6,90,1,1,1,1,C,15,1,4,2,5,8,4,78,3,1,21,998,998,0,0,0,1,12,999,999,999,9999999,999,999,999,7,0,4,41,1,1,4,998,9.8,998,998,998,99.8,99.8,99.8,183.5858721,9,7
24981,17,13,1-17-2022-013-04,4,1,1GCCS19W9Y82,17,467,11483,60,0,20,471,2000,34,5,30,0,1,F,2,1425,5,0,1,1,4,2,48,1,9,0,995,0,9,0,61265,1,9,2,4,4,2,1,1,1,1,1,2,0,0,1,1,1,2,9,0,11,2,15,2,1,1,4,J,68,0,0,0,0,0,0,0,0,0,0,220,80,0,0,0,1,1,26,-24,-9,19831,998,-26,18,0,1,0,0,0,0,0,995,9.8,998,998,998,99.8,99.8,99.8,426.7093376,4,7
24981,17,13,1-17-2022-013-04,4,2,1VWBA7A31JC0,17,482,3134,13,0,30,46,2018,4,1,4,0,1,F,1,1480,5,0,1,1,3,2,48,1,9,0,995,0,9,0,61201,1,9,2,4,4,1,1,1,1,1,0,3,0,0,1,1,1,2,9,0,1,4,62,2,1,1,4,J,69,0,0,0,0,0,0,0,0,0,0,80,220,0,0,0,1,1,24,-22,8,63073,998,69,28,0,1,0,0,0,0,0,995,9.8,998,998,998,99.8,99.8,99.8,426.7093376,4,7
24982,17,14,1-17-2022-014-03,3,1,KL4CJASB9JB6,17,468,1842,7,0,18,404,2018,14,3,14,0,1,F,1,1468,5,0,1,1,6,2,48,1,9,0,995,0,9,0,61265,1,9,2,4,3,2,1,1,1,1,1,2,0,0,1,1,1,2,9,0,1,2,17,1,1,1,5,L,88,0,0,0,0,0,0,0,0,0,0,270,180,0,0,0,1,1,16,-12,-10,32486,998,-123,17,0,1,1,1,0,4,0,995,9.8,998,998,998,99.8,99.8,99.8,140.1767422,4,7
24982,17,14,1-17-2022-014-03,3,2,2T3G1RFV8KW0,17,448,2217,7,0,49,402,2019,14,3,14,0,1,L,1,1583,5,0,1,1,6,2,48,1,9,0,995,0,9,0,61080,1,9,2,4,5,2,1,1,1,4,3,1,0,0,1,1,1,2,9,0,1,4,66,99,1,1,5,L,89,0,0,0,0,0,0,0,0,0,0,180,270,0,0,0,1,1,15,-9,11,10060,998,-27,12,0,1,0,0,0,0,0,995,9.8,998,998,998,99.8,99.8,99.8,140.1767422,4,7
24985,76,14,1-76-2022-014-06,6,1,5TFSZ5AN0KX1,17,448,2223,60,0,49,472,2019,34,5,31,0,1,F,2,1927,5,9999,9,4,116,2,89,1,8,9,998,8,7,9,13753,9,9,3,4,2,1,2,1,3,1,1,2,0,0,1,1,0,0,3,0,14,3,51,99,1,1,2,D,24,0,0,0,0,0,0,0,0,0,0,195,195,0,0,0,1,5,999,999,999,9999999,999,999,999,7,0,1,1,0,4,0,995,9.8,998,998,998,99.8,99.8,99.8,23.13866227,3,7
24985,76,14,1-76-2022-014-06,6,2,1M2AX04C5CM0,17,490,2030,11,0,86,881,2012,63,8,60,0,1,D,9,,,,,,,5,89,1,8,9,998,8,7,9,13731,9,9,3,4,2,1,2,1,3,1,1,2,0,0,1,1,0,0,9,0,14,3,53,99,1,1,2,D,25,,,,,,,,,,,,,,,,,,,,,,,,,,,95,95,95,95,,,9.8,998,998,998,99.8,99.8,99.8,23.13866227,3,7
24986,20,24,1-20-2022-024-08,8,1,1GTGC24R3YR1,17,472,1857,60,0,23,481,2000,34,5,31,0,1,9,9,2205,5,9999,9,0,998,7,89,1,1,8,997,8,9,9,93954,1,9,0,4,2,1,2,1,3,1,1,2,0,0,2,1,0,0,9,1,14,1,6,99,2,4,1,B,7,1,8,2,6,1,4,61,1,1,22,997,997,0,0,0,1,0,999,999,999,9999999,999,999,999,9,0,9,97,0,8,3,997,9.8,998,998,998,99.8,99.8,99.8,106.246515,11,7
24987,20,25,1-20-2022-025-02,2,1,WAUC4CF56JA0,17,582,3788,5,0,32,52,2018,5,1,4,0,1,R,1,1680,5,9999,9,0,998,2,80,1,0,0,995,0,0,0,93923,1,9,3,5,3,2,2,1,1,1,4,4,0,0,1,1,0,0,2,0,11,2,15,1,1,1,4,J,68,0,0,0,0,0,0,0,0,0,0,200,90,0,0,0,1,3,19,-10,-16,37709,998,57,22,0,4,2,5,0,8,0,995,9.8,998,998,998,99.8,99.8,99.8,31.9626892,11,7
24987,20,25,1-20-2022-025-02,2,2,5TEUU42N18Z5,17,448,2223,60,0,49,472,2008,34,5,31,0,1,F,1,1791,5,0,1,1,48,2,80,1,0,0,995,0,0,0,93924,1,9,3,5,3,1,2,1,1,1,1,4,0,0,1,1,0,0,1,0,1,4,62,2,1,1,4,J,69,0,0,0,0,0,0,0,0,0,0,90,200,0,0,0,1,3,18,-18,3,14957,998,41,14,0,4,0,0,0,0,0,995,9.8,998,998,998,99.8,99.8,99.8,31.9626892,11,7
24989,20,27,1-20-2022-027-03,3,1,2GNALCEK8G11,17,467,1847,7,0,20,404,2016,14,3,14,0,1,L,2,1706,5,0,1,1,11,2,89,1,0,0,995,0,0,0,93908,1,9,2,4,2,1,2,1,1,1,0,2,0,0,1,1,2,2,2,0,11,2,15,1,1,1,4,K,82,0,0,0,0,0,0,0,0,0,0,135,255,0,0,0,1,1,26,-13,22,26331,998,7,19,0,4,1,1,0,99,0,995,9.8,998,998,998,99.8,99.8,99.8,109.9947654,11,7
24989,20,27,1-20-2022-027-03,3,2,3N1CP5CV6ML5,17,478,22791,5,0,35,56,2021,5,1,2,0,1,F,2,1221,5,0,1,1,11,2,89,1,0,0,995,0,0,0,93907,1,9,2,4,2,1,2,1,3,1,3,2,2,3,1,1,0,0,1,0,14,4,67,2,1,1,4,K,83,0,0,0,0,0,0,0,0,0,0,255,135,0,0,0,1,1,36,-36,0,89960,998,0,42,0,4,9,97,0,8,0,995,9.8,998,998,998,99.8,99.8,99.8,109.9947654,11,7
24990,76,15,1-76-2022-015-04,4,1,5XYRG4LC4MG0,17,499,2769,7,0,63,402,2021,14,3,14,0,1,F,9,1735,5,9999,9,0,998,2,89,1,8,9,998,8,7,9,10010,9,9,0,4,2,1,2,3,3,2,1,2,0,0,1,4,0,0,9,1,14,1,6,99,2,4,1,A,2,0,0,0,0,0,0,0,0,0,0,998,998,0,1,0,3,0,999,999,999,9999999,999,999,999,9,0,0,0,0,0,0,998,3.1,112,74,-58,3.6,0.8,3.7,30.39049849,3,7
24994,77,13,1-77-2022-013-03,3,1,1N4BL4FW2MN3,17,478,1904,13,0,35,47,2021,4,1,4,0,1,F,1,1545,5,0,1,1,10,3,56,1,0,0,995,0,0,0,22968,9,9,0,5,5,1,2,2,1,1,1,3,0,0,3,98,0,0,3,1,1,2,13,4,1,4,1,A,1,0,0,0,0,0,0,0,0,0,0,998,998,0,0,2,1,10,999,999,999,9999999,999,55,12,2,0,0,0,0,4,0,998,1.0,42,20,117,15.6,3.6,16.4,164.7105913,9,7
24995,24,21,1-24-2022-021-07,7,1,1VWBT7A33EC0,17,482,3134,13,0,30,46,2014,4,1,4,0,1,F,1,1541,5,0,1,5,20,2,72,1,0,0,995,0,0,0,07305,9,9,2,4,3,1,2,1,1,1,1,2,0,0,1,1,0,0,9,0,1,3,50,99,1,1,2,D,20,0,0,0,0,0,0,0,0,0,0,270,270,0,0,0,1,12,999,999,999,9999999,999,999,999,6,0,0,0,0,0,0,995,9.8,998,998,998,99.8,99.8,99.8,319.8177196,1,7
24995,24,21,1-24-2022-021-07,7,2,1FADP3F27HL2,17,460,1779,13,0,12,37,2017,4,1,3,0,1,B,9,1340,5,9999,9,0,998,5,72,1,0,0,995,0,0,0,08087,9,9,2,4,3,1,2,1,1,1,1,2,0,0,1,1,0,0,9,0,5,3,53,99,1,1,2,D,21,0,0,0,0,0,0,0,0,0,0,270,270,0,0,0,1,0,999,999,999,9999999,999,999,999,9,0,95,95,95,95,0,995,9.8,998,998,998,99.8,99.8,99.8,319.8177196,1,7
24996,20,26,1-20-2022-026-04,4,1,4S3GKAU61J36,17,523,2235,13,0,48,38,2018,4,1,3,0,1,F,1,1376,5,0,1,1,16,2,89,1,0,0,995,0,0,0,93955,1,1,0,2,1,1,1,1,2,2,1,2,3,3,2,5,0,0,2,0,14,3,51,4,1,1,2,D,24,0,0,0,0,0,0,0,0,0,0,35,35,0,0,0,1,3,18,-18,0,14130,998,-33,16,0,4,0,0,0,0,0,995,9.8,998,998,998,99.8,99.8,99.8,549.6313459,11,7
24996,20,26,1-20-2022-026-04,4,2,1GC1KWE86FF1,17,467,1850,60,0,20,481,2015,34,5,31,0,1,B,1,2918,5,9999,9,0,998,7,89,1,0,0,995,0,0,0,95012,9,1,0,2,1,1,2,1,2,2,1,2,3,3,2,5,0,0,1,0,14,3,53,1,1,1,2,D,25,0,0,0,0,0,0,0,0,0,0,35,35,0,0,0,1,3,9,9,0,15777,998,-90,11,0,4,0,0,0,0,0,995,9.8,998,998,998,99.8,99.8,99.8,549.6313459,11,7
24997,29,3,1-29-2022-003-09,9,1,1XP5DB0X12D5,17,495,2046,66,0,87,881,2002,66,8,68,0,1,F,9,,,,,,,5,56,1,0,0,995,0,0,0,02330,9,9,2,4,4,2,2,2,1,1,1,2,0,0,1,1,1,2,9,0,1,4,66,99,1,1,4,K,83,,,,,,,,,,,,,,,,,,,,,,,,,,,95,95,95,95,,,9.8,998,998,998,99.8,99.8,99.8,2479.820609,2,7
24997,29,3,1-29-2022-003-09,9,2,JF1GPAA63CH2,17,523,2235,15,0,48,38,2012,6,1,3,0,1,L,2,1320,5,0,1,1,14,2,48,1,0,0,995,0,0,0,02771,1,2,2,4,3,2,2,2,1,1,1,2,0,0,1,1,1,2,2,0,11,2,15,4,1,1,4,K,82,0,0,0,0,0,0,0,0,0,0,145,270,0,0,0,1,5,999,999,999,9999999,999,999,37,3,0,1,1,0,4,0,995,0.5,999,999,999,2.0,0.0,2.0,2479.820609,2,7
24998,13,26,1-13-2022-026-03,3,1,2T3C1RFV8LW0,17,448,2217,7,0,49,402,2020,14,3,14,0,1,F,9,1528,5,9999,9,0,998,2,64,1,8,0,995,0,7,0,76063,2,9,0,1,2,1,1,1,1,1,0,3,0,0,1,1,0,0,9,0,1,3,50,99,1,1,2,D,32,0,0,0,0,0,0,0,0,0,0,60,60,0,0,0,1,0,999,999,999,9999999,999,999,999,9,0,1,1,0,4,0,995,9.8,998,998,998,99.8,99.8,99.8,247.7885269,7,7
24998,13,26,1-13-2022-026-03,3,2,1FTMF1C83HKD,17,460,1801,60,0,12,481,2017,34,5,31,0,1,B,9,1884,5,9999,9,0,998,5,64,0,7,7,887,6,8,8,99998,9,9,0,1,2,1,1,1,1,1,0,3,0,0,1,1,0,0,0,8,0,3,53,0,0,0,2,D,32,0,0,0,0,0,0,0,0,0,0,60,60,0,0,0,1,0,999,999,999,9999999,999,999,999,9,0,95,95,95,95,0,995,9.8,998,998,998,99.8,99.8,99.8,247.7885269,7,7
24999,77,14,1-77-2022-014-02,2,1,3C63RRGL3KG6,17,496,13622,60,0,7,880,2019,67,8,60,0,1,F,9,,,,,,,5,72,1,0,0,995,0,0,0,22903,9,9,0,1,4,4,2,1,1,2,3,2,0,0,1,1,0,0,1,0,1,3,52,1,1,1,2,D,28,,,,,,,,,,,,,,,,,,,,,,,,,,,95,95,95,95,,,9.8,998,998,998,99.8,99.8,99.8,90.06596167,9,7
24999,77,14,1-77-2022-014-02,2,2,JTNKARJE5JJ5,17,448,15800,5,0,49,32,2018,5,1,2,0,1,B,3,1335,5,0,1,1,11,2,72,1,0,1,0,2,0,0,22901,9,1,0,1,4,4,2,1,1,2,3,2,0,0,1,1,0,0,1,0,2,3,53,1,1,1,2,D,29,0,0,0,0,0,0,0,0,0,0,45,45,0,0,0,1,5,999,999,999,9999999,999,999,999,8,0,1,1,0,4,0,995,9.8,998,998,998,99.8,99.8,99.8,90.06596167,9,7
24999,77,14,1-77-2022-014-02,2,3,SALMF154X8A2,17,444,2247,7,0,62,421,2008,15,3,15,0,1,B,1,2480,5,9999,9,0,998,5,72,1,0,0,995,0,0,0,22947,9,9,0,1,4,4,2,1,1,2,3,2,0,0,1,1,0,0,1,0,2,3,53,1,1,1,6,M,98,0,0,0,0,0,0,0,0,0,0,45,45,0,0,0,2,3,18,18,0,36104,998,0,19,0,4,95,95,95,95,0,995,9.8,998,998,998,99.8,99.8,99.8,90.06596167,9,7
25001,54,16,1-54-2022-016-01,1,1,1FTRX18L73NA,17,460,1801,60,0,12,481,2003,34,5,31,0,1,L,2,1961,5,0,1,1,3,2,72,1,9,1,182,3,9,1,35654,1,9,0,4,2,1,2,2,1,1,1,4,0,0,2,2,0,0,9,1,1,2,12,99,2,4,1,B,6,1,4,1,2,1,4,49,1,2,999,997,997,0,0,0,2,6,999,999,999,9999999,999,999,999,7,0,3,10,1,1,3,997,0.5,38,38,62,99.9,99.9,99.9,179.7587124,9,7
25002,54,17,1-54-2022-017-03,3,1,1GTHK23244F2,17,472,1857,60,0,23,481,2004,34,5,31,0,1,L,1,2668,5,0,1,1,19,2,72,1,0,0,995,0,0,0,35672,1,9,2,4,2,1,2,2,1,3,1,2,0,0,3,2,2,2,9,0,1,2,17,2,1,1,5,L,89,0,0,0,0,0,0,0,0,0,0,300,30,0,0,0,1,3,24,-4,23,114803,998,64,31,0,4,1,1,0,6,0,995,9.8,998,998,998,99.8,99.8,99.8,232.1030878,9,7
25002,54,17,1-54-2022-017-03,3,2,1C4BJWEG3JL8,17,483,25197,7,0,2,403,2018,14,3,14,0,1,F,2,1948,5,0,2,0,998,2,89,1,0,0,995,0,0,0,38478,1,2,2,1,2,2,2,2,1,1,3,2,1,1,3,2,0,0,1,0,1,4,66,3,1,1,5,L,88,0,0,0,0,0,0,0,0,0,0,30,300,0,0,0,1,3,31,-31,-5,38421,998,-38,21,0,4,1,1,0,4,0,995,9.8,998,998,998,99.8,99.8,99.8,232.1030878,9,7
25003,59,9,1-59-2022-009-08,8,1,2D4GP44LX6R8,17,476,1942,9,0,7,442,2006,20,4,20,0,1,T,2,1779,5,0,1,1,5,2,72,1,0,1,0,2,0,0,62441,9,9,0,4,2,1,2,5,3,1,1,2,0,0,1,8,0,0,9,1,14,1,6,99,4,4,1,B,7,1,4,2,2,1,3,61,1,1,24,997,997,0,1,0,3,6,999,999,999,9999999,999,999,999,7,0,1,2,0,4,3,997,0.0,120,999,-10,25.7,4.1,26.0,298.4456577,6,7
25004,59,10,1-59-2022-010-01,1,1,1GTCS1958181,17,472,11073,60,0,23,471,2001,34,5,31,0,1,R,3,1471,5,0,1,1,21,2,48,1,9,1,104,3,9,1,47879,1,2,0,4,2,1,2,1,1,2,1,4,0,0,1,1,0,0,9,1,1,2,13,7,4,4,1,B,7,0,0,0,0,0,0,0,0,0,0,998,998,0,1,1,2,7,999,999,999,9999999,999,999,999,8,0,4,26,1,1,0,998,0.4,7,7,120,8.7,5.9,10.1,63.48521921,6,7
25005,17,15,1-17-2022-015-09,9,1,2FMDA584X2BB,17,460,5264,2,0,12,442,2002,20,4,20,0,1,L,1,1765,5,9999,9,0,998,5,48,1,9,0,995,0,9,0,61265,9,9,2,4,2,1,1,1,1,1,0,0,0,0,1,1,2,2,9,0,1,2,17,99,1,1,5,L,89,0,0,0,0,0,0,0,0,0,0,5,100,0,0,0,1,3,20,-10,17,46812,998,84,23,0,4,95,95,95,95,0,995,9.8,998,998,998,99.8,99.8,99.8,714.1964177,4,7
25005,17,15,1-17-2022-015-09,9,2,1FTZR44U74PB,17,460,1803,60,0,12,471,2004,34,5,30,0,1,F,1,1502,5,0,1,1,5,2,48,1,9,0,995,0,9,0,61241,1,9,2,4,4,2,1,1,1,1,3,2,0,0,1,1,0,0,9,0,1,4,66,99,1,1,5,L,88,0,0,0,0,0,0,0,0,0,0,100,5,0,0,0,1,3,22,-21,-8,20666,998,-32,18,0,4,1,1,0,4,0,995,9.8,998,998,998,99.8,99.8,99.8,714.1964177,4,7
25006,17,16,1-17-2022-016-03,3,1,ML32A4HJ2LH0,17,481,2342,5,0,52,48,2020,5,1,1,0,1,R,2,940,5,0,1,1,3,2,48,1,9,0,995,0,9,0,61201,9,9,2,2,2,2,1,1,1,1,0,0,0,0,1,1,1,2,3,0,11,2,15,99,1,1,4,K,76,0,0,0,0,0,0,0,0,0,0,245,170,0,0,0,1,1,33,-6,-33,29557,998,-31,27,0,1,1,1,0,4,0,995,9.8,998,998,998,99.8,99.8,99.8,162.8780561,4,7
25006,17,16,1-17-2022-016-03,3,2,1FTNW21L62EC,17,460,1805,60,0,12,481,2002,34,5,31,0,1,F,1,2921,5,307,1,1,11,2,48,1,9,0,995,0,9,0,61265,9,9,2,4,5,3,1,1,1,1,3,1,0,0,1,1,1,2,9,0,1,4,65,99,1,1,4,K,77,0,0,0,0,0,0,0,0,0,0,170,245,0,0,0,1,1,10,-10,3,30817,998,39,15,0,1,0,0,0,0,0,995,9.8,998,998,998,99.8,99.8,99.8,162.8780561,4,7
25007,19,29,1-19-2022-029-04,4,1,1C4HJXFG0LW2,17,483,1943,7,0,2,403,2020,14,3,14,0,1,R,1,2018,5,0,1,1,8,2,72,1,0,0,995,0,0,0,35973,1,2,2,4,7,4,2,2,1,1,1,2,0,0,3,2,1,2,1,0,11,2,15,3,1,1,4,J,68,0,0,0,0,0,0,0,0,0,0,310,180,0,0,0,1,3,4,-1,-4,1903,998,38,5,0,4,0,0,0,0,0,995,9.8,998,998,998,99.8,99.8,99.8,617.1270113,9,7