CASEID,PSU,CASENO,CASENUMBER,CATEGORY,VEHNO,VIN,VINLENGTH,VPICMAKE,VPICMODEL,VPICBODYCLASS,ICFINALBODY,MAKE,MODEL,MODELYR,BODYTYPE,BODYCAT,VEHCLASS,SPECUSE,TRANSTAT,DAMPLANE,DAMSEV,CURBWT,CURBSRC,CARGOWT,CARGOSRC,INSPTYPE,INSPLAG,TOWED,SPEEDLIMIT,DRPRESENT,PARALCOHOL,ALCTEST,ALCTESTRESULT,ALCTESTSRC,PARDRUG,DRUGTEST,ZIP,RACE,ETHNICITY,RELTOJUNCT,TRAFFLOW,RDLANES,INITLANE,SURFTYPE,SURFCOND,ALIGNMENT,PROFILE,LINERIGHT,LINELEFT,RUMBINIT,RUMBROAD,LIGHTCOND,WEATHER,TRAFDEV,TRAFFUNCT,DISTRACT,PREFHE,PREMOVE,CRITCAT,CRITEVENT,MANEUVER,PRESTAB,PRELOC,CRASHCAT,CRASHCONF,CRASHTYPE,ROLLTYPE,ROLLTURN,ROLLINTRPT,ROLLPREMAN,ROLLINITYP,ROLLINLOC,ROLLOBJ,ROLLTRIP,ROLLDIR,ROLLDIST,DVANGTHIS,DVANGOTH,TOWHITCH,TRAJDOC,TREEPOLE,DVEVENT,DVBASIS,DVTOTAL,DVLONG,DVLAT,DVENERGY,DVSPEED,DVMOMENT,DVBES,DVEST,DVCONF,VAIS,VISS,VINJURED,VTREAT,INITOBJCLASS,HEADANGLECAT,SHLDRWIDTH,STRKLENGTH,STRKWIDTH,STRKHEIGHT,EDGEDISTX,EDGEDISTY,EDGEDISTZ,CASEWGT,PSUSTRAT,VERSION
25007,19,29,1-19-2022-029-04,4,2,1C4BJWEG3DL6,17,483,1943,7,0,2,403,2013,14,3,14,0,1,F,1,1994,5,9999,9,0,998,5,72,1,8,0,995,0,0,0,35043,9,9,2,4,7,2,2,2,1,1,1,3,0,0,3,2,1,2,9,0,1,4,62,99,1,1,4,J,69,0,0,0,0,0,0,0,0,0,0,180,310,0,0,0,1,3,4,-4,-1,1032,998,-74,3,0,4,95,95,95,95,0,995,9.8,998,998,998,99.8,99.8,99.8,617.1270113,9,7
25008,19,30,1-19-2022-030-03,3,1,1J4NT4GBXAD6,17,483,1947,7,0,2,407,2010,14,3,14,0,1,R,2,1410,5,0,1,1,11,2,56,1,0,0,995,0,0,0,35904,1,9,2,4,3,1,2,2,1,1,0,1,0,0,1,2,1,2,9,0,1,2,17,1,1,1,5,L,87,0,0,0,0,0,0,0,0,0,0,300,205,0,0,0,1,1,27,-9,-25,29464,998,47,21,0,1,0,0,0,0,0,995,9.8,998,998,998,99.8,99.8,99.8,157.1736595,9,7
25008,19,30,1-19-2022-030-03,3,2,1C4RJFLG3MC8,17,483,1949,7,0,2,422,2021,15,3,15,0,1,F,1,2270,8,0,1,1,9,2,56,1,0,0,995,0,0,0,35954,1,2,2,4,3,1,2,2,1,2,0,1,0,0,1,2,1,2,1,0,1,4,66,2,1,1,5,L,86,0,0,0,0,0,0,0,0,0,0,205,300,0,0,0,1,1,17,-16,3,45899,998,38,21,0,1,1,1,0,0,0,995,9.8,998,998,998,99.8,99.8,99.8,157.1736595,9,7
25008,19,30,1-19-2022-030-03,3,3,5TEHN72N34Z3,17,448,2223,60,0,49,472,2004,34,5,30,0,1,L,9,1681,5,9999,9,0,998,5,56,1,0,0,995,0,0,0,35904,9,9,2,4,3,1,2,2,1,1,0,1,0,0,1,2,1,2,9,0,5,4,62,1,1,1,6,M,98,0,0,0,0,0,0,0,0,0,0,120,10,0,0,0,2,0,999,999,999,9999999,999,999,999,9,0,95,95,95,95,0,995,9.8,998,998,998,99.8,99.8,99.8,157.1736595,9,7
25009,19,31,1-19-2022-031-01,1,1,4T1BF1FK4HU6,17,448,2469,13,0,49,40,2017,4,1,4,0,1,T,3,1467,5,0,1,1,6,2,80,1,0,0,995,0,0,0,35907,1,9,0,1,4,2,2,1,2,4,1,3,2,3,2,1,0,0,9,1,14,2,13,3,1,4,1,A,1,1,6,1,2,1,4,61,1,2,29,998,998,0,1,0,3,7,999,999,999,9999999,999,999,999,8,0,9,0,0,1,3,998,9.8,998,998,998,99.8,99.8,99.8,60.62443222,9,7
25010,48,3,1-48-2022-003-03,3,1,5NPD74LF9JH3,17,498,2735,13,0,55,35,2018,4,1,3,0,1,T,2,1275,5,48,1,1,8,2,105,1,0,0,995,0,0,0,84339,1,2,0,4,2,1,2,1,3,1,1,4,1,0,1,8,6,2,1,1,14,4,62,8,9,4,1,A,3,1,8,2,2,1,4,61,1,1,999,997,997,0,0,0,1,6,999,999,999,9999999,999,999,999,7,0,1,1,0,6,3,997,9.8,998,998,998,99.8,99.8,99.8,145.5664092,12,7
25011,24,22,1-24-2022-022-03,3,1,3MZBN1V38JM2,17,473,2074,13,0,41,51,2018,4,1,3,0,1,F,1,1327,5,0,1,1,13,2,40,1,0,0,995,0,0,0,08203,9,9,2,3,2,2,2,1,1,1,1,2,0,0,3,5,1,2,9,0,1,2,17,2,1,1,5,L,86,0,0,0,0,0,0,0,0,0,0,320,45,0,0,0,1,1,21,-20,7,52104,998,65,27,0,2,0,0,0,0,0,995,9.8,998,998,998,99.8,99.8,99.8,172.5758927,1,7
25011,24,22,1-24-2022-022-03,3,2,JM1BPAJL9M13,17,473,2074,5,0,41,51,2021,5,1,3,0,1,R,1,1390,5,0,1,1,14,2,40,1,0,0,995,0,0,0,07306,9,9,2,4,4,2,2,1,1,1,1,2,0,0,3,5,1,2,9,0,1,4,66,2,1,1,5,L,87,0,0,0,0,0,0,0,0,0,0,45,320,0,0,0,1,1,20,-7,-19,9219,998,65,11,0,1,0,0,0,5,0,995,9.8,998,998,998,99.8,99.8,99.8,172.5758927,1,7
25012,24,23,1-24-2022-023-10,10,1,1N4AL21E17C1,17,478,1904,13,0,35,47,2007,4,1,4,0,1,F,9,1429,5,9999,9,0,998,2,40,1,0,0,995,0,0,8,99999,9,9,0,4,2,1,2,1,1,1,0,0,0,0,1,1,0,0,9,1,1,2,13,99,9,4,1,C,11,0,0,0,0,0,0,0,0,0,0,250,250,0,0,0,1,0,999,999,999,9999999,999,999,999,9,0,99,99,0,99,0,995,9.8,998,998,998,99.8,99.8,99.8,4902.244462,1,7
25012,24,23,1-24-2022-023-10,10,2,3LNDL2L33CR8,17,464,1790,13,0,13,13,2012,4,1,3,0,2,B,9,1701,5,9999,9,4,18,,,,,,,,,,,,,,,,,,,,,,,,,,,,,,,,,,,,,,,,,,,,,,,,,,,,,,,,,,,,,,,,,,95,95,95,95,,,,,,,,,,4902.244462,1,7
25013,24,24,1-24-2022-024-06,6,1,2C4RDGBG0JR1,17,476,14832,2,0,7,442,2018,20,4,20,0,1,F,2,2050,5,9999,9,0,998,5,80,1,0,0,995,0,0,0,08232,9,9,2,1,4,2,2,2,1,1,1,1,0,0,3,5,1,2,9,0,1,3,50,99,1,1,2,D,20,0,0,0,0,0,0,0,0,0,0,140,140,0,0,0,1,3,30,-30,0,73861,998,0,30,0,4,95,95,95,95,0,995,9.8,998,998,998,99.8,99.8,99.8,430.3209578,1,7
25013,24,24,1-24-2022-024-06,6,2,KMHDH4AEXGU5,17,498,2735,13,0,55,35,2016,4,1,3,0,1,B,3,1305,5,0,1,1,32,2,80,1,0,0,995,0,0,0,08360,2,1,2,1,4,2,2,2,1,1,1,1,0,0,3,5,1,2,9,0,5,3,53,99,1,1,2,D,21,0,0,0,0,0,0,0,0,0,0,140,140,0,0,0,1,3,46,46,0,112582,998,6,46,0,4,0,0,0,5,0,995,9.8,998,998,998,99.8,99.8,99.8,430.3209578,1,7
25014,24,25,1-24-2022-025-03,3,1,JN1BJ1CR0JW2,17,478,17214,5,0,35,51,2018,6,1,3,0,1,R,3,1610,5,0,1,1,36,2,72,1,0,8,997,8,9,1,08401,2,2,0,4,2,1,2,2,1,1,1,2,1,0,5,4,0,0,9,1,1,1,6,99,4,2,3,I,64,0,0,0,0,0,0,0,0,0,0,310,260,0,0,0,3,3,49,25,-43,228907,998,-30,57,0,1,2,5,0,3,0,995,9.8,998,998,998,99.8,99.8,99.8,172.5758928,1,7
25014,24,25,1-24-2022-025-03,3,2,2G1FP22SXS21,17,467,1829,3,0,20,9,1995,2,1,2,0,1,L,2,1511,5,0,1,1,27,2,72,1,0,1,0,2,0,2,08234,1,2,0,4,2,1,2,2,1,1,1,2,1,0,5,4,0,0,9,0,1,4,62,99,1,1,3,I,65,0,0,0,0,0,0,0,0,0,0,260,30,0,0,0,1,1,31,-27,16,46245,998,-74,25,0,4,4,41,1,3,0,995,0.7,10,9,120,5.5,3.1,6.1,172.5758928,1,7
25014,24,25,1-24-2022-025-03,3,3,5FNYF18576B0,17,474,1864,7,0,37,421,2006,15,3,15,0,1,F,3,2007,5,0,1,1,32,2,72,1,0,0,995,0,0,0,08234,9,9,0,4,2,1,2,2,1,1,1,2,1,0,5,4,0,0,9,0,1,4,62,2,1,1,6,M,98,0,0,0,0,0,0,0,0,0,0,260,310,0,1,0,3,3,42,-41,7,86540,998,19,32,0,4,99,99,0,0,0,995,9.8,998,998,998,99.8,99.8,99.8,172.5758928,1,7
25015,14,15,1-14-2022-015-02,2,1,5TDZM5G15BS0,17,448,2827,7,0,49,422,2011,15,3,15,0,1,F,1,2576,5,0,1,1,38,2,64,1,0,0,995,0,0,0,78132,1,9,3,4,2,1,2,1,1,1,1,2,0,0,1,1,0,0,9,0,1,3,50,2,1,1,2,D,20,0,0,0,0,0,0,0,0,0,0,320,290,0,0,0,1,1,13,-13,0,25139,998,-45,15,0,3,0,0,0,0,0,995,9.8,998,998,998,99.8,99.8,99.8,394.2811829,8,7
25015,14,15,1-14-2022-015-02,2,2,1N4AL3AP7FN9,17,478,1904,13,0,35,47,2015,4,1,4,0,1,R,2,1416,5,0,1,1,16,2,64,1,0,1,0,2,0,1,78132,1,2,3,4,2,1,2,1,1,1,1,2,0,0,1,1,0,0,1,0,5,3,53,99,1,1,2,D,21,0,0,0,0,0,0,0,0,0,0,230,120,0,0,0,2,3,36,-23,-27,123915,998,71,40,0,3,3,22,2,3,0,995,1.7,999,999,999,99.9,99.9,99.9,394.2811829,8,7
25015,14,15,1-14-2022-015-02,2,3,5LM5J7XC1LGL,17,464,2653,7,0,13,423,2020,15,3,15,0,1,F,2,2206,5,0,1,1,16,2,64,1,0,0,995,0,0,0,78133,1,1,3,4,2,1,2,1,1,1,1,2,0,0,1,1,0,0,1,0,1,4,62,2,1,1,6,M,98,0,0,0,0,0,0,0,0,0,0,120,230,0,0,0,2,3,26,-24,9,46847,998,74,21,0,4,1,1,0,4,0,995,9.8,998,998,998,99.8,99.8,99.8,394.2811829,8,7
25015,14,15,1-14-2022-015-02,2,4,4T4BF1FK8DR2,17,448,2469,13,0,49,40,2013,4,1,3,0,1,F,1,1441,5,0,1,1,30,2,64,1,0,0,995,0,0,0,78108,9,1,3,4,2,1,2,1,1,1,1,2,0,0,1,1,0,0,9,0,1,4,62,99,1,1,6,M,98,0,0,0,0,0,0,0,0,0,0,310,0,0,0,0,3,3,22,-19,11,17948,998,73,16,0,4,0,0,0,0,0,995,9.8,998,998,998,99.8,99.8,99.8,394.2811829,8,7
25017,10,24,1-10-2022-024-02,2,1,3N1AB7AP8KY4,17,478,1907,13,0,35,43,2019,4,1,3,0,1,F,2,1315,5,0,1,1,4,2,56,1,0,0,995,0,0,0,45211,9,9,2,4,5,2,2,1,1,1,1,1,0,0,1,8,1,2,1,0,1,2,17,1,1,1,5,L,88,0,0,0,0,0,0,0,0,0,0,140,30,0,0,0,1,1,37,-35,-13,121658,998,-60,44,0,1,9,97,0,8,0,995,0.0,16,16,66,2.2,0.3,2.2,19.87147656,4,7
25017,10,24,1-10-2022-024-02,2,2,NM0LS7F76H12,17,460,1811,95,0,12,444,2017,20,4,20,0,1,L,2,1624,5,0,1,1,4,2,56,1,0,0,995,0,0,0,45405,9,9,2,4,5,2,2,1,1,1,1,1,0,0,1,8,1,2,1,0,1,4,66,1,1,1,5,L,89,0,0,0,0,0,0,0,0,0,0,30,140,0,0,0,1,1,30,-19,23,30183,998,50,20,0,1,9,97,0,8,0,995,0.0,42,999,52,4.0,4.3,6.0,19.87147656,4,7
25018,10,25,1-10-2022-025-02,2,1,2GNAXUEVXL62,17,467,1847,7,0,20,404,2020,14,3,14,0,1,F,2,1637,5,0,1,1,10,2,72,1,0,0,995,0,0,0,45322,9,9,2,5,5,2,2,1,1,1,3,2,0,0,2,1,0,0,1,0,1,4,62,99,1,1,4,J,69,0,0,0,0,0,0,0,0,0,0,320,110,0,0,0,1,12,999,999,999,9999999,999,999,999,7,0,1,2,0,4,0,995,0.8,999,999,999,3.0,0.4,3.0,22.29167635,4,7
25018,10,25,1-10-2022-025-02,2,2,1FTYR14U65PA,17,460,1803,60,0,12,471,2005,34,5,31,0,1,F,9,1502,5,9999,9,0,998,5,72,1,0,0,995,0,0,0,45432,9,9,2,5,5,3,2,1,1,1,4,4,0,0,2,1,0,0,1,0,11,2,15,99,1,1,4,J,68,0,0,0,0,0,0,0,0,0,0,110,320,0,0,0,1,0,999,999,999,9999999,999,999,999,9,0,95,95,95,95,0,995,9.8,998,998,998,99.8,99.8,99.8,22.29167635,4,7
25019,10,26,1-10-2022-026-06,6,1,1FADP3F26DL1,17,460,1779,13,0,12,37,2013,4,1,3,0,1,R,1,1340,5,0,1,1,6,2,105,1,9,0,995,0,0,0,99999,9,9,1,2,3,3,1,1,3,1,3,1,1,3,3,1,0,0,9,1,15,2,11,3,1,2,2,F,46,0,0,0,0,0,0,0,0,0,0,165,170,0,0,0,1,1,10,-9,-5,6354,998,18,11,0,4,99,99,0,99,0,995,9.8,998,998,998,99.8,99.8,99.8,934.9757784,4,7
25019,10,26,1-10-2022-026-06,6,2,2FMPK3J91HBB,17,460,1797,7,0,12,24,2017,6,1,4,0,1,L,1,1774,5,0,1,1,6,2,105,1,0,0,995,0,0,0,53701,9,9,1,2,3,2,1,1,3,1,3,3,0,3,3,1,0,0,1,0,14,4,60,1,1,1,2,F,45,0,0,0,0,0,0,0,0,0,0,170,165,0,0,0,1,1,7,6,2,2288,998,18,5,0,4,1,1,0,4,0,995,9.8,998,998,998,99.8,99.8,99.8,934.9757784,4,7
25021,13,28,1-13-2022-028-03,3,1,5N1DL0MN2KC5,17,480,1910,7,0,58,403,2019,14,3,14,0,1,F,2,2049,5,9999,9,4,38,2,97,1,8,0,995,0,7,0,76119,2,9,1,2,4,2,1,2,1,9,3,3,0,3,1,1,0,0,9,1,1,3,51,99,9,2,2,D,24,0,0,0,0,0,0,0,0,0,0,10,0,0,0,0,1,12,999,999,999,9999999,999,999,999,7,0,0,0,0,4,0,995,3.8,999,999,999,0.0,0.0,0.0,755.5127441,7,7
25021,13,28,1-13-2022-028-03,3,2,3GTU2VEC1FG1,17,472,1857,60,0,23,481,2015,34,5,31,0,1,B,9,2269,5,9999,9,0,998,5,97,1,8,0,995,0,7,0,76014,9,9,1,2,4,1,1,2,1,9,1,3,2,3,1,1,0,0,9,0,1,4,60,99,1,1,2,D,25,0,0,0,0,0,0,0,0,0,0,0,10,0,0,0,1,0,999,999,999,9999999,999,999,999,9,0,95,95,95,95,0,995,9.8,998,998,998,99.8,99.8,99.8,755.5127441,7,7
25022,13,29,1-13-2022-029-03,3,1,ML32A5HJ1KH0,17,481,2342,5,0,52,48,2019,5,1,1,0,1,F,3,940,5,0,1,1,32,2,97,1,8,0,995,0,7,0,76180,1,9,1,2,4,2,2,1,2,9,3,3,0,1,1,1,0,0,9,0,14,3,50,98,1,1,2,D,20,0,0,0,0,0,0,0,0,0,0,15,15,0,0,0,1,3,40,-40,0,43141,998,0,33,0,4,1,1,0,4,0,995,9.8,998,998,998,99.8,99.8,99.8,755.5127441,7,7
25022,13,29,1-13-2022-029-03,3,2,1FTEW1EP2JKC,17,460,1801,60,0,12,481,2018,34,5,31,0,1,B,1,2130,5,9999,9,0,998,5,97,1,8,0,995,0,7,0,76108,9,9,1,2,4,2,2,1,2,9,3,3,0,1,1,1,0,0,9,0,5,3,53,99,1,1,2,D,21,0,0,0,0,0,0,0,0,0,0,15,15,0,0,0,1,3,19,19,0,49328,998,0,24,0,4,95,95,95,95,0,995,9.8,998,998,998,99.8,99.8,99.8,755.5127441,7,7
25023,13,30,1-13-2022-030-03,3,1,19UDE2F76JA0,17,475,2150,13,0,54,41,2018,4,1,3,0,1,F,9,1415,5,0,1,1,23,2,64,1,8,0,995,0,7,0,99999,9,9,1,2,4,1,1,1,1,9,1,1,0,0,3,1,0,0,9,1,1,2,12,99,1,4,1,B,6,1,1,2,5,1,1,61,1,1,999,998,998,0,0,0,1,11,999,999,999,9999999,999,999,999,9,0,9,97,0,0,3,998,0.3,999,999,999,0.0,0.0,0.0,755.5127441,7,7
25024,52,20,1-52-2022-020-09,9,1,2FMDK4JC7EBA,17,460,1797,7,0,12,24,2014,6,1,4,0,1,F,9,1993,5,9999,9,0,998,5,56,1,0,0,995,0,0,0,59101,9,9,2,4,2,1,2,1,1,1,0,2,0,0,1,8,2,2,2,0,11,2,15,99,1,1,4,J,68,0,0,0,0,0,0,0,0,0,0,240,90,0,0,0,1,0,999,999,999,9999999,999,999,999,9,0,95,95,95,95,0,995,9.8,998,998,998,99.8,99.8,99.8,233.7218982,12,7
25024,52,20,1-52-2022-020-09,9,2,1J8HG48K88C1,17,483,1948,7,0,2,406,2008,14,3,14,0,1,F,3,2190,5,0,1,1,14,2,56,1,0,0,995,0,0,0,59102,9,9,2,4,2,1,2,1,1,1,0,2,0,0,1,8,2,2,9,0,1,4,62,99,1,1,4,J,69,0,0,0,0,0,0,0,0,0,0,90,240,0,0,0,1,12,999,999,999,9999999,999,999,999,8,0,9,97,0,99,0,995,9.8,998,998,998,99.8,99.8,99.8,233.7218982,12,7
25025,52,21,1-52-2022-021-09,9,1,1FMFU18L3VLC,17,460,1799,7,0,12,422,1997,15,3,15,0,1,F,2,2222,5,0,1,1,14,2,24,1,1,9,998,8,0,0,59101,9,9,2,4,2,1,2,1,1,1,0,0,0,0,3,8,0,0,9,1,1,2,14,3,1,4,1,C,14,0,0,0,0,0,0,0,0,0,0,998,998,0,0,0,1,10,999,999,999,9999999,999,999,999,7,0,99,99,0,99,0,998,9.8,998,998,998,99.8,99.8,99.8,233.7218982,12,7
25025,52,21,1-52-2022-021-09,9,2,1GNSKBKC3LR2,17,467,1852,7,0,20,421,2020,15,3,15,0,2,L,9,2515,5,9999,9,0,998,,,,,,,,,,,,,,,,,,,,,,,,,,,,,,,,,,,,,,,,,,,,,,,,,,,,,,,,,,,,,,,,,,95,95,95,95,,,,,,,,,,233.7218982,12,7
25026,52,22,1-52-2022-022-09,9,1,1NXBR30E36Z7,17,448,2208,13,0,49,32,2006,4,1,2,0,1,R,1,1135,5,0,1,1,14,2,40,1,0,0,995,0,0,0,59102,9,9,2,4,2,1,2,5,1,1,0,0,0,0,5,1,0,0,9,0,1,1,5,2,2,1,5,L,87,0,0,0,0,0,0,0,0,0,0,85,355,0,0,0,1,1,17,-11,-13,6724,998,-25,12,0,4,0,0,0,0,0,995,9.8,998,998,998,99.8,99.8,99.8,233.7218982,12,7
25026,52,22,1-52-2022-022-09,9,2,1G1ZK5776842,17,467,1834,13,0,20,37,2008,4,1,4,0,1,F,1,1569,5,0,1,1,13,2,40,1,0,0,995,0,0,0,59102,7,2,2,4,2,1,2,5,1,1,0,0,0,0,5,1,0,0,1,0,1,4,66,2,9,1,5,L,86,0,0,0,0,0,0,0,0,0,0,355,85,0,0,0,1,1,11,-9,7,19369,998,102,14,0,4,1,2,0,6,0,995,9.8,998,998,998,99.8,99.8,99.8,233.7218982,12,7
25026,52,22,1-52-2022-022-09,9,3,1FTFW1EF6EKD,17,460,1801,60,0,12,481,2014,34,5,31,0,2,9,9,2574,5,9999,9,0,998,,,,,,,,,,,,,,,,,,,,,,,,,,,,,,,,,,,,,,,,,,,,,,,,,,,,,,,,,,,,,,,,,,95,95,95,95,,,,,,,,,,233.7218982,12,7
25027,52,23,1-52-2022-023-03,3,1,1G1ZJ57B78F2,17,467,1834,13,0,20,37,2008,4,1,4,0,1,L,9,1569,5,9999,9,0,998,5,56,1,0,0,995,0,0,0,59102,9,9,2,4,2,1,2,3,1,1,0,0,0,0,1,4,2,2,9,1,10,1,6,8,3,2,4,K,80,0,0,0,0,0,0,0,0,0,0,200,10,0,0,0,1,0,999,999,999,9999999,999,999,999,9,0,95,95,95,95,0,995,9.8,998,998,998,99.8,99.8,99.8,41.97303731,12,7
25027,52,23,1-52-2022-023-03,3,2,5FNYF6H50LB0,17,474,1864,7,0,37,421,2020,15,3,15,0,1,F,2,1932,5,0,2,1,8,2,56,1,0,0,995,0,0,0,59106,1,2,2,4,2,1,2,3,1,1,1,2,0,0,1,4,0,0,1,0,1,4,62,4,2,1,4,K,81,0,0,0,0,0,0,0,0,0,0,10,200,0,0,0,1,12,999,999,999,9999999,999,999,999,7,0,1,2,0,4,0,995,9.8,998,998,998,99.8,99.8,99.8,41.97303731,12,7
25029,28,13,1-28-2022-013-06,6,1,3N1AB7AP3FY2,17,478,1907,13,0,35,43,2015,4,1,3,0,1,F,1,1293,5,0,1,1,11,2,48,1,0,0,995,0,0,0,16947,9,9,0,4,2,1,2,1,3,1,0,0,0,0,2,1,0,0,1,1,14,6,87,3,2,4,1,B,8,0,0,0,0,0,0,0,0,0,0,998,998,0,0,0,1,12,999,999,999,9999999,999,999,999,6,0,1,1,0,4,0,998,0.0,999,999,999,7.1,1.5,7.2,60.78726681,3,7
25030,23,16,1-23-2022-016-10,10,1,999999999999,99,99999,99999,999,0,99,884,9999,78,8,78,0,1,L,9,,,,,,,5,113,1,9,0,995,0,9,0,99999,9,9,0,2,3,1,2,5,1,1,1,3,2,3,3,10,0,0,9,1,15,2,10,99,1,2,2,F,47,,,,,,,,,,,,,,,,,,,,,,,,,,,95,95,95,95,,,9.8,998,998,998,99.8,99.8,99.8,2526.310497,5,7
25030,23,16,1-23-2022-016-10,10,2,1N4AL21E29C1,17,478,1904,13,0,35,47,2009,4,1,4,0,1,R,1,1429,5,9999,9,4,60,2,113,1,8,0,995,0,7,0,44901,9,9,0,2,3,2,2,5,1,1,3,3,0,3,3,10,0,0,9,0,1,4,61,99,1,1,2,F,45,0,0,0,0,0,0,0,0,0,0,5,5,0,0,0,1,5,999,999,999,9999999,999,999,999,6,0,0,0,0,0,0,995,9.8,998,998,998,99.8,99.8,99.8,2526.310497,5,7
25031,23,17,1-23-2022-017-09,9,1,2HGFG12999H5,17,474,1863,3,0,37,31,2009,2,1,3,0,1,F,1,1226,5,0,1,1,53,2,56,1,8,0,995,0,7,0,43315,1,9,0,4,2,1,2,5,1,4,0,2,0,0,1,8,0,0,9,1,1,2,13,99,1,4,1,A,1,0,0,0,0,0,0,0,0,0,0,998,998,0,0,4,1,10,999,999,999,9999999,999,57,12,2,0,0,0,0,0,0,998,0.0,10,5,120,2.3,0.9,2.5,670.5553332,5,7
25032,16,10,1-16-2022-010-09,9,1,1FAHP2FW3BG1,17,460,1782,13,0,12,17,2011,4,1,4,0,1,F,1,1918,5,0,1,1,17,2,56,1,0,0,995,0,0,0,45211,2,2,0,1,2,1,2,1,1,1,0,3,0,0,3,8,0,0,1,0,1,3,51,98,1,1,2,D,24,0,0,0,0,0,0,0,0,0,0,155,155,0,0,0,1,3,24,-24,0,45065,998,0,24,0,4,1,3,0,4,0,995,9.8,998,998,998,99.8,99.8,99.8,1804.936034,5,7
25032,16,10,1-16-2022-010-09,9,2,1GKKRRKD6DJ1,17,472,1855,7,0,23,423,2013,15,3,15,0,1,B,1,2112,5,9999,9,0,998,5,56,1,0,0,995,0,0,0,45238,9,9,0,1,2,1,2,1,1,1,0,3,0,0,3,8,0,0,1,0,1,3,53,99,1,1,2,D,25,0,0,0,0,0,0,0,0,0,0,155,155,0,0,0,1,3,22,22,0,38262,998,0,21,0,4,95,95,95,95,0,995,9.8,998,998,998,99.8,99.8,99.8,1804.936034,5,7
25033,16,11,1-16-2022-011-06,6,1,KL4CJ2SB8HB0,17,468,1842,7,0,18,404,2017,14,3,14,0,1,F,1,1523,5,0,1,5,27,2,56,1,0,0,995,0,0,0,35805,9,9,2,1,3,2,2,1,1,1,3,1,0,0,3,8,1,2,1,0,1,2,17,99,1,1,5,L,88,0,0,0,0,0,0,0,0,0,0,215,120,0,0,0,1,12,999,999,999,9999999,999,999,999,6,0,0,0,0,0,0,995,9.8,998,998,998,99.8,99.8,99.8,980.3192831,5,7
25033,16,11,1-16-2022-011-06,6,2,1N4AL3AP6GC1,17,478,1904,13,0,35,47,2016,4,1,4,0,1,L,9,1453,5,9999,9,0,998,2,40,1,0,1,0,2,0,0,45225,2,9,2,4,3,1,2,1,1,4,0,1,0,0,3,8,1,2,1,0,1,2,17,99,1,1,5,L,89,0,0,0,0,0,0,0,0,0,0,120,215,0,0,0,1,0,999,999,999,9999999,999,999,999,9,0,1,1,0,4,0,995,9.8,998,998,998,99.8,99.8,99.8,980.3192831,5,7
25035,28,14,1-28-2022-014-04,4,1,JF1GE61658H5,17,523,2235,13,0,48,38,2008,4,1,3,0,1,F,1,1473,5,9999,9,0,998,2,89,1,0,0,995,0,0,0,16935,9,9,0,4,2,1,2,5,2,4,1,2,1,1,1,8,0,0,9,1,14,2,10,99,3,2,3,G,52,0,0,0,0,0,0,0,0,0,0,135,335,0,0,0,1,3,14,-14,-2,12033,998,-37,14,0,4,0,0,0,0,0,995,9.8,998,998,998,99.8,99.8,99.8,102.7288426,3,7
25035,28,14,1-28-2022-014-04,4,2,3C4PDDGG2JT4,17,476,1939,7,0,7,27,2018,6,1,4,0,1,F,1,1926,5,0,2,1,12,2,89,1,0,0,995,0,0,0,16935,1,2,0,4,2,1,2,5,3,1,1,2,3,3,1,8,0,0,1,0,14,4,62,4,1,1,3,G,52,0,0,0,0,0,0,0,0,0,0,335,135,0,0,0,1,3,11,-11,2,10260,998,-8,11,0,4,0,0,0,0,0,995,9.8,998,998,998,99.8,99.8,99.8,102.7288426,3,7
25036,32,20,1-32-2022-020-04,4,1,2HKRW1H59JH5,17,474,1865,7,0,37,402,2018,14,3,14,0,1,R,1,1502,5,0,1,1,13,2,105,1,0,0,995,0,0,0,75165,1,9,1,3,1,1,1,1,2,4,1,1,0,0,1,8,0,0,9,1,14,2,12,98,4,4,1,B,6,0,0,0,0,0,0,0,0,0,0,998,998,0,0,0,5,1,14,-5,-13,13054,998,37,14,0,1,0,0,0,0,0,998,0.0,76,17,74,59.7,8.8,60.6,4759.115756,7,7
25037,32,21,1-32-2022-021-06,6,1,2FMDK3AK6EBB,17,460,1797,7,0,12,24,2014,6,1,4,0,1,F,1,1993,5,0,1,1,16,2,64,1,0,0,995,0,0,0,75150,1,9,2,1,3,3,1,1,1,1,3,0,0,0,1,1,1,2,9,0,1,3,50,98,1,1,2,D,20,0,0,0,0,0,0,0,0,0,0,175,175,0,0,0,1,3,21,-21,0,29725,998,-17,19,0,4,9,97,0,5,0,995,9.8,998,998,998,99.8,99.8,99.8,3924.456109,7,7
25037,32,21,1-32-2022-021-06,6,2,WDDUG6GB3JA3,17,449,2086,13,0,42,43,2018,4,1,5,0,1,B,1,2095,5,9999,9,0,998,5,64,1,0,0,995,0,0,0,75231,9,9,2,1,3,3,1,1,1,1,3,0,0,0,1,1,1,2,9,0,5,3,53,1,1,1,2,D,21,0,0,0,0,0,0,0,0,0,0,175,175,0,0,0,1,3,20,20,0,41552,998,0,22,0,4,95,95,95,95,0,995,9.8,998,998,998,99.8,99.8,99.8,3924.456109,7,7