CASEID,PSU,CASENO,CASENUMBER,CATEGORY,VEHNO,VIN,VINLENGTH,VPICMAKE,VPICMODEL,VPICBODYCLASS,ICFINALBODY,MAKE,MODEL,MODELYR,BODYTYPE,BODYCAT,VEHCLASS,SPECUSE,TRANSTAT,DAMPLANE,DAMSEV,CURBWT,CURBSRC,CARGOWT,CARGOSRC,INSPTYPE,INSPLAG,TOWED,SPEEDLIMIT,DRPRESENT,PARALCOHOL,ALCTEST,ALCTESTRESULT,ALCTESTSRC,PARDRUG,DRUGTEST,ZIP,RACE,ETHNICITY,RELTOJUNCT,TRAFFLOW,RDLANES,INITLANE,SURFTYPE,SURFCOND,ALIGNMENT,PROFILE,LINERIGHT,LINELEFT,RUMBINIT,RUMBROAD,LIGHTCOND,WEATHER,TRAFDEV,TRAFFUNCT,DISTRACT,PREFHE,PREMOVE,CRITCAT,CRITEVENT,MANEUVER,PRESTAB,PRELOC,CRASHCAT,CRASHCONF,CRASHTYPE,ROLLTYPE,ROLLTURN,ROLLINTRPT,ROLLPREMAN,ROLLINITYP,ROLLINLOC,ROLLOBJ,ROLLTRIP,ROLLDIR,ROLLDIST,DVANGTHIS,DVANGOTH,TOWHITCH,TRAJDOC,TREEPOLE,DVEVENT,DVBASIS,DVTOTAL,DVLONG,DVLAT,DVENERGY,DVSPEED,DVMOMENT,DVBES,DVEST,DVCONF,VAIS,VISS,VINJURED,VTREAT,INITOBJCLASS,HEADANGLECAT,SHLDRWIDTH,STRKLENGTH,STRKWIDTH,STRKHEIGHT,EDGEDISTX,EDGEDISTY,EDGEDISTZ,CASEWGT,PSUSTRAT,VERSION
25079,17,17,1-17-2022-017-07,7,1,SHHFK7H79HU2,17,474,1863,5,0,37,31,2017,5,1,3,0,1,F,9,1323,5,0,1,1,5,2,48,1,9,0,995,0,9,0,61201,1,2,2,4,2,1,1,1,1,1,0,0,0,0,3,1,2,2,1,0,11,2,15,2,1,1,4,K,82,0,0,0,0,0,0,0,0,0,0,265,15,0,0,0,1,5,999,999,999,9999999,999,999,999,9,0,0,0,0,0,0,995,9.8,998,998,998,99.8,99.8,99.8,515.2457931,4,7
25079,17,17,1-17-2022-017-07,7,2,1FDRF3G63FEB,17,460,1806,63,999,12,881,2015,61,8,60,0,1,R,9,,,,,,,5,48,1,9,0,995,0,9,0,61264,9,9,2,4,2,1,2,1,1,1,0,4,0,0,3,1,0,0,9,0,1,4,67,99,1,1,4,K,83,,,,,,,,,,,,,,,,,,,,,,,,,,,95,95,95,95,,,9.8,998,998,998,99.8,99.8,99.8,515.2457931,4,7
25080,17,18,1-17-2022-018-03,3,1,1FTMF1CB2MKD,17,460,1801,60,0,12,481,2021,34,5,31,0,1,L,1,1870,5,0,1,1,7,2,89,1,9,0,995,0,9,0,60174,1,2,0,4,2,1,2,1,1,1,1,4,2,3,1,1,0,0,1,0,1,6,87,1,1,1,1,C,13,0,0,0,0,0,0,0,0,0,0,998,998,0,0,0,1,10,999,999,999,9999999,999,108,7,1,0,0,0,0,0,0,998,9.8,998,998,998,99.8,99.8,99.8,78.81703271,4,7
25082,11,13,1-11-2022-013-07,7,1,KMHCT4AE1HU3,17,498,2773,13,0,55,36,2017,4,1,2,0,1,T,1,1155,5,0,1,1,17,2,72,1,1,8,997,8,0,0,23112,9,9,0,4,2,1,2,1,3,1,1,2,0,0,2,1,0,0,1,1,14,2,13,99,1,4,1,A,1,1,3,2,2,1,4,61,1,1,6,997,997,0,0,0,3,6,999,999,999,9999999,999,999,999,6,0,0,0,0,0,3,997,0.0,10,10,120,13.4,2.6,13.8,6428.226064,8,7
25083,11,14,1-11-2022-014-08,8,1,JNKCV54E54M3,17,480,2305,3,0,58,37,2004,2,1,4,0,1,T,2,1551,5,0,1,1,5,2,105,1,0,1,0,2,0,1,23114,1,2,0,1,2,2,2,1,1,9,3,2,1,3,2,1,0,0,1,1,1,1,1,99,4,4,1,B,7,1,4,2,2,1,4,61,1,1,999,997,997,0,0,0,1,6,999,999,999,9999999,999,999,999,7,0,3,14,1,3,3,997,9.8,998,998,998,99.8,99.8,99.8,926.3740678,8,7
25084,24,26,1-24-2022-026-03,3,1,3C4NJDBB3JT2,17,483,1946,7,0,2,1,2018,6,1,2,0,1,F,1,1509,5,0,1,1,37,2,40,1,0,0,995,0,0,0,08234,9,9,0,4,2,1,2,1,1,1,0,0,0,0,1,1,0,0,9,1,1,2,13,1,1,4,1,A,1,0,0,0,0,0,0,0,0,0,0,998,998,0,0,0,2,12,999,999,999,9999999,999,999,999,6,0,9,97,0,0,0,998,0.0,17,15,14,0.0,0.0,0.0,58.23811801,1,7
25085,24,27,1-24-2022-027-04,4,1,1HGCP3F87BA0,17,474,1861,13,0,37,32,2011,4,1,4,0,1,F,1,1621,5,0,1,1,9,2,56,1,0,0,995,0,0,0,08234,9,9,2,4,2,1,2,1,1,1,0,2,0,0,1,1,1,2,9,1,1,2,10,99,9,2,3,G,50,0,0,0,0,0,0,0,0,0,0,350,180,0,0,0,1,1,11,-11,2,9659,998,-9,12,0,1,0,0,0,0,0,995,9.8,998,998,998,99.8,99.8,99.8,245.8510639,1,7
25085,24,27,1-24-2022-027-04,4,2,3N1CN7AP1JL8,17,478,1894,13,0,35,50,2018,4,1,2,0,1,F,1,1136,5,0,1,1,11,2,56,1,0,0,995,0,0,0,08205,9,9,2,4,2,1,2,1,1,1,0,2,0,0,1,1,1,2,9,0,5,4,62,8,1,1,3,G,51,0,0,0,0,0,0,0,0,0,0,180,350,0,0,0,1,1,17,-16,6,12778,998,25,16,0,4,0,0,0,0,0,995,9.8,998,998,998,99.8,99.8,99.8,245.8510639,1,7
25086,24,28,1-24-2022-028-03,3,1,4T1NZ1AK0LU0,17,448,2469,13,0,49,40,2020,4,1,4,0,1,F,2,1610,5,0,1,1,16,2,56,1,0,0,995,0,0,0,08110,1,1,0,4,2,1,2,1,1,1,0,0,0,0,4,1,0,0,3,1,1,2,12,8,1,4,1,B,6,0,0,0,0,0,0,0,0,0,0,998,998,0,0,7,1,10,999,999,999,9999999,999,-28,29,3,0,1,1,0,6,0,998,0.0,999,999,999,8.8,1.1,8.9,123.2321468,1,7
25087,24,29,1-24-2022-029-04,4,1,3GNCJKSB6LL2,17,467,10988,7,0,20,406,2020,14,3,14,0,1,F,1,1382,5,0,1,1,10,2,64,1,0,0,995,0,0,0,08232,9,9,0,4,4,2,2,1,1,2,3,2,0,0,1,1,0,0,9,0,1,3,52,2,1,1,2,D,28,0,0,0,0,0,0,0,0,0,0,300,290,0,0,0,1,3,19,-19,3,10576,998,9,14,0,4,0,0,0,0,0,995,9.8,998,998,998,99.8,99.8,99.8,245.8510638,1,7
25087,24,29,1-24-2022-029-04,4,2,5TDBA22C16S0,17,448,2468,2,0,49,442,2006,20,4,20,1,1,B,1,1980,5,9999,9,0,998,5,64,1,0,0,995,0,0,0,08360,9,9,0,4,4,2,2,1,1,2,3,2,0,0,1,1,0,0,9,0,2,3,53,99,1,1,2,D,29,0,0,0,0,0,0,0,0,0,0,290,300,0,0,0,1,3,14,14,0,26238,998,0,18,0,4,95,95,95,95,0,995,9.8,998,998,998,99.8,99.8,99.8,245.8510638,1,7
25088,14,16,1-14-2022-016-02,2,1,3GKALMEV6KL1,17,472,1858,7,0,23,402,2019,14,3,14,0,1,R,9,1509,5,0,1,1,35,2,56,1,0,0,995,0,0,0,46806,1,9,3,5,6,3,2,1,1,1,2,1,0,0,1,1,0,0,2,0,11,2,15,1,1,1,4,J,68,0,0,0,0,0,0,0,0,0,0,60,300,0,0,0,1,12,999,999,999,9999999,999,999,999,9,0,0,0,0,8,0,995,9.8,998,998,998,99.8,99.8,99.8,276.1466942,8,7
25088,14,16,1-14-2022-016-02,2,2,3GCUYDED9MG3,17,467,1850,60,0,20,481,2021,34,5,31,0,1,F,9,2208,5,9999,9,0,998,5,56,1,0,0,995,0,0,0,78155,9,9,3,5,6,1,2,1,1,1,0,1,0,0,1,1,0,0,9,0,1,4,62,2,1,1,4,J,69,0,0,0,0,0,0,0,0,0,0,300,60,0,0,0,1,0,999,999,999,9999999,999,999,999,9,0,95,95,95,95,0,995,9.8,998,998,998,99.8,99.8,99.8,276.1466942,8,7
25089,14,17,1-14-2022-017-02,2,1,1FAHP34N98W1,17,460,1779,13,0,12,37,2008,4,1,2,0,1,F,2,1189,5,0,1,1,44,2,97,1,0,0,995,0,0,0,78113,9,1,2,4,5,3,2,1,1,4,1,2,0,0,1,1,1,2,9,0,11,2,15,99,1,1,4,J,68,0,0,0,0,0,0,0,0,0,0,270,150,0,0,0,1,1,25,-19,-16,28300,998,-90,19,0,1,1,1,0,4,0,995,0.0,999,999,999,0.0,2.7,2.7,276.1466942,8,7
25089,14,17,1-14-2022-017-02,2,2,1GNSKBKC1LR1,17,467,1852,7,0,20,421,2020,15,3,15,0,1,F,1,2515,5,0,1,1,26,2,97,1,0,0,995,0,0,0,78132,1,2,2,4,5,2,2,1,1,2,1,1,0,0,1,1,1,2,1,0,1,4,62,4,1,1,4,J,69,0,0,0,0,0,0,0,0,0,0,150,270,0,0,0,1,1,12,-12,4,38695,998,93,17,0,3,1,1,0,4,0,995,9.8,998,998,998,99.8,99.8,99.8,276.1466942,8,7
25090,52,24,1-52-2022-024-03,3,1,1HGEM21543L0,17,474,1863,3,0,37,31,2003,2,1,2,0,1,9,9,1127,5,9999,9,0,998,5,56,1,9,9,998,8,9,9,82501,9,9,2,1,6,1,2,5,1,1,0,3,0,0,3,4,0,0,9,1,10,1,5,99,9,2,6,M,98,0,0,0,0,0,0,0,0,0,0,280,230,0,0,0,1,0,999,999,999,9999999,999,999,999,9,0,95,95,95,95,0,995,9.8,998,998,998,99.8,99.8,99.8,29.73497244,12,7
25090,52,24,1-52-2022-024-03,3,2,2HKRW2H51MH6,17,474,1865,7,0,37,402,2021,14,3,14,0,1,R,1,1580,5,0,1,3,20,2,56,1,0,0,995,0,0,0,59105,1,2,2,1,5,1,2,5,1,1,0,3,0,0,3,4,0,0,1,0,1,4,61,3,1,1,6,M,98,0,0,0,0,0,0,0,0,0,0,230,280,0,0,0,1,12,999,999,999,9999999,999,999,999,6,0,0,0,0,0,0,995,9.8,998,998,998,99.8,99.8,99.8,29.73497244,12,7
25091,52,25,1-52-2022-025-04,4,1,1C4PJMBX5KD4,17,483,1945,7,0,2,404,2019,14,3,14,0,1,F,1,1839,5,0,1,1,13,2,56,1,0,0,995,0,0,0,59102,1,2,2,5,3,1,2,5,1,1,0,2,0,0,1,1,0,0,1,1,1,1,5,3,2,2,3,H,54,0,0,0,0,0,0,0,0,0,0,110,5,0,0,0,1,1,19,-15,-12,12847,998,-97,11,0,4,0,0,0,0,0,995,9.8,998,998,998,99.8,99.8,99.8,121.4453977,12,7
25091,52,25,1-52-2022-025-04,4,2,3C6TRVDG7GE1,17,496,13628,95,0,7,463,2016,21,4,21,0,1,F,1,2233,5,227,1,1,14,2,56,1,0,0,995,0,0,0,59105,9,9,2,5,3,1,2,5,1,1,0,2,0,0,1,1,0,0,9,1,1,4,62,3,9,2,3,H,55,0,0,0,0,0,0,0,0,0,0,5,110,0,0,0,1,1,14,-11,9,61630,998,153,19,0,1,0,0,0,0,0,995,9.8,998,998,998,99.8,99.8,99.8,121.4453977,12,7
25093,52,27,1-52-2022-027-03,3,1,JTEBU4BF5AK0,17,448,2463,7,0,49,404,2010,14,3,14,0,1,L,1,1963,5,0,1,1,12,2,80,1,0,0,995,0,0,0,59106,1,2,0,4,4,2,2,3,1,4,3,2,0,0,1,8,0,0,9,1,1,1,5,99,3,2,3,I,66,0,0,0,0,0,0,0,0,0,0,135,270,0,0,0,1,1,16,-6,15,6089,998,-160,6,0,4,1,1,0,4,0,995,9.8,998,998,998,99.8,99.8,99.8,29.73497244,12,7
25093,52,27,1-52-2022-027-03,3,2,3GTU9DEDXNG1,17,472,24910,60,0,23,481,2022,34,5,31,0,1,F,1,2193,5,0,1,1,12,2,80,1,0,1,0,2,0,0,59102,9,9,0,4,4,2,2,3,1,2,3,2,0,0,1,8,0,0,9,0,1,4,62,4,9,1,3,I,66,0,0,0,0,0,0,0,0,0,0,270,135,0,0,0,1,1,14,-12,7,72396,998,121,23,0,4,2,4,0,4,0,995,9.8,998,998,998,99.8,99.8,99.8,29.73497244,12,7
25095,23,19,1-23-2022-019-02,2,1,4V4NC9EG4FN1,17,487,1967,66,0,51,881,2015,66,8,67,0,1,F,9,,,,,,,7,113,1,0,0,995,0,0,0,44101,9,9,0,2,3,1,2,1,3,1,1,3,2,3,2,8,0,0,3,1,14,3,51,98,1,2,2,D,24,,,,,,,,,,,,,,,,,,,,,,,,,,,95,95,95,95,,,9.8,998,998,998,99.8,99.8,99.8,47.79371743,5,7
25095,23,19,1-23-2022-019-02,2,2,1FMCU9G94JUB,17,460,1798,7,0,12,402,2018,14,3,14,0,1,B,3,1668,5,9999,9,4,55,2,113,1,0,0,995,0,7,0,44101,2,9,0,2,3,1,2,1,3,1,1,3,2,3,2,8,0,0,9,0,14,3,53,1,1,1,2,D,25,0,0,0,0,0,0,0,0,0,0,200,195,0,0,0,1,5,999,999,999,9999999,999,999,999,8,0,4,29,1,3,0,995,9.8,998,998,998,99.8,99.8,99.8,47.79371743,5,7
25095,23,19,1-23-2022-019-02,2,3,1GTEK19T34E1,17,472,1857,60,0,23,481,2004,34,5,31,0,1,F,3,2241,5,9999,9,4,55,2,113,1,0,0,995,0,0,0,44146,1,9,0,2,3,3,2,1,3,1,3,2,1,3,2,8,0,0,9,0,14,3,52,1,1,1,6,M,98,0,0,0,0,0,0,0,0,0,0,195,190,0,0,0,2,5,999,999,999,9999999,999,999,999,8,0,3,10,1,8,0,995,3.8,999,999,999,14.5,6.6,16.0,47.79371743,5,7
25097,16,12,1-16-2022-012-09,9,1,5NPEB4AC5CH3,17,498,2459,13,0,55,33,2012,4,1,4,0,1,F,1,1454,5,0,1,1,14,2,40,1,0,0,995,0,0,0,45013,1,2,2,4,4,2,2,2,1,1,3,2,0,0,3,2,0,0,1,0,11,2,15,99,1,1,4,J,68,0,0,0,0,0,0,0,0,0,0,310,170,0,0,0,1,3,13,-13,-2,11431,998,-13,14,0,4,1,1,0,4,0,995,9.8,998,998,998,99.8,99.8,99.8,2347.417119,5,7
25097,16,12,1-16-2022-012-09,9,2,1J4GL48K35W7,17,483,1944,7,0,2,405,2005,14,3,14,0,1,F,1,1735,5,9999,9,0,998,2,40,1,0,0,995,0,0,0,45206,9,9,2,4,4,2,2,2,1,1,3,2,0,0,3,2,0,0,1,0,1,4,62,99,1,1,4,J,69,0,0,0,0,0,0,0,0,0,0,170,310,0,0,0,1,3,11,-9,5,10564,998,80,10,0,4,9,97,0,0,0,995,9.8,998,998,998,99.8,99.8,99.8,2347.417119,5,7
25098,16,13,1-16-2022-013-09,9,1,1N6AD0ER0CC4,17,478,1919,60,0,35,472,2012,34,5,30,0,1,F,1,1970,5,0,1,1,6,2,89,1,0,0,995,0,0,0,41005,1,9,0,2,3,2,2,1,1,9,3,3,0,3,1,1,0,0,1,0,1,3,50,8,1,1,2,D,20,0,0,0,0,0,0,0,0,0,0,220,210,0,0,0,1,3,20,-20,0,27532,998,-38,18,0,4,1,1,0,4,0,995,9.8,998,998,998,99.8,99.8,99.8,2347.417119,5,7
25098,16,13,1-16-2022-013-09,9,2,1G11D5SL2FF3,17,467,1834,13,0,20,37,2015,4,1,3,0,1,B,1,1625,5,9999,9,0,998,5,89,1,0,0,995,0,0,0,41016,9,9,0,2,3,2,2,1,1,9,3,3,0,3,1,1,0,0,1,0,5,3,53,1,1,1,2,D,21,0,0,0,0,0,0,0,0,0,0,210,220,0,0,0,1,3,23,23,4,48671,998,-68,25,0,4,95,95,95,95,0,995,9.8,998,998,998,99.8,99.8,99.8,2347.417119,5,7
25100,10,29,1-10-2022-029-08,8,1,2C3LA63H37H8,17,477,25754,13,0,6,51,2007,4,1,5,0,1,F,2,1683,5,9999,9,0,998,2,40,1,0,1,0,2,0,2,45401,1,2,2,4,2,1,2,1,1,1,0,0,0,0,3,1,2,2,9,1,10,2,16,99,1,2,4,K,80,0,0,0,0,0,0,0,0,0,0,200,70,0,0,0,1,3,32,-28,-16,83831,998,-112,28,0,4,3,14,1,3,0,995,9.8,998,998,998,99.8,99.8,99.8,189.9043875,4,7
25100,10,29,1-10-2022-029-08,8,2,KNDMB2339862,17,499,2740,2,0,63,441,2008,20,4,20,0,1,F,1,2107,5,0,1,1,19,2,56,1,0,1,0,2,0,0,45417,2,2,2,4,4,2,2,1,1,1,3,2,0,0,3,1,0,0,1,0,1,4,67,99,1,1,4,K,81,0,0,0,0,0,0,0,0,0,0,70,200,0,0,0,1,3,24,-23,8,91734,998,73,29,0,4,3,19,2,3,0,995,9.8,998,998,998,99.8,99.8,99.8,189.9043875,4,7
25101,10,30,1-10-2022-030-07,7,1,5N1AR2MM2DC6,17,478,1911,8,0,35,401,2013,14,3,14,0,1,F,9,1987,5,0,1,1,5,2,56,1,0,0,995,0,0,0,45405,9,9,2,4,5,2,2,1,1,1,1,1,9,9,1,1,1,2,1,0,1,2,17,1,1,1,5,L,86,0,0,0,0,0,0,0,0,0,0,355,100,0,0,0,1,12,999,999,999,9999999,999,999,999,9,0,0,0,0,0,0,995,9.8,998,998,998,99.8,99.8,99.8,1577.528637,4,7
25101,10,30,1-10-2022-030-07,7,2,JM1BK32F7912,17,473,2074,13,0,41,51,2009,4,1,2,0,1,R,9,1249,5,9999,9,0,998,2,56,1,0,0,995,0,0,0,45416,9,9,2,4,3,1,2,1,1,1,0,3,0,0,1,1,1,2,1,0,1,4,66,99,1,1,5,L,87,0,0,0,0,0,0,0,0,0,0,100,355,0,0,0,1,0,999,999,999,9999999,999,999,999,9,0,0,0,0,0,0,995,9.8,998,998,998,99.8,99.8,99.8,1577.528637,4,7
25102,10,31,1-10-2022-031-08,8,1,1HGEM22571L1,17,474,1863,3,0,37,31,2001,2,1,2,0,1,F,3,1095,5,9999,9,0,998,2,64,1,0,0,995,0,0,0,45439,1,2,0,4,4,2,2,5,2,4,3,2,0,0,4,4,0,0,1,1,14,1,6,99,9,2,3,G,50,0,0,0,0,0,0,0,0,0,0,0,190,0,0,0,1,3,57,-57,0,119774,998,0,52,0,4,1,1,0,4,0,995,9.8,998,998,998,99.8,99.8,99.8,189.9043875,4,7
25102,10,31,1-10-2022-031-08,8,2,2D4RN5DX2AR1,17,476,14832,2,0,7,442,2010,20,4,20,0,1,F,2,2038,5,0,1,1,13,2,64,1,0,0,995,0,0,0,45403,2,2,0,4,4,2,2,5,3,2,3,2,0,0,4,4,0,0,1,0,14,4,62,3,1,1,3,G,51,0,0,0,0,0,0,0,0,0,0,190,0,0,0,0,1,3,31,-31,5,111414,998,39,36,0,4,1,2,0,4,0,995,9.8,998,998,998,99.8,99.8,99.8,189.9043875,4,7
25103,28,16,1-28-2022-016-03,3,1,1FM5K8B85HGD,17,460,1800,7,0,12,401,2017,14,3,14,0,1,F,3,2146,5,0,1,1,27,2,89,1,0,0,995,0,0,0,16912,1,2,3,4,2,1,2,2,1,1,1,2,3,3,1,2,0,0,3,0,1,3,52,4,1,1,2,D,28,0,0,0,0,0,0,0,0,0,0,65,65,0,0,0,1,1,57,-57,0,223103,998,0,51,0,1,1,1,0,4,0,995,9.8,998,998,998,99.8,99.8,99.8,46.97629395,3,7
25103,28,16,1-28-2022-016-03,3,2,1V2MR2CA2JC5,17,482,17618,7,0,30,403,2018,14,3,14,0,1,B,3,2042,5,0,1,1,27,2,89,1,0,0,995,0,0,0,16901,1,2,3,4,2,1,2,2,1,1,1,2,1,3,1,2,0,0,1,0,2,3,53,1,1,1,2,D,29,0,0,0,0,0,0,0,0,0,0,65,65,0,0,0,1,1,53,53,0,313022,998,0,58,0,1,2,5,0,4,0,995,2.5,120,43,73,1.5,0.5,1.6,46.97629395,3,7
25103,28,16,1-28-2022-016-03,3,3,1FMEU73E27UB,17,460,1800,7,0,12,401,2007,14,3,14,0,1,B,9,2100,5,9999,9,0,998,5,89,1,0,0,995,0,0,0,16901,9,9,3,4,2,1,2,2,1,1,2,1,3,3,1,2,0,0,9,0,5,3,53,1,1,1,6,M,98,0,0,0,0,0,0,0,0,0,0,65,65,0,0,0,2,0,999,999,999,9999999,999,999,999,9,0,95,95,95,95,0,995,9.8,998,998,998,99.8,99.8,99.8,46.97629395,3,7
25104,23,18,1-23-2022-018-07,7,1,1C4NJCBA3HD1,17,483,1946,7,0,2,1,2017,6,1,2,0,1,B,9,1405,5,9999,9,0,998,5,89,1,0,0,995,0,0,0,43235,9,9,2,1,3,2,2,1,1,1,1,3,0,0,1,8,1,2,1,0,5,3,53,1,1,1,2,D,21,0,0,0,0,0,0,0,0,0,0,335,340,0,0,0,1,0,999,999,999,9999999,999,999,999,9,0,95,95,95,95,0,995,9.8,998,998,998,99.8,99.8,99.8,1256.42503,5,7
25104,23,18,1-23-2022-018-07,7,2,WMWSU3C56DT3,17,456,1862,5,0,69,54,2013,3,1,1,0,1,F,9,1155,5,9999,9,0,998,2,89,1,0,0,995,0,0,0,43015,1,2,2,1,3,2,2,1,1,1,1,3,0,0,1,8,1,2,3,0,1,3,50,2,1,1,2,D,20,0,0,0,0,0,0,0,0,0,0,340,335,0,0,0,1,0,999,999,999,9999999,999,999,999,9,0,0,0,0,0,0,995,9.8,998,998,998,99.8,99.8,99.8,1256.42503,5,7
25105,32,22,1-32-2022-022-03,3,1,2GCEC19M2T11,17,467,10978,60,0,20,481,1996,34,5,31,0,1,F,9,1950,5,9999,9,0,998,2,56,1,0,0,995,0,0,0,75227,1,9,2,3,6,3,1,1,1,1,3,3,0,0,1,1,1,2,9,1,1,3,50,99,1,2,2,D,20,0,0,0,0,0,0,0,0,0,0,90,85,0,0,0,1,0,999,999,999,9999999,999,999,999,9,0,0,0,0,0,0,995,9.8,998,998,998,99.8,99.8,99.8,1502.137208,7,7
25105,32,22,1-32-2022-022-03,3,2,1N4AL3AP0JC2,17,478,1904,13,0,35,47,2018,4,1,4,0,1,L,1,1453,5,0,1,1,11,2,56,1,0,0,995,0,0,0,75181,2,9,2,3,6,2,1,1,1,1,1,3,0,0,1,1,1,2,9,0,5,4,60,1,1,1,6,M,98,0,0,0,0,0,0,0,0,0,0,85,90,0,0,0,3,12,999,999,999,9999999,999,999,999,2,0,99,99,0,8,0,995,9.8,998,998,998,99.8,99.8,99.8,1502.137208,7,7
25105,32,22,1-32-2022-022-03,3,3,1H57L5Z46794,13,467,4773,13,0,20,10,1975,2,1,4,0,1,B,9,1805,5,9999,9,0,998,5,56,1,0,0,995,0,0,0,75149,9,9,2,3,6,3,1,1,1,1,3,3,1,0,1,1,1,2,9,0,5,3,53,1,1,1,2,D,21,0,0,0,0,0,0,0,0,0,0,85,90,0,0,0,1,0,999,999,999,9999999,999,999,999,9,0,95,95,95,95,0,995,9.8,998,998,998,99.8,99.8,99.8,1502.137208,7,7
25106,32,23,1-32-2022-023-04,4,1,999999999999,99,99999,99999,13,0,99,399,9999,9,1,9,99,1,L,9,9999,9,9999,9,0,998,5,105,1,9,0,995,0,9,0,99999,9,9,1,2,3,1,1,2,1,1,1,3,0,0,3,8,0,0,9,1,15,2,10,99,1,2,2,F,47,0,0,0,0,0,0,0,0,0,0,285,290,0,0,0,1,0,999,999,999,9999999,999,999,999,9,0,95,95,95,95,0,995,9.8,998,998,998,99.8,99.8,99.8,4206.929042,7,7
25106,32,23,1-32-2022-023-04,4,2,1G1ZD5ST9LF0,17,467,1834,13,0,20,37,2020,4,1,4,0,1,F,2,1418,5,0,1,1,10,2,105,1,0,0,995,0,0,0,75146,2,9,1,2,3,2,1,2,1,1,3,3,0,0,3,8,0,0,9,0,1,4,61,2,1,1,2,F,45,0,0,0,0,0,0,0,0,0,0,998,998,0,0,0,2,12,999,999,999,9999999,999,999,999,7,0,0,0,0,0,0,998,2.8,120,999,999,0.0,0.0,0.0,4206.929042,7,7
25107,13,31,1-13-2022-031-04,4,1,3VWEF71K27M1,17,482,3137,13,0,30,40,2007,4,1,2,0,1,R,1,1465,5,0,1,1,15,2,64,1,8,0,995,0,7,0,76010,2,9,2,4,2,1,1,5,1,1,0,0,0,0,1,8,2,1,9,0,1,2,17,99,1,1,5,L,87,0,0,0,0,0,0,0,0,0,0,195,105,0,0,0,1,1,22,-4,-21,23637,998,-19,20,0,1,99,99,0,0,0,995,9.8,998,998,998,99.8,99.8,99.8,2090.113763,7,7
25107,13,31,1-13-2022-031-04,4,2,2C3CDXBG0KH6,17,476,1895,13,0,7,24,2019,4,1,5,0,1,F,1,1785,5,0,1,1,15,2,64,1,8,0,995,0,7,0,76014,2,9,2,1,3,1,2,5,1,1,0,3,0,0,1,8,0,0,9,0,1,4,66,99,1,1,5,L,86,0,0,0,0,0,0,0,0,0,0,105,195,0,0,0,1,1,18,-18,3,27762,998,8,20,0,1,0,0,0,0,0,995,9.8,998,998,998,99.8,99.8,99.8,2090.113763,7,7
25108,13,32,1-13-2022-032-06,6,1,3GYFNAE35CS5,17,469,1844,7,0,19,20,2012,6,1,4,0,1,L,1,1907,5,0,1,1,32,2,64,1,8,0,995,0,7,0,76244,2,9,1,3,3,2,1,2,1,1,1,3,0,0,1,2,1,2,9,0,1,2,17,1,1,1,5,L,89,0,0,0,0,0,0,0,0,0,0,235,345,0,0,0,1,1,11,-5,9,4405,998,89,6,0,4,0,0,0,0,0,995,9.8,998,998,998,99.8,99.8,99.8,1636.773314,7,7
25108,13,32,1-13-2022-032-06,6,2,1N4AL3APXEN2,17,478,1904,13,0,35,47,2014,4,1,4,0,1,F,1,1451,5,0,1,1,26,2,56,1,8,0,995,0,7,0,76166,2,9,1,1,4,1,1,2,1,1,1,3,0,0,1,2,1,2,9,0,1,4,66,3,1,1,5,L,88,0,0,0,0,0,0,0,0,0,0,345,235,0,0,0,1,1,12,-12,-2,18664,998,-38,16,0,1,1,1,0,4,0,995,9.8,998,998,998,99.8,99.8,99.8,1636.773314,7,7
25109,13,33,1-13-2022-033-03,3,1,3GNCJLSB0LL3,17,467,10988,7,0,20,406,2020,14,3,14,0,1,F,2,1382,5,0,1,1,36,2,113,1,8,0,995,0,7,0,75147,1,9,1,3,1,1,2,5,1,9,1,2,0,0,1,3,0,0,9,0,1,3,51,2,3,1,2,D,24,0,0,0,0,0,0,0,0,0,0,35,0,0,0,0,1,12,999,999,999,9999999,999,999,999,7,0,0,0,0,4,0,995,9.8,998,998,998,99.8,99.8,99.8,708.7282507,7,7
25109,13,33,1-13-2022-033-03,3,2,3N6CM0KN2KK7,17,478,1918,95,0,35,446,2019,20,4,20,0,1,B,9,1479,5,9999,9,0,998,2,113,1,0,0,995,0,0,0,63132,1,9,1,3,1,1,2,5,1,9,1,2,0,0,1,3,0,0,9,0,1,3,53,99,1,1,2,D,25,0,0,0,0,0,0,0,0,0,0,0,35,0,0,0,1,0,999,999,999,9999999,999,999,999,9,0,0,0,0,0,0,995,1.7,999,999,999,0.0,0.0,0.0,708.7282507,7,7
25112,25,14,1-25-2022-014-10,10,1,3GCEK14V76G1,17,467,1850,60,0,20,481,2006,34,5,30,0,1,F,1,2017,5,9999,9,1,34,2,40,1,8,0,995,0,7,0,04074,9,9,0,4,2,1,2,5,1,1,0,0,0,0,1,1,0,0,1,1,1,1,5,2,2,4,1,A,2,0,0,0,0,0,0,0,0,0,0,998,998,0,0,7,1,10,999,999,999,9999999,999,30,18,2,0,0,0,0,0,0,998,0.0,999,999,999,5.3,1.7,5.6,8241.166697,2,7