CASEID,PSU,CASENO,CASENUMBER,CATEGORY,VEHNO,VIN,VINLENGTH,VPICMAKE,VPICMODEL,VPICBODYCLASS,ICFINALBODY,MAKE,MODEL,MODELYR,BODYTYPE,BODYCAT,VEHCLASS,SPECUSE,TRANSTAT,DAMPLANE,DAMSEV,CURBWT,CURBSRC,CARGOWT,CARGOSRC,INSPTYPE,INSPLAG,TOWED,SPEEDLIMIT,DRPRESENT,PARALCOHOL,ALCTEST,ALCTESTRESULT,ALCTESTSRC,PARDRUG,DRUGTEST,ZIP,RACE,ETHNICITY,RELTOJUNCT,TRAFFLOW,RDLANES,INITLANE,SURFTYPE,SURFCOND,ALIGNMENT,PROFILE,LINERIGHT,LINELEFT,RUMBINIT,RUMBROAD,LIGHTCOND,WEATHER,TRAFDEV,TRAFFUNCT,DISTRACT,PREFHE,PREMOVE,CRITCAT,CRITEVENT,MANEUVER,PRESTAB,PRELOC,CRASHCAT,CRASHCONF,CRASHTYPE,ROLLTYPE,ROLLTURN,ROLLINTRPT,ROLLPREMAN,ROLLINITYP,ROLLINLOC,ROLLOBJ,ROLLTRIP,ROLLDIR,ROLLDIST,DVANGTHIS,DVANGOTH,TOWHITCH,TRAJDOC,TREEPOLE,DVEVENT,DVBASIS,DVTOTAL,DVLONG,DVLAT,DVENERGY,DVSPEED,DVMOMENT,DVBES,DVEST,DVCONF,VAIS,VISS,VINJURED,VTREAT,INITOBJCLASS,HEADANGLECAT,SHLDRWIDTH,STRKLENGTH,STRKWIDTH,STRKHEIGHT,EDGEDISTX,EDGEDISTY,EDGEDISTZ,CASEWGT,PSUSTRAT,VERSION
25113,18,17,1-18-2022-017-03,3,1,5NMS2CAD5LH1,17,498,2057,7,0,55,401,2020,14,3,14,0,1,F,2,1694,5,0,1,1,31,2,48,1,0,0,995,0,0,0,54313,1,9,2,4,4,1,1,2,1,4,1,1,0,0,1,1,1,2,1,0,1,2,17,1,1,1,5,L,86,0,0,0,0,0,0,0,0,0,0,240,350,0,0,0,1,1,30,-29,5,72173,998,35,31,0,1,0,0,0,0,0,995,9.8,998,998,998,99.8,99.8,99.8,165.043801,6,7
25113,18,17,1-18-2022-017-03,3,2,1GKKNXLS7JZ1,17,472,1855,7,0,23,423,2018,15,3,15,0,1,R,2,1998,5,0,1,1,12,2,40,1,0,0,995,0,0,0,54701,1,9,2,4,3,1,2,2,1,2,0,1,0,0,1,1,1,2,1,0,1,4,66,1,1,1,5,L,87,0,0,0,0,0,0,0,0,0,0,350,240,0,0,0,1,1,25,-13,-22,56534,998,73,24,0,1,99,99,0,99,0,995,0.0,43,43,120,0.8,0.2,0.9,165.043801,6,7
25114,18,18,1-18-2022-018-07,7,1,5N1AL0MM6DC3,17,480,2374,8,0,58,402,2013,14,3,14,0,1,F,1,2005,5,0,1,1,9,2,89,1,0,0,995,0,0,0,54729,1,2,0,1,2,1,1,1,3,1,1,3,2,2,4,8,0,0,1,0,14,6,87,1,1,1,1,C,13,0,0,0,0,0,0,0,0,0,0,998,998,0,0,0,1,12,999,999,999,9999999,999,999,999,6,0,0,0,0,0,0,998,9.8,998,998,998,99.8,99.8,99.8,1262.954703,6,7
25115,31,14,1-31-2022-014-08,8,1,1N4BL2AP5AN4,17,478,1904,13,0,35,47,2010,4,1,4,0,1,F,1,1526,5,9999,9,1,6,2,89,1,0,0,995,0,0,2,47714,1,2,0,4,2,1,2,1,1,1,1,4,2,3,2,1,0,0,3,1,1,2,12,1,1,4,1,B,6,0,0,0,0,0,0,0,0,0,0,998,998,0,0,0,1,1,16,-16,0,15058,998,8,15,0,4,3,14,1,3,0,998,1.3,120,120,999,26.7,3.5,27.1,266.8338251,6,7
25116,31,15,1-31-2022-015-04,4,1,1GCUYDED4KZ1,17,467,1850,60,0,20,481,2019,34,5,31,0,1,L,1,2184,5,120,1,5,1,2,89,1,0,0,995,0,0,0,62867,9,9,0,4,2,1,2,2,1,2,1,2,0,0,1,2,0,0,9,0,1,6,87,2,1,1,1,C,13,0,0,0,0,0,0,0,0,0,0,998,998,0,0,0,1,12,999,999,999,9999999,999,999,999,6,0,0,0,0,0,0,998,9.8,998,998,998,99.8,99.8,99.8,260.1231264,6,7
25117,27,16,1-27-2022-016-04,4,1,KM8R4DHE0LU1,17,498,25847,7,0,55,422,2020,15,3,15,0,1,F,3,1957,5,0,1,1,7,2,40,1,0,0,995,0,0,0,01201,2,2,0,4,3,1,2,1,2,2,1,2,0,0,1,8,0,0,1,1,14,1,9,2,2,4,1,B,7,0,0,0,0,0,0,0,0,0,0,998,998,0,0,2,1,98,999,999,999,9999999,999,999,999,8,0,1,1,0,4,0,998,1.5,20,20,120,5.8,0.7,5.9,157.0579454,3,7
25118,27,17,1-27-2022-017-03,3,1,KNMAT2MV9JP5,17,478,1913,8,0,35,51,2018,6,1,3,0,1,L,1,1610,5,0,1,1,7,2,56,1,8,1,0,2,1,2,01201,1,2,2,4,2,1,2,1,1,1,0,0,0,0,3,1,2,2,1,0,10,2,16,2,1,1,4,K,78,0,0,0,0,0,0,0,0,0,0,130,200,0,0,0,1,5,999,999,999,9999999,999,999,12,2,0,2,5,0,4,0,995,9.8,998,998,998,99.8,99.8,99.8,37.01148309,3,7
25118,27,17,1-27-2022-017-03,3,2,1FDWE3FN0MDC,17,460,1818,62,998,12,870,2021,61,8,60,6,1,F,9,,,,,,,2,56,1,8,9,998,8,7,9,01035,9,9,2,4,2,1,2,1,1,1,1,2,0,0,3,1,0,0,1,0,1,4,65,3,1,1,4,K,79,,,,,,,,,,,,,,,,,,,,,,,,,,,95,95,95,95,,,9.8,998,998,998,99.8,99.8,99.8,37.01148309,3,7
25120,12,15,1-12-2022-015-03,3,1,A8MUF6MUHLS0,15,6148,99997,105,0,98,734,2020,96,10,90,0,1,R,9,,,,,,,2,105,1,0,0,995,0,0,0,73438,9,9,3,4,2,1,2,1,1,1,1,2,1,0,1,1,0,0,9,0,11,2,15,99,1,1,4,J,68,,,,,,,,,,,,,,,,,,,,,,,,,,,95,95,95,95,,,9.8,998,998,998,99.8,99.8,99.8,1374.035834,9,7
25120,12,15,1-12-2022-015-03,3,2,KNDPM3AC5J74,17,499,2770,7,0,63,401,2018,14,3,14,0,1,F,2,1631,5,9999,9,4,48,2,105,1,8,8,997,8,7,0,73463,9,9,3,4,2,1,2,1,1,1,1,4,1,0,1,1,0,0,1,0,1,4,62,99,1,1,4,J,69,0,0,0,0,0,0,0,0,0,0,170,300,0,0,0,1,5,999,999,999,9999999,999,999,999,7,0,9,97,0,0,0,995,9.8,998,998,998,99.8,99.8,99.8,1374.035834,9,7
25122,19,32,1-19-2022-032-03,3,1,3B7KF23Z4VM5,17,476,1938,60,0,7,482,1997,34,5,31,0,1,F,1,2386,5,0,1,1,7,2,80,1,0,0,995,0,0,0,35096,1,9,3,4,2,1,2,1,3,1,1,4,2,3,2,1,0,0,3,0,14,3,50,2,2,1,2,D,20,0,0,0,0,0,0,0,0,0,0,190,190,0,1,0,1,9,999,999,999,9999999,999,999,999,6,0,0,0,0,0,0,995,9.8,998,998,998,99.8,99.8,99.8,170.5782381,9,7
25122,19,32,1-19-2022-032-03,3,2,4T1K61AKXNU0,17,448,2469,13,0,49,40,2022,4,1,4,0,1,B,2,1520,5,0,1,1,7,2,80,1,0,0,995,0,0,0,35953,2,2,3,4,2,1,2,1,3,1,1,4,2,3,2,1,0,0,1,0,14,3,53,1,1,1,2,D,21,0,0,0,0,0,0,0,0,0,0,190,190,0,1,0,1,9,999,999,999,9999999,999,999,999,7,0,2,4,0,4,0,995,9.8,998,998,998,99.8,99.8,99.8,170.5782381,9,7
25122,19,32,1-19-2022-032-03,3,3,1FMJU1K5XEEF,17,460,1799,7,0,12,422,2014,15,3,15,0,1,B,9,2633,5,9999,9,0,998,2,80,1,0,0,995,0,0,0,35954,1,9,3,4,2,1,2,1,3,1,1,4,2,3,2,1,0,0,9,0,5,3,53,99,1,1,6,M,98,0,0,0,0,0,0,0,0,0,0,190,190,0,1,0,2,0,999,999,999,9999999,999,999,999,9,0,0,0,0,0,0,995,9.8,998,998,998,99.8,99.8,99.8,170.5782381,9,7
25123,19,33,1-19-2022-033-09,9,1,1J4FY19S6XP4,17,483,1943,7,0,2,403,1999,14,3,14,0,1,T,1,1482,5,0,1,1,7,2,56,1,1,0,995,0,9,0,35905,1,9,0,4,2,1,2,1,3,1,1,2,0,0,2,1,0,0,9,1,14,2,13,99,1,4,1,A,1,1,2,2,2,2,4,58,4,2,13,997,997,0,1,0,3,6,999,999,999,9999999,999,999,999,6,0,1,1,0,4,3,997,0.7,999,999,999,18.6,2.2,18.7,892.9697582,9,7
25125,54,19,1-54-2022-019-04,4,1,3N1AB8BVXLY2,17,478,1907,13,0,35,43,2020,4,1,3,0,1,F,2,1385,5,0,1,1,17,2,72,1,0,0,995,0,0,0,35653,1,2,0,1,2,1,2,1,1,1,1,3,2,3,1,1,0,0,3,1,1,2,13,1,1,4,1,A,1,0,0,0,0,0,0,0,0,0,0,30,80,0,0,0,1,3,36,-35,-6,44541,998,-11,28,0,4,0,0,0,0,0,995,1.1,102,21,12,58.0,27.0,67.0,499.9666803,9,7
25125,54,19,1-54-2022-019-04,4,2,JH4CU26609C0,17,475,1874,13,0,54,39,2009,4,1,3,0,2,R,2,1545,5,9999,9,0,998,,,,,,,,,,,,,,,,,,,,,,,,,,,,,,,,,,,,,,,,,,,,,,,,,,,,,,,,,,,,,,,,,,95,95,95,95,,,,,,,,,,499.9666803,9,7
25125,54,19,1-54-2022-019-04,4,3,2FMGK5BC6CBD,17,460,1802,7,0,12,25,2012,6,1,5,0,2,R,9,2105,5,9999,9,0,998,,,,,,,,,,,,,,,,,,,,,,,,,,,,,,,,,,,,,,,,,,,,,,,,,,,,,,,,,,,,,,,,,,95,95,95,95,,,,,,,,,,499.9666803,9,7
25126,21,12,1-21-2022-012-01,1,1,KM8S6DA2XNU0,17,498,2057,7,0,55,401,2022,14,3,14,0,1,F,3,1990,5,0,1,1,66,2,113,1,9,1,89,3,9,2,90731,1,2,0,2,2,1,2,1,1,1,1,3,2,3,2,1,0,0,3,1,1,2,13,99,1,4,1,A,1,0,0,0,0,0,0,0,0,0,0,998,998,0,0,0,3,1,51,-51,0,240865,998,-42,51,0,4,5,43,2,1,0,998,3.2,999,999,999,99.9,99.9,99.9,75.15647403,11,7
25126,21,12,1-21-2022-012-01,1,2,WDDSJ4GBXJN5,17,449,2083,13,0,42,54,2018,4,1,3,0,1,F,9,1480,5,9999,9,0,998,5,113,1,0,0,995,0,0,0,89128,9,9,0,2,2,2,2,1,1,1,3,2,1,3,2,1,0,0,9,0,1,6,90,99,1,1,6,M,98,0,0,0,0,0,0,0,0,0,0,998,998,0,0,0,4,0,999,999,999,9999999,999,999,999,9,0,95,95,95,95,0,998,9.8,998,998,998,99.8,99.8,99.8,75.15647403,11,7
25127,21,13,1-21-2022-013-01,1,1,4T4BF1FKXER4,17,448,2469,13,0,49,40,2014,4,1,3,0,1,F,1,1441,5,0,1,1,65,2,113,1,0,9,998,8,0,9,20744,2,9,0,1,3,1,2,2,2,1,1,3,2,3,1,8,6,2,9,1,14,1,6,3,3,4,1,A,2,0,0,0,0,0,0,0,0,0,0,998,998,0,0,0,1,1,14,-11,9,16572,998,91,14,0,4,3,19,1,1,0,998,5.6,999,999,999,0.0,0.0,0.0,75.15647403,11,7
25129,26,26,1-26-2022-026-05,5,1,KNADM4A32D62,17,499,2299,13,0,63,32,2013,4,1,2,0,1,F,1,1126,5,0,1,1,8,2,105,1,0,1,0,2,1,2,95641,1,9,0,2,4,2,2,1,2,9,3,3,0,0,1,1,0,0,9,0,14,3,51,99,1,1,2,D,24,0,0,0,0,0,0,0,0,0,0,305,305,0,0,0,1,12,999,999,999,9999999,999,999,14,2,0,4,17,1,1,0,995,9.8,998,998,998,99.8,99.8,99.8,53.82472484,10,7
25129,26,26,1-26-2022-026-05,5,2,JN1AV7AP5FM7,17,480,1901,13,0,58,41,2015,4,1,4,0,1,B,9,1853,5,9999,9,0,998,5,105,1,0,0,995,0,0,0,95834,9,9,0,2,4,2,2,1,2,9,3,3,0,0,1,1,0,0,1,0,14,3,53,1,1,1,2,D,25,0,0,0,0,0,0,0,0,0,0,305,305,0,0,0,1,0,999,999,999,9999999,999,999,999,9,0,95,95,95,95,0,995,9.8,998,998,998,99.8,99.8,99.8,53.82472484,10,7
25130,26,27,1-26-2022-027-07,7,1,1D8GT28K87W6,17,476,1940,7,0,7,403,2007,14,3,14,0,1,F,1,1784,5,0,1,1,14,2,64,1,0,0,995,0,0,0,95823,2,9,2,5,5,3,2,1,1,1,4,4,0,0,1,1,0,0,9,0,11,2,15,1,1,1,4,J,68,0,0,0,0,0,0,0,0,0,0,350,200,0,0,0,1,1,22,-22,-4,15725,998,16,15,0,1,0,0,0,0,0,995,9.8,998,998,998,99.8,99.8,99.8,2419.189865,10,7
25130,26,27,1-26-2022-027-07,7,2,JM1CW2BL6E01,17,473,2075,15,0,41,52,2014,6,1,3,0,1,F,1,1569,5,0,1,1,14,2,64,1,0,0,995,0,0,0,95610,1,9,2,5,5,2,2,1,1,1,3,2,0,0,1,1,0,0,1,0,1,4,62,2,1,1,4,J,69,0,0,0,0,0,0,0,0,0,0,200,350,0,0,0,1,1,23,-22,8,67065,998,70,28,0,1,0,0,0,0,0,995,9.8,998,998,998,99.8,99.8,99.8,2419.189865,10,7
25132,20,31,1-20-2022-031-06,6,1,2FMPK3K8XGBB,17,460,1797,7,0,12,24,2016,6,1,4,0,1,R,2,1774,5,9999,9,4,14,2,113,1,0,0,995,0,0,0,90211,1,9,0,1,2,1,2,1,2,9,1,3,2,3,1,1,0,0,3,1,14,2,13,2,9,4,1,A,1,1,6,9,6,1,4,61,1,1,27,997,997,0,0,0,2,6,999,999,999,9999999,999,999,999,7,0,9,97,0,0,3,997,2.5,999,999,120,27.9,12.3,30.5,191.6869725,11,7
25134,20,33,1-20-2022-033-02,2,1,JTHBF5C22A51,17,515,2184,13,0,59,35,2010,4,1,3,0,1,F,2,1567,5,0,1,1,5,2,56,1,9,0,995,0,0,0,93926,9,1,2,4,3,2,2,1,2,2,1,2,0,0,3,8,0,0,3,1,14,2,12,2,2,4,1,B,6,0,0,0,0,0,0,0,0,0,0,998,998,0,1,2,1,12,999,999,999,9999999,999,999,999,7,0,1,1,0,8,0,998,2.7,30,30,95,12.7,4.0,13.5,31.9626892,11,7
25136,30,16,1-30-2022-016-04,4,1,5XXGT4L33LG4,17,499,2739,13,0,63,34,2020,4,1,4,0,1,F,1,1465,5,0,1,1,10,2,105,1,0,0,995,0,0,0,85037,9,9,0,2,7,6,1,1,1,1,3,1,0,0,1,1,0,0,1,1,15,3,50,99,1,2,2,D,20,0,0,0,0,0,0,0,0,0,0,275,270,0,0,0,1,3,12,-12,-2,11350,998,23,14,0,4,0,0,0,0,0,995,9.8,998,998,998,99.8,99.8,99.8,1131.519148,10,7
25136,30,16,1-30-2022-016-04,4,2,WVGAV7AX0BW5,17,482,8151,7,0,30,402,2011,14,3,14,0,1,F,2,1289,5,0,1,1,10,2,105,1,0,0,995,0,0,0,86334,9,9,0,2,7,3,2,1,1,1,3,3,0,0,1,1,0,0,1,0,5,3,53,1,1,1,2,D,21,0,0,0,0,0,0,0,0,0,0,350,270,0,0,0,2,3,35,-31,-18,51228,998,-98,25,0,4,9,97,0,5,0,995,9.8,998,998,998,99.8,99.8,99.8,1131.519148,10,7
25136,30,16,1-30-2022-016-04,4,3,5N1AZ2AJ5LN1,17,478,1914,7,0,35,422,2020,15,3,15,0,1,F,9,1721,5,9999,9,0,998,2,105,1,0,0,995,0,0,0,85040,9,9,0,2,7,2,2,1,1,1,3,3,0,0,1,1,0,0,1,0,2,4,62,99,1,1,6,M,98,0,0,0,0,0,0,0,0,0,0,270,80,0,0,0,3,0,999,999,999,9999999,999,999,999,9,0,0,0,0,0,0,995,9.8,998,998,998,99.8,99.8,99.8,1131.519148,10,7
25136,30,16,1-30-2022-016-04,4,4,KMHJF35F3YU0,17,498,2735,13,0,55,35,2000,4,1,2,0,1,L,3,1158,5,9999,9,0,998,5,105,1,0,0,995,0,0,0,85009,9,9,0,2,7,3,1,1,1,1,3,3,0,0,1,1,0,0,1,0,2,4,60,99,1,1,6,M,98,0,0,0,0,0,0,0,0,0,0,270,350,0,0,0,2,3,41,-14,39,152681,998,-61,51,0,4,95,95,95,95,0,995,9.8,998,998,998,99.8,99.8,99.8,1131.519148,10,7
25139,29,5,1-29-2022-005-04,4,1,JN1CV6AR4DM7,17,480,2337,13,0,58,37,2013,4,1,4,0,1,R,1,1750,5,0,1,1,56,2,48,1,8,9,998,8,7,9,02747,9,9,3,4,2,1,1,1,1,4,0,0,0,0,1,8,0,0,9,0,8,2,20,1,1,1,6,M,98,0,0,0,0,0,0,0,0,0,0,290,170,0,0,0,1,3,8,-4,-7,15346,998,223,8,0,4,0,0,0,0,0,995,9.8,998,998,998,99.8,99.8,99.8,2484.869527,2,7
25139,29,5,1-29-2022-005-04,4,2,1N4BL4CW2LC2,17,478,1904,13,0,35,47,2020,4,1,4,0,1,F,1,1545,5,9999,9,4,9,2,48,1,8,9,998,8,7,9,02743,9,9,3,4,2,1,2,1,3,4,0,2,0,0,1,8,0,0,9,0,14,4,72,99,1,1,6,M,98,0,0,0,0,0,0,0,0,0,0,170,290,0,0,0,1,3,9,-9,0,6179,998,0,10,0,4,0,0,0,0,0,995,9.8,998,998,998,99.8,99.8,99.8,2484.869527,2,7
25140,12,16,1-12-2022-016-05,5,1,5NPE24AF4HH5,17,498,2459,13,0,55,33,2017,4,1,4,0,1,F,1,1475,5,0,1,1,6,2,40,1,8,1,342,2,7,0,73401,9,2,2,4,2,1,2,1,2,1,0,0,0,0,3,1,2,2,1,1,10,2,12,99,1,4,1,B,6,0,0,0,0,0,0,0,0,0,0,998,998,0,0,1,1,1,14,-14,0,14499,998,-69,14,0,4,0,0,0,4,0,998,0.0,80,80,120,23.7,1.4,23.7,192.24745,9,7
25141,52,28,1-52-2022-028-06,6,1,1GNFLHEK7FZ1,17,467,1847,7,0,20,404,2015,14,3,14,0,1,R,1,1782,5,0,1,1,13,2,56,1,0,0,995,0,0,0,59101,1,2,2,4,4,2,2,5,1,1,1,2,0,0,1,1,1,2,9,0,11,2,15,9,9,1,4,J,68,0,0,0,0,0,0,0,0,0,0,195,95,0,0,0,1,1,21,-7,-19,26686,998,50,18,0,1,1,1,0,4,0,995,9.8,998,998,998,99.8,99.8,99.8,67.70496891,12,7
25141,52,28,1-52-2022-028-06,6,2,3G5DB03E73S5,17,468,4955,7,0,18,401,2003,14,3,14,0,1,F,1,1792,5,0,1,1,12,2,56,1,0,0,995,0,0,0,59101,9,9,2,4,4,1,2,5,1,4,0,1,0,0,1,1,1,2,9,0,1,4,62,2,9,1,4,J,69,0,0,0,0,0,0,0,0,0,0,95,195,0,0,0,1,1,21,-20,4,50771,998,81,23,0,1,1,1,0,4,0,995,9.8,998,998,998,99.8,99.8,99.8,67.70496891,12,7
25142,73,20,1-73-2022-020-09,9,1,1D7HU18257J6,17,476,1938,60,0,7,482,2007,34,5,31,0,1,R,1,2402,5,0,1,4,8,5,72,1,8,0,995,0,7,0,04976,9,9,3,4,2,1,2,3,1,1,0,0,0,0,1,1,0,0,1,0,1,2,17,1,1,1,5,L,87,0,0,0,0,0,0,0,0,0,0,250,160,0,0,0,1,3,21,-7,-20,83051,998,46,29,0,4,95,95,95,95,0,995,9.8,998,998,998,99.8,99.8,99.8,115.5203886,3,7
25142,73,20,1-73-2022-020-09,9,2,2GTEK19T0212,17,472,1857,60,0,23,481,2002,34,5,31,0,1,F,2,1787,5,0,1,1,8,2,72,1,8,0,995,0,7,0,04911,9,9,3,4,2,1,2,3,1,1,0,0,0,0,1,1,0,0,1,0,1,4,71,99,1,1,5,L,86,0,0,0,0,0,0,0,0,0,0,160,250,0,0,0,1,3,27,-25,9,31087,998,89,18,0,1,99,99,0,0,0,995,9.8,998,998,998,99.8,99.8,99.8,115.5203886,3,7
25146,10,32,1-10-2022-032-01,1,1,1G4HD57247U1,17,468,4267,13,0,18,23,2007,4,1,5,0,1,R,3,1810,5,0,1,1,9,2,56,1,0,1,161,3,0,2,45405,2,9,0,4,4,1,2,1,1,1,0,3,0,0,1,1,0,0,9,1,1,1,9,99,4,4,1,B,7,1,2,2,6,4,4,57,4,1,5,998,998,0,0,1,1,1,51,-17,-48,212605,998,56,51,0,4,4,24,1,1,3,998,0.0,30,30,120,4.7,0.6,4.8,21.44417038,4,7
25146,10,32,1-10-2022-032-01,1,2,1G1ZH57B69F1,17,467,1834,13,0,20,37,2009,4,1,4,0,2,R,9,1569,5,9999,9,0,998,,,,,,,,,,,,,,,,,,,,,,,,,,,,,,,,,,,,,,,,,,,,,,,,,,,,,,,,,,,,,,,,,,95,95,95,95,,,,,,,,,,21.44417038,4,7
25146,10,32,1-10-2022-032-01,1,3,WBAWV535X7P0,17,452,2377,3,0,34,34,2007,2,1,3,0,2,9,9,1625,5,9999,9,0,998,,,,,,,,,,,,,,,,,,,,,,,,,,,,,,,,,,,,,,,,,,,,,,,,,,,,,,,,,,,,,,,,,,95,95,95,95,,,,,,,,,,21.44417038,4,7
25148,73,21,1-73-2022-021-04,4,1,5NPE24AF2JH6,17,498,2459,13,0,55,33,2018,4,1,4,0,1,F,1,1586,5,0,1,1,9,2,40,1,0,0,995,0,7,0,04901,9,9,2,4,2,1,2,4,1,1,1,2,0,0,1,1,0,0,1,0,1,3,50,99,1,1,2,D,20,0,0,0,0,0,0,0,0,0,0,180,180,0,0,0,1,3,15,-15,0,13082,998,-32,14,0,4,0,0,0,0,0,995,9.8,998,998,998,99.8,99.8,99.8,78.95825713,3,7
25148,73,21,1-73-2022-021-04,4,2,4T1BF1FK7GU1,17,448,2469,13,0,49,40,2016,4,1,4,0,1,B,1,1467,5,9999,9,0,998,5,40,1,8,0,995,0,7,0,04911,9,9,2,4,2,1,2,4,1,1,1,2,0,0,1,1,0,0,1,0,5,3,53,1,1,1,2,D,21,0,0,0,0,0,0,0,0,0,0,180,180,0,0,0,1,3,15,15,0,18287,998,0,17,0,4,95,95,95,95,0,995,9.8,998,998,998,99.8,99.8,99.8,78.95825713,3,7
25149,54,20,1-54-2022-020-04,4,1,2HGFC2F53JH5,17,474,1863,13,0,37,31,2018,4,1,3,0,1,L,1,1244,5,0,1,1,11,2,105,1,0,0,995,0,0,0,35674,1,2,0,1,2,1,2,1,1,1,1,3,2,3,1,1,0,0,1,1,12,2,21,1,1,2,6,M,98,0,0,0,0,0,0,0,0,0,0,220,240,0,0,0,1,3,6,1,6,4627,998,126,7,0,4,1,1,0,6,0,995,9.8,998,998,998,99.8,99.8,99.8,499.9666803,9,7
25149,54,20,1-54-2022-020-04,4,2,1FTPW12574FA,17,460,1801,60,0,12,481,2004,34,5,31,0,1,F,1,2107,5,0,1,4,13,7,105,1,0,0,995,0,0,0,35674,1,9,0,1,2,2,2,1,1,1,3,2,1,3,1,1,0,0,9,0,1,4,61,2,1,1,6,M,98,0,0,0,0,0,0,0,0,0,0,240,220,0,0,0,1,3,4,-2,-3,1956,998,-218,3,0,4,0,0,0,0,0,995,9.8,998,998,998,99.8,99.8,99.8,499.9666803,9,7
25150,30,17,1-30-2022-017-06,6,1,1GNSCHEC4FR1,17,467,1851,7,0,20,422,2015,15,3,15,0,1,F,2,2511,5,9999,9,4,24,2,64,1,0,0,995,0,0,0,85338,9,9,2,4,2,1,2,1,1,1,0,0,0,0,5,1,2,2,1,0,11,2,15,99,1,1,4,K,82,0,0,0,0,0,0,0,0,0,0,340,90,0,0,0,1,98,999,999,999,9999999,999,999,999,7,0,99,99,0,99,0,995,9.8,998,998,998,99.8,99.8,99.8,819.1449346,10,7
25150,30,17,1-30-2022-017-06,6,2,1N4AL3AP5EC3,17,478,1904,13,0,35,47,2014,4,1,4,0,1,R,9,1451,5,9999,9,0,998,2,64,1,0,0,995,0,0,0,85340,9,9,2,5,5,2,2,1,1,1,3,2,0,0,5,1,0,0,1,0,1,4,62,99,1,1,4,K,83,0,0,0,0,0,0,0,0,0,0,90,340,0,0,0,1,0,999,999,999,9999999,999,999,999,9,0,99,99,0,99,0,995,9.8,998,998,998,99.8,99.8,99.8,819.1449346,10,7
25151,20,34,1-20-2022-034-03,3,1,19XFC2F84KE2,17,474,1863,13,0,37,31,2019,4,1,3,0,1,F,1,1312,5,9999,9,5,36,7,105,1,0,0,995,0,0,0,93927,9,1,0,1,2,2,2,1,1,1,3,2,1,3,1,1,0,0,1,1,1,1,1,99,2,2,2,F,48,0,0,0,0,0,0,0,0,0,0,180,125,0,0,0,1,12,999,999,999,9999999,999,999,999,6,0,9,97,0,0,0,995,9.8,998,998,998,99.8,99.8,99.8,76.87413268,11,7
25151,20,34,1-20-2022-034-03,3,2,1FT7X2A66JEB,17,460,1805,60,0,12,481,2018,34,5,31,0,1,L,9,2734,5,9999,9,0,998,5,105,1,0,0,995,0,0,0,93905,9,9,0,1,2,1,2,1,1,1,1,3,2,3,1,1,0,0,1,0,1,4,60,99,1,1,2,F,48,0,0,0,0,0,0,0,0,0,0,125,180,1,0,0,1,0,999,999,999,9999999,999,999,999,9,0,95,95,95,95,0,995,9.8,998,998,998,99.8,99.8,99.8,76.87413268,11,7
25152,26,28,1-26-2022-028-06,6,1,3C6UR5ML7EG2,17,496,13621,60,0,7,482,2014,34,5,30,0,1,F,1,3103,5,9999,9,0,998,2,72,1,0,0,995,0,0,0,95828,1,9,2,1,3,1,2,1,1,1,3,3,0,0,1,1,1,2,3,0,1,2,17,99,1,1,4,K,83,0,0,0,0,0,0,0,0,0,0,320,220,0,0,0,1,3,13,-13,-2,19669,998,-52,12,0,4,0,0,0,0,0,995,9.8,998,998,998,99.8,99.8,99.8,679.5118855,10,7
25152,26,28,1-26-2022-028-06,6,2,4T4BF1FK9FR4,17,448,2469,13,0,49,40,2015,4,1,4,0,1,L,2,1467,5,0,1,1,23,2,48,1,0,1,0,2,0,1,95828,9,9,2,4,4,3,2,1,1,1,1,2,0,0,1,1,1,2,1,0,11,4,66,11,1,1,4,K,82,0,0,0,0,0,0,0,0,0,0,220,320,0,0,0,1,3,27,-9,25,46517,998,17,28,0,4,2,5,0,4,0,995,9.8,998,998,998,99.8,99.8,99.8,679.5118855,10,7
25153,20,35,1-20-2022-035-09,9,1,5TBRN341X3S3,17,448,2467,60,0,49,482,2003,34,5,31,0,1,F,9,1950,5,9999,9,0,998,2,89,1,0,0,995,0,0,0,89147,1,9,0,4,2,1,2,1,3,1,0,4,0,0,5,1,0,0,9,1,14,1,6,99,2,4,1,B,7,1,2,2,1,1,4,61,1,1,17,997,997,0,0,0,1,0,999,999,999,9999999,999,999,999,9,0,1,1,0,8,3,997,0.0,999,10,120,14.6,5.6,15.6,407.9832576,11,7
25154,76,22,1-76-2022-022-06,6,1,1N6AD0EV3HN7,17,478,1919,60,0,35,472,2017,34,5,31,0,1,B,9,2073,5,9999,9,0,998,2,89,1,1,9,998,8,7,9,12444,9,9,0,4,2,1,2,1,3,2,1,2,0,0,2,1,0,0,9,1,14,2,12,99,1,4,1,B,6,0,0,0,0,0,0,0,0,0,0,998,998,0,1,9,99,0,999,999,999,9999999,999,999,999,9,0,1,1,0,99,0,998,0.6,999,999,999,7.5,1.8,7.4,22.62119688,3,7
25155,76,23,1-76-2022-023-10,10,1,1FAHP27156G1,17,460,2347,13,0,12,21,2006,4,1,4,0,1,9,9,1730,8,9999,9,0,998,2,89,1,8,9,998,8,7,9,10038,9,9,0,4,2,1,2,5,1,4,1,4,0,0,2,10,0,0,9,1,1,1,6,99,3,4,1,A,2,0,0,0,0,0,0,0,0,0,0,998,998,0,0,0,1,0,999,999,999,9999999,999,999,999,9,0,0,0,0,0,0,998,0.4,999,999,999,99.9,99.9,99.9,65.85899774,3,7