CASEID,PSU,CASENO,CASENUMBER,CATEGORY,VEHNO,VIN,VINLENGTH,VPICMAKE,VPICMODEL,VPICBODYCLASS,ICFINALBODY,MAKE,MODEL,MODELYR,BODYTYPE,BODYCAT,VEHCLASS,SPECUSE,TRANSTAT,DAMPLANE,DAMSEV,CURBWT,CURBSRC,CARGOWT,CARGOSRC,INSPTYPE,INSPLAG,TOWED,SPEEDLIMIT,DRPRESENT,PARALCOHOL,ALCTEST,ALCTESTRESULT,ALCTESTSRC,PARDRUG,DRUGTEST,ZIP,RACE,ETHNICITY,RELTOJUNCT,TRAFFLOW,RDLANES,INITLANE,SURFTYPE,SURFCOND,ALIGNMENT,PROFILE,LINERIGHT,LINELEFT,RUMBINIT,RUMBROAD,LIGHTCOND,WEATHER,TRAFDEV,TRAFFUNCT,DISTRACT,PREFHE,PREMOVE,CRITCAT,CRITEVENT,MANEUVER,PRESTAB,PRELOC,CRASHCAT,CRASHCONF,CRASHTYPE,ROLLTYPE,ROLLTURN,ROLLINTRPT,ROLLPREMAN,ROLLINITYP,ROLLINLOC,ROLLOBJ,ROLLTRIP,ROLLDIR,ROLLDIST,DVANGTHIS,DVANGOTH,TOWHITCH,TRAJDOC,TREEPOLE,DVEVENT,DVBASIS,DVTOTAL,DVLONG,DVLAT,DVENERGY,DVSPEED,DVMOMENT,DVBES,DVEST,DVCONF,VAIS,VISS,VINJURED,VTREAT,INITOBJCLASS,HEADANGLECAT,SHLDRWIDTH,STRKLENGTH,STRKWIDTH,STRKHEIGHT,EDGEDISTX,EDGEDISTY,EDGEDISTZ,CASEWGT,PSUSTRAT,VERSION
25227,16,16,1-16-2022-016-02,2,2,1C4HJXFN1MW5,17,483,1943,7,0,2,403,2021,14,3,14,0,1,F,1,2369,5,0,1,1,35,2,56,1,0,0,995,0,0,0,45140,1,9,2,4,5,2,2,1,1,1,3,1,0,0,3,1,1,2,1,0,1,4,62,3,1,1,4,J,69,1,2,2,5,1,1,61,1,2,10,110,245,0,0,0,1,1,12,-12,-2,13596,998,2,12,0,1,1,1,0,8,3,995,9.8,998,998,998,99.8,99.8,99.8,19.47056774,5,7
25228,33,4,1-33-2022-004-06,6,1,KMHHT6KD8CU0,17,498,2458,3,0,55,41,2012,2,1,4,0,1,B,2,1498,5,0,1,1,22,2,89,1,0,0,995,0,0,0,96122,1,2,0,4,2,1,2,1,1,2,1,2,0,0,2,8,0,0,1,0,1,6,87,2,1,1,1,C,13,0,0,0,0,0,0,0,0,0,0,180,180,0,0,0,2,5,999,999,999,9999999,999,999,27,3,0,1,3,0,4,0,995,9.8,998,998,998,99.8,99.8,99.8,51.76435472,12,7
25228,33,4,1-33-2022-004-06,6,2,1FT8W3BT7EEB,17,460,1806,60,0,12,880,2014,67,8,60,0,1,F,9,,,,,,,2,89,1,0,0,995,0,0,0,83525,9,9,0,4,2,1,2,1,1,2,1,2,0,0,2,8,0,0,1,0,1,3,52,2,1,1,6,M,98,,,,,,,,,,,,,,,,,,,,,,,,,,,95,95,95,95,,,9.8,998,998,998,99.8,99.8,99.8,51.76435472,12,7
25229,77,22,1-77-2022-022-07,7,1,1N4AL3AP7DC2,17,478,1904,13,0,35,47,2013,4,1,4,0,1,F,1,1420,5,0,1,1,13,2,105,1,0,0,995,0,0,0,22560,9,9,0,2,2,2,1,1,1,9,3,2,0,0,1,1,0,0,3,0,1,3,52,3,1,1,2,D,28,0,0,0,0,0,0,0,0,0,0,75,75,0,0,0,1,3,22,-22,0,18738,998,21,18,0,4,0,0,0,0,0,995,1.6,999,999,999,5.1,1.6,5.2,15825.23629,9,7
25229,77,22,1-77-2022-022-07,7,2,1B7FL26X2YS7,17,476,1941,60,0,7,472,2000,34,5,31,0,1,B,1,1597,5,9999,9,0,998,5,105,1,0,0,995,0,0,0,22947,9,9,0,2,2,2,1,1,1,9,3,2,0,0,1,1,0,0,1,0,1,2,18,1,1,1,2,D,29,0,0,0,0,0,0,0,0,0,0,75,75,0,0,0,1,3,20,20,0,34931,998,0,24,0,4,95,95,95,95,0,995,9.8,998,998,998,99.8,99.8,99.8,15825.23629,9,7
25231,59,15,1-59-2022-015-10,10,1,1FTFX1EV2AFA,17,460,1801,60,0,12,481,2010,34,5,31,0,1,L,1,2454,5,0,1,1,27,2,48,1,0,0,995,0,0,0,47834,9,9,2,1,4,3,2,2,1,1,3,1,0,0,1,2,1,2,9,0,1,4,66,9,1,1,5,L,89,0,0,0,0,0,0,0,0,0,0,5,90,0,0,0,1,3,10,-8,6,31408,998,35,17,0,4,0,0,0,0,0,995,9.8,998,998,998,99.8,99.8,99.8,4438.232513,6,7
25231,59,15,1-59-2022-015-10,10,2,1FMEU73E38UA,17,460,1800,7,0,12,401,2008,14,3,14,0,1,F,1,2100,5,9999,9,0,998,2,48,1,0,0,995,0,0,0,47802,9,9,2,4,2,1,2,2,1,1,0,2,0,0,1,2,1,2,9,0,1,2,17,99,1,1,5,L,88,0,0,0,0,0,0,0,0,0,0,90,5,0,0,0,1,3,12,-6,-10,10511,998,-201,7,0,4,0,0,0,0,0,995,9.8,998,998,998,99.8,99.8,99.8,4438.232513,6,7
25232,59,16,1-59-2022-016-07,7,1,3FA6P0H70DR3,17,460,1780,13,0,12,23,2013,4,1,4,0,1,F,1,1554,5,0,1,1,10,2,48,1,0,0,995,0,0,0,47804,9,9,2,4,2,1,2,2,1,1,0,2,0,0,1,2,0,0,9,0,1,4,66,4,1,1,5,L,86,0,0,0,0,0,0,0,0,0,0,80,165,0,0,0,1,1,21,-20,7,31294,998,52,21,0,1,0,0,0,0,0,995,0.0,7,7,120,0.8,0.8,0.1,931.5559986,6,7
25232,59,16,1-59-2022-016-07,7,2,1GCDT19X2381,17,467,11483,60,0,20,471,2003,34,5,30,0,1,R,1,1721,5,9999,9,1,5,2,48,1,0,0,995,0,0,0,47802,9,9,2,3,2,1,2,2,1,1,0,1,0,0,1,2,2,2,9,0,1,2,17,99,1,1,5,L,87,0,0,0,0,0,0,0,0,0,0,165,80,0,0,0,1,1,19,-3,-19,27848,998,-45,19,0,1,0,0,0,0,0,995,9.8,998,998,998,99.8,99.8,99.8,931.5559986,6,7
25233,54,23,1-54-2022-023-03,3,1,1FA6P8TH9M51,17,460,1781,3,0,12,3,2021,2,1,3,0,1,R,1,1607,5,0,1,1,24,2,89,1,0,0,995,0,0,0,38847,1,2,0,4,2,1,2,2,3,4,1,2,2,3,2,2,0,0,1,1,14,1,6,4,4,4,1,B,7,0,0,0,0,0,0,0,0,0,0,998,998,0,0,1,2,1,15,10,-12,19345,998,-76,15,0,4,2,6,0,6,0,998,0.4,15,15,70,20.0,5.0,21.0,194.7071889,9,7
25234,54,24,1-54-2022-024-08,8,1,1G1AD5F54A71,17,467,4234,13,0,20,22,2010,4,1,2,0,1,F,3,1261,5,0,1,1,11,2,64,1,0,0,995,0,0,0,35593,1,9,0,4,2,1,2,1,2,1,1,2,0,0,1,1,0,0,3,1,14,2,10,99,1,2,3,G,50,0,0,0,0,0,0,0,0,0,0,350,175,0,1,0,1,1,62,-61,11,175568,998,71,51,0,1,1,1,0,4,0,995,9.8,998,998,998,99.8,99.8,99.8,204.5557822,9,7
25234,54,24,1-54-2022-024-08,8,2,1FMEU64E58UA,17,460,1800,7,0,12,401,2008,14,3,14,0,1,F,2,2100,5,0,1,1,7,2,64,1,0,0,995,0,0,0,35582,1,9,0,4,2,1,2,1,3,1,1,2,0,0,1,1,0,0,9,0,14,4,62,2,1,1,3,G,51,0,0,0,0,0,0,0,0,0,0,175,350,0,1,0,1,1,39,-38,7,213851,998,24,50,0,1,0,0,0,0,0,995,9.8,998,998,998,99.8,99.8,99.8,204.5557822,9,7
25235,19,37,1-19-2022-037-08,8,1,JTEZU14R2680,17,448,2216,7,0,49,401,2006,14,3,14,0,1,F,1,1950,5,0,1,1,22,2,56,1,9,0,995,0,9,0,35903,1,9,2,4,2,1,2,1,1,1,0,0,0,0,1,1,1,2,9,0,1,2,17,99,1,1,5,L,86,0,0,0,0,0,0,0,0,0,0,185,265,0,1,0,1,1,10,-10,2,16309,998,-32,14,0,4,1,2,0,4,0,995,0.3,9,8,110,2.7,4.3,5.2,101.9170959,9,7
25235,19,37,1-19-2022-037-08,8,2,1B7HC16Z8TJ1,17,476,1938,60,0,7,482,1996,34,5,31,0,1,R,1,1838,5,0,1,1,9,2,56,1,0,0,995,0,0,0,35954,1,9,2,4,2,1,2,1,1,1,0,2,0,0,1,1,1,2,9,0,1,4,68,99,1,1,5,L,87,0,0,0,0,0,0,0,0,0,0,265,185,0,1,0,1,1,10,0,-10,9408,998,-167,8,0,4,0,0,0,0,0,995,9.8,998,998,998,99.8,99.8,99.8,101.9170959,9,7
25235,19,37,1-19-2022-037-08,8,3,4T1BE32K04U2,17,448,2469,13,0,49,40,2004,4,1,3,0,2,F,9,1455,5,9999,9,0,998,,,,,,,,,,,,,,,,,,,,,,,,,,,,,,,,,,,,,,,,,,,,,,,,,,,,,,,,,,,,,,,,,,95,95,95,95,,,,,,,,,,101.9170959,9,7
25236,19,38,1-19-2022-038-03,3,1,MAJ3P1TE5JC2,17,460,17774,7,0,12,403,2018,14,3,14,0,1,F,1,1370,5,0,1,1,9,2,72,1,0,0,995,0,0,0,35903,2,2,2,1,3,2,2,1,2,1,3,1,0,0,1,1,1,2,1,0,14,4,65,1,1,1,4,K,77,0,0,0,0,0,0,0,0,0,0,220,220,0,0,0,1,1,19,-18,-3,30123,998,24,22,0,4,1,1,0,99,0,995,9.8,998,998,998,99.8,99.8,99.8,97.01017024,9,7
25236,19,38,1-19-2022-038-03,3,2,3GYFNCE38GS5,17,469,1844,7,0,19,20,2016,6,1,4,0,1,B,1,1940,5,0,1,1,9,2,72,1,0,0,995,0,0,0,35903,1,2,2,4,2,1,2,1,1,2,0,0,0,0,1,1,1,2,1,0,11,2,15,1,1,1,4,K,76,0,0,0,0,0,0,0,0,0,0,220,220,0,0,0,1,1,14,14,2,5877,998,-3,9,0,4,0,0,0,0,0,995,9.8,998,998,998,99.8,99.8,99.8,97.01017024,9,7
25237,19,39,1-19-2022-039-03,3,1,1J4GX48S93C5,17,483,1949,7,0,2,404,2003,14,3,14,0,1,F,1,1847,5,9999,9,0,998,5,72,1,0,0,995,0,0,0,36272,9,9,2,1,4,3,2,2,1,1,3,1,0,0,1,8,1,2,9,0,1,4,66,1,1,1,4,K,83,0,0,0,0,0,0,0,0,0,0,285,200,0,0,0,1,3,10,-10,0,4298,998,0,8,0,4,95,95,95,95,0,995,9.8,998,998,998,99.8,99.8,99.8,97.01017024,9,7
25237,19,39,1-19-2022-039-03,3,2,1G1ZD5ST4JF1,17,467,1834,13,0,20,37,2018,4,1,4,0,1,L,1,1400,5,0,1,1,6,2,40,1,0,0,995,0,0,0,35905,1,2,2,4,3,2,2,2,1,1,1,2,0,0,1,8,1,2,1,0,11,4,66,1,1,1,4,K,82,0,0,0,0,0,0,0,0,0,0,200,285,0,0,0,1,3,13,2,12,12119,998,-13,14,0,4,1,2,0,4,0,995,9.8,998,998,998,99.8,99.8,99.8,97.01017024,9,7
25238,19,40,1-19-2022-040-02,2,1,1FTEW1EBXMFB,17,460,1801,60,0,12,481,2021,34,5,31,0,1,F,1,2134,5,0,2,1,5,2,89,1,9,1,0,2,9,1,36110,2,2,0,4,2,1,2,1,1,1,1,4,2,3,1,5,0,0,3,1,1,2,10,8,1,2,3,G,50,0,0,0,0,0,0,0,0,0,0,20,210,0,1,0,1,5,999,999,999,9999999,999,999,16,2,0,2,5,0,4,0,995,3.4,120,40,70,13.7,3.5,14.4,52.3928042,9,7
25238,19,40,1-19-2022-040-02,2,2,999999999999,99,495,99999,66,0,87,884,9999,66,8,68,0,1,F,9,,,,,,,2,89,1,0,0,995,0,0,0,35950,9,9,0,4,2,1,2,1,1,1,1,4,2,3,1,5,0,0,1,1,1,4,62,4,1,2,3,G,51,,,,,,,,,,,,,,,,,,,,,,,,,,,95,95,95,95,,,3.4,120,40,67,86.9,3.6,87.0,52.3928042,9,7
25239,12,19,1-12-2022-019-09,9,1,1N4AL3AP1FC5,17,478,1904,13,0,35,47,2015,4,1,4,0,1,L,1,1416,5,9999,9,0,998,5,56,1,0,0,995,0,0,0,73010,9,9,2,4,2,1,2,1,1,1,0,0,0,0,1,1,2,2,1,0,11,2,15,99,1,1,4,K,82,0,0,0,0,0,0,0,0,0,0,130,270,0,0,0,1,3,18,-16,9,29733,998,-87,20,0,4,95,95,95,95,0,995,9.8,998,998,998,99.8,99.8,99.8,1637.798493,9,7
25239,12,19,1-12-2022-019-09,9,2,2LMDU68C57BJ,17,464,1813,7,0,13,14,2007,6,1,4,0,1,F,1,2004,5,0,1,1,13,2,56,1,0,0,995,0,0,0,73401,9,9,2,4,4,2,2,1,1,1,3,2,0,0,1,1,0,0,1,0,1,4,67,99,1,1,4,K,83,0,0,0,0,0,0,0,0,0,0,270,130,0,0,0,1,3,13,-12,-2,12763,998,-92,11,0,4,9,97,0,0,0,995,9.8,998,998,998,99.8,99.8,99.8,1637.798493,9,7
25240,11,16,1-11-2022-016-04,4,1,JF1ZNAE12K97,17,448,13602,3,0,49,56,2019,3,1,2,0,1,F,9,1251,5,9999,9,0,998,3,97,1,0,0,995,0,0,0,23237,9,9,0,2,3,2,2,1,1,9,3,3,0,0,2,1,0,0,3,0,1,3,50,99,1,1,2,D,20,0,0,0,0,0,0,0,0,0,0,345,345,0,0,0,1,0,999,999,999,9999999,999,999,999,9,0,0,0,0,0,0,995,9.8,998,998,998,99.8,99.8,99.8,3876.363131,8,7
25240,11,16,1-11-2022-016-04,4,2,1HGCR2F15HA0,17,474,1861,13,0,37,32,2017,4,1,4,0,1,B,9,1496,5,9999,9,0,998,5,97,1,0,0,995,0,0,0,99999,9,9,0,2,3,2,2,1,1,9,3,3,0,0,2,1,0,0,1,0,5,3,53,99,1,1,2,D,21,0,0,0,0,0,0,0,0,0,0,345,345,0,0,0,1,0,999,999,999,9999999,999,999,999,9,0,95,95,95,95,0,995,9.8,998,998,998,99.8,99.8,99.8,3876.363131,8,7
25241,11,17,1-11-2022-017-02,2,1,1G1ZD5ST8LF1,17,467,1834,13,0,20,37,2020,4,1,4,0,1,F,2,1418,5,9999,9,4,54,2,97,1,0,1,39,2,0,2,23834,2,9,0,2,3,3,2,1,1,9,3,1,0,0,2,1,0,0,3,1,15,2,11,99,1,2,2,F,46,0,0,0,0,0,0,0,0,0,0,998,998,0,0,0,3,12,999,999,999,9999999,999,999,999,7,0,3,14,1,3,0,998,3.4,120,999,999,0.0,0.0,0.0,67.0889176,8,7
25241,11,17,1-11-2022-017-02,2,2,KL8CD6SA4MC7,17,467,1836,5,0,20,29,2021,5,1,1,0,1,L,9,1019,5,9999,9,0,998,2,97,1,0,0,995,0,0,0,27514,9,9,0,2,3,2,2,1,1,9,3,3,0,0,2,1,0,0,1,0,1,4,60,99,1,1,2,F,45,0,0,0,0,0,0,0,0,0,0,150,135,0,0,0,1,0,999,999,999,9999999,999,999,999,9,0,0,0,0,0,0,995,9.8,998,998,998,99.8,99.8,99.8,67.0889176,8,7
25242,24,35,1-24-2022-035-08,8,1,WAUDK78T19A0,17,582,3787,3,0,32,49,2009,2,1,3,0,1,F,1,1497,5,0,1,1,19,2,40,1,0,0,995,0,0,0,08234,9,9,3,4,2,1,2,1,1,1,0,2,0,0,1,1,0,0,9,0,11,2,15,1,1,1,4,J,68,0,0,0,0,0,0,0,0,0,0,110,340,0,0,0,1,12,999,999,999,9999999,999,999,999,6,0,1,3,0,4,0,995,9.8,998,998,998,99.8,99.8,99.8,256.0414571,1,7
25242,24,35,1-24-2022-035-08,8,2,2D8GV58245H6,17,476,3680,7,0,7,21,2005,6,1,5,0,1,L,1,1880,5,9999,9,4,19,2,40,1,0,0,995,0,0,0,08401,2,2,3,4,2,1,2,1,1,1,0,2,0,0,1,1,0,0,9,0,1,4,62,99,1,1,4,J,69,0,0,0,0,0,0,0,0,0,0,340,110,0,0,0,1,12,999,999,999,9999999,999,999,999,6,0,1,2,0,4,0,995,9.8,998,998,998,99.8,99.8,99.8,256.0414571,1,7
25242,24,35,1-24-2022-035-08,8,3,3KPF24AD6KE0,17,499,2462,13,0,63,38,2019,4,1,3,0,1,F,9,1253,5,9999,9,0,998,5,40,1,0,0,995,0,0,0,08234,9,9,3,4,2,1,2,1,1,1,0,2,0,0,1,1,0,0,9,0,1,4,62,99,1,1,6,M,98,0,0,0,0,0,0,0,0,0,0,150,320,0,0,0,2,0,999,999,999,9999999,999,999,999,9,0,95,95,95,95,0,995,9.8,998,998,998,99.8,99.8,99.8,256.0414571,1,7
25242,24,35,1-24-2022-035-08,8,4,1D7HA16K88J2,17,476,1938,60,0,7,482,2008,34,5,30,0,2,B,9,2049,5,9999,9,0,998,,,,,,,,,,,,,,,,,,,,,,,,,,,,,,,,,,,,,,,,,,,,,,,,,,,,,,,,,,,,,,,,,,95,95,95,95,,,,,,,,,,256.0414571,1,7
25243,24,36,1-24-2022-036-03,3,1,SHSRD78895U3,17,474,1865,7,0,37,402,2005,14,3,14,0,1,R,2,1480,5,0,1,1,19,2,40,1,0,0,995,0,0,0,08234,9,9,2,4,2,1,2,1,1,1,0,2,0,0,3,1,2,2,9,0,1,2,17,99,1,1,5,L,90,0,0,0,0,0,0,0,0,0,0,240,170,0,0,0,1,12,999,999,999,9999999,999,999,999,7,0,9,97,0,0,0,995,9.8,998,998,998,99.8,99.8,99.8,265.0742943,1,7
25243,24,36,1-24-2022-036-03,3,2,1G1ZD5ST9LF1,17,467,1834,13,0,20,37,2020,4,1,4,0,1,F,2,1418,5,0,1,1,27,2,40,1,0,1,0,2,0,2,08401,2,2,2,3,2,2,2,1,1,1,3,0,0,0,3,1,0,0,1,0,1,4,66,99,1,1,5,L,90,0,0,0,0,0,0,0,0,0,0,170,240,0,0,0,1,11,999,999,999,9999999,999,999,999,7,0,2,5,0,3,0,995,0.0,120,15,15,0.0,0.0,0.0,265.0742943,1,7
25244,24,37,1-24-2022-037-08,8,1,JNKCV51F25M3,17,480,2305,13,0,58,37,2005,4,1,4,0,1,L,3,1673,5,0,1,1,9,2,40,1,8,1,163,2,1,2,08332,2,2,0,4,2,1,2,1,1,1,0,2,0,0,3,1,2,2,9,1,1,1,9,99,3,4,1,A,2,0,0,0,0,0,0,0,0,0,0,998,998,0,1,1,2,1,62,11,61,279574,998,-40,62,0,4,3,17,1,3,0,998,0.0,40,40,90,2.2,0.5,2.2,256.0414571,1,7
25244,24,37,1-24-2022-037-08,8,2,KMHGC4DD3CU1,17,498,2774,13,0,55,41,2012,4,1,5,0,2,B,9,1768,5,9999,9,4,32,,,,,,,,,,,,,,,,,,,,,,,,,,,,,,,,,,,,,,,,,,,,,,,,,,,,,,,,,,,,,,,,,,95,95,95,95,,,,,,,,,,256.0414571,1,7
25245,14,21,1-14-2022-021-09,9,1,YV1RS61R0221,17,485,1959,13,0,51,47,2002,4,1,3,0,1,F,2,1440,5,0,1,1,31,2,56,1,0,0,995,0,0,0,78130,9,1,2,4,4,2,2,1,1,1,3,2,0,0,3,1,0,0,9,0,1,3,52,99,1,1,2,D,28,0,0,0,0,0,0,0,0,0,0,120,120,0,0,0,1,3,36,-36,0,57997,998,19,31,0,4,99,99,0,0,0,995,9.8,998,998,998,99.8,99.8,99.8,5065.809329,8,7
25245,14,21,1-14-2022-021-09,9,2,5TFEM5F17GX1,17,448,2467,60,0,49,482,2016,34,5,30,0,1,B,1,2555,5,9999,9,0,998,5,56,1,0,0,995,0,0,0,78070,9,9,2,4,4,2,2,1,1,1,3,2,0,0,3,1,0,0,9,0,2,3,53,99,1,1,2,D,29,0,0,0,0,0,0,0,0,0,0,120,120,0,0,0,1,3,20,20,0,64899,998,0,25,0,4,95,95,95,95,0,995,9.8,998,998,998,99.8,99.8,99.8,5065.809329,8,7
25246,14,22,1-14-2022-022-06,6,1,JN8AS5MT9DW5,17,478,1913,8,0,35,51,2013,6,1,3,0,1,L,2,1495,5,0,1,1,40,2,80,1,0,0,995,0,0,0,78130,1,9,2,4,2,1,2,1,1,1,0,0,0,0,3,1,2,2,9,0,11,2,15,99,1,1,4,K,82,0,0,0,0,0,0,0,0,0,0,20,140,0,0,0,1,3,26,-13,23,52347,998,24,29,0,4,99,99,0,8,0,995,9.8,998,998,998,99.8,99.8,99.8,2630.641307,8,7
25246,14,22,1-14-2022-022-06,6,2,1J4GS48KX5C5,17,483,1949,7,0,2,404,2005,14,3,14,0,1,F,1,2014,5,9999,9,0,998,5,80,1,0,0,995,0,0,0,78130,9,9,2,4,2,1,2,1,1,2,1,2,0,0,3,1,1,2,9,0,1,4,67,99,1,1,4,K,83,0,0,0,0,0,0,0,0,0,0,140,20,0,0,0,1,3,19,-19,0,19790,998,0,16,0,4,95,95,95,95,0,995,9.8,998,998,998,99.8,99.8,99.8,2630.641307,8,7
25247,66,18,1-66-2022-018-07,7,1,5FRYD4H86FB0,17,475,2147,7,0,54,421,2015,15,3,15,0,1,F,1,1970,5,0,1,1,15,2,89,1,0,0,995,0,7,0,65705,1,2,0,4,2,1,2,1,1,3,1,2,0,0,2,1,0,0,3,1,1,2,13,1,1,4,1,A,1,0,0,0,0,0,0,0,0,0,0,998,998,0,1,1,2,1,17,-17,0,27499,998,65,17,0,4,0,0,0,0,0,998,0.1,999,7,120,22.4,8.5,23.9,138.884824,6,7
25248,66,19,1-66-2022-019-07,7,1,1G1FB1RS2H01,17,467,1829,3,0,20,9,2017,2,1,4,0,1,F,1,1564,5,0,1,1,19,2,113,1,0,0,995,0,7,0,65807,9,9,0,2,2,2,2,2,1,1,3,2,1,3,1,2,0,0,9,1,1,1,1,99,2,4,1,B,7,1,2,1,2,1,4,61,1,1,999,998,998,0,0,0,1,10,999,999,999,9999999,999,-108,18,2,0,99,99,0,99,3,998,1.7,120,999,999,15.1,7.6,16.9,138.884824,6,7
25249,66,20,1-66-2022-020-10,10,1,2MEFM75W35X6,17,465,1792,13,0,14,6,2005,4,1,5,0,1,F,2,1838,5,9999,9,1,15,2,113,1,0,0,995,0,7,0,64862,9,9,0,2,2,1,2,1,1,1,1,3,2,3,1,1,0,0,3,0,1,3,51,2,2,1,2,D,24,0,0,0,0,0,0,0,0,0,0,225,225,0,0,0,1,5,999,999,999,9999999,999,999,31,3,0,99,99,0,99,0,995,9.8,998,998,998,99.8,99.8,99.8,417.8758308,6,7
25249,66,20,1-66-2022-020-10,10,2,3HSDJAPR8HN4,17,526,2564,66,0,84,881,2017,66,8,68,0,1,B,9,,,,,,,5,113,1,0,0,995,0,7,0,28227,9,9,0,2,2,1,2,1,1,1,1,3,2,3,1,1,0,0,9,0,1,3,53,99,1,1,2,D,25,,,,,,,,,,,,,,,,,,,,,,,,,,,95,95,95,95,,,9.8,998,998,998,99.8,99.8,99.8,417.8758308,6,7
25250,10,37,1-10-2022-037-05,5,1,JM3KE2BE7E03,17,473,2369,7,0,41,403,2014,14,3,14,0,1,F,1,1480,8,0,1,1,12,2,40,1,0,0,995,0,0,0,45406,9,9,2,4,2,1,2,1,1,1,0,0,0,0,3,8,2,2,3,1,11,2,13,7,9,4,1,A,1,0,0,0,0,0,0,0,0,0,0,998,998,0,0,1,1,1,18,-9,-16,49540,998,-146,18,0,4,3,9,1,3,0,998,0.0,68,90,84,12.7,5.1,13.6,25.29056826,4,7
25252,10,39,1-10-2022-039-06,6,1,3AKJGHDV8JSJ,17,450,2501,66,0,82,881,2018,66,8,68,0,1,L,9,,,,,,,2,105,1,0,0,995,0,0,0,11218,9,9,0,2,3,2,2,1,1,1,3,3,0,3,1,8,0,0,1,0,1,4,60,99,1,1,6,M,98,,,,,,,,,,,,,,,,,,,,,,,,,,,95,95,95,95,,,9.8,998,998,998,99.8,99.8,99.8,317.2370228,4,7
25252,10,39,1-10-2022-039-06,6,2,1HGCR2F84FA1,17,474,1861,13,0,37,32,2015,4,1,4,0,1,F,2,1496,5,0,1,1,23,2,105,1,0,0,995,0,0,0,45322,9,9,0,2,3,2,2,1,1,1,3,3,0,3,1,8,0,0,1,1,15,2,12,99,4,4,1,B,7,0,0,0,0,0,0,0,0,0,0,998,998,0,0,0,1,1,29,-26,-15,75488,998,-97,29,0,1,0,0,0,4,0,998,4.0,999,999,999,0.0,0.0,0.0,317.2370228,4,7
25253,10,40,1-10-2022-040-01,1,1,1HGES163X4L0,17,474,1863,13,0,37,31,2004,4,1,2,0,1,R,3,1117,5,0,1,1,11,2,105,1,0,0,995,0,1,2,45069,1,9,2,3,3,2,2,3,1,2,1,1,0,0,1,4,1,2,9,0,1,1,6,4,3,4,1,C,14,0,0,0,0,0,0,0,0,0,0,998,998,0,0,1,5,12,999,999,999,9999999,999,999,999,8,0,2,9,0,1,0,998,0.5,999,999,999,0.0,0.0,0.0,24.95767321,4,7
25254,52,31,1-52-2022-031-08,8,1,2G4WS52J1312,17,468,8843,13,0,18,7,2003,4,1,3,0,1,F,1,1528,5,0,1,1,30,2,129,1,0,1,0,2,0,1,59037,9,9,0,1,2,1,2,4,1,1,1,3,2,3,1,4,0,0,9,0,1,3,51,2,9,1,2,D,24,0,0,0,0,0,0,0,0,0,0,50,50,0,0,0,1,3,12,-12,0,10081,998,9,13,0,4,2,5,0,3,0,995,9.8,998,998,998,99.8,99.8,99.8,115.9393203,12,7
25254,52,31,1-52-2022-031-08,8,2,1FM5K8F82GGC,17,460,1800,7,0,12,401,2016,14,3,14,0,1,B,1,2146,5,9999,9,0,998,5,129,1,0,0,995,0,0,0,59037,9,9,0,1,2,1,2,4,1,1,1,3,2,3,1,4,0,0,9,0,1,3,53,99,1,1,2,D,25,0,0,0,0,0,0,0,0,0,0,50,50,0,0,0,1,3,9,9,0,4344,998,0,7,0,4,95,95,95,95,0,995,9.8,998,998,998,99.8,99.8,99.8,115.9393203,12,7
25255,52,32,1-52-2022-032-06,6,1,1C4AJWBG0HL7,17,483,1943,7,0,2,403,2017,14,3,14,0,1,F,1,1717,5,0,1,1,29,2,105,1,0,0,995,0,0,0,59068,1,2,0,4,2,1,2,5,2,1,1,2,3,3,1,8,0,0,2,1,14,2,10,1,1,2,3,G,52,0,0,0,0,0,0,0,0,0,0,105,285,0,0,0,1,1,15,-15,0,15395,998,-63,13,0,4,0,0,0,0,0,995,9.8,998,998,998,99.8,99.8,99.8,251.277718,12,7
25255,52,32,1-52-2022-032-06,6,2,1GCEK19V46Z1,17,467,1850,60,0,20,481,2006,34,5,31,0,1,F,1,2151,5,0,1,1,30,2,105,1,0,0,995,0,0,0,59068,9,9,0,4,2,1,2,5,3,1,1,2,3,3,1,8,0,0,9,1,14,2,10,99,1,2,3,G,52,0,0,0,0,0,0,0,0,0,0,285,105,0,0,0,1,1,12,-12,0,21611,998,-78,14,0,4,9,97,0,99,0,995,9.8,998,998,998,99.8,99.8,99.8,251.277718,12,7
25256,52,33,1-52-2022-033-09,9,1,1GTHK23103F1,17,472,1857,60,0,23,481,2003,34,5,31,0,1,R,9,2658,5,9999,9,0,998,5,56,1,0,0,995,0,0,0,82435,9,9,2,4,4,2,2,1,1,1,1,2,0,0,1,1,1,2,2,0,11,2,15,99,1,1,4,J,68,0,0,0,0,0,0,0,0,0,0,30,270,1,0,0,1,0,999,999,999,9999999,999,999,999,9,0,95,95,95,95,0,995,9.8,998,998,998,99.8,99.8,99.8,614.5114565,12,7