CASEID,PSU,CASENO,CASENUMBER,CATEGORY,VEHNO,VIN,VINLENGTH,VPICMAKE,VPICMODEL,VPICBODYCLASS,ICFINALBODY,MAKE,MODEL,MODELYR,BODYTYPE,BODYCAT,VEHCLASS,SPECUSE,TRANSTAT,DAMPLANE,DAMSEV,CURBWT,CURBSRC,CARGOWT,CARGOSRC,INSPTYPE,INSPLAG,TOWED,SPEEDLIMIT,DRPRESENT,PARALCOHOL,ALCTEST,ALCTESTRESULT,ALCTESTSRC,PARDRUG,DRUGTEST,ZIP,RACE,ETHNICITY,RELTOJUNCT,TRAFFLOW,RDLANES,INITLANE,SURFTYPE,SURFCOND,ALIGNMENT,PROFILE,LINERIGHT,LINELEFT,RUMBINIT,RUMBROAD,LIGHTCOND,WEATHER,TRAFDEV,TRAFFUNCT,DISTRACT,PREFHE,PREMOVE,CRITCAT,CRITEVENT,MANEUVER,PRESTAB,PRELOC,CRASHCAT,CRASHCONF,CRASHTYPE,ROLLTYPE,ROLLTURN,ROLLINTRPT,ROLLPREMAN,ROLLINITYP,ROLLINLOC,ROLLOBJ,ROLLTRIP,ROLLDIR,ROLLDIST,DVANGTHIS,DVANGOTH,TOWHITCH,TRAJDOC,TREEPOLE,DVEVENT,DVBASIS,DVTOTAL,DVLONG,DVLAT,DVENERGY,DVSPEED,DVMOMENT,DVBES,DVEST,DVCONF,VAIS,VISS,VINJURED,VTREAT,INITOBJCLASS,HEADANGLECAT,SHLDRWIDTH,STRKLENGTH,STRKWIDTH,STRKHEIGHT,EDGEDISTX,EDGEDISTY,EDGEDISTZ,CASEWGT,PSUSTRAT,VERSION
25339,16,21,1-16-2022-021-05,5,1,1B7FL26XXVS2,17,476,1941,60,0,7,472,1997,34,5,31,0,1,F,2,1493,5,9999,9,0,998,5,40,1,1,8,997,8,0,0,45216,9,9,9,4,2,1,2,2,1,4,0,0,0,0,1,2,0,0,1,1,10,2,16,99,1,2,4,K,80,0,0,0,0,0,0,0,0,0,0,225,100,0,0,0,1,3,25,-24,4,30734,998,36,22,0,4,95,95,95,95,0,995,9.8,998,998,998,99.8,99.8,99.8,160.6019505,5,7
25339,16,21,1-16-2022-021-05,5,2,1FMJK1J54EEF,17,460,1799,7,0,12,422,2014,15,3,15,0,1,L,1,2792,5,0,1,1,35,2,40,1,0,0,995,0,0,0,45044,1,9,9,4,2,1,2,2,1,1,0,2,0,0,1,2,0,0,1,0,1,4,72,99,1,1,4,K,81,0,0,0,0,0,0,0,0,0,0,100,225,0,0,0,1,3,13,-4,12,38854,998,-150,14,0,4,0,0,0,8,0,995,9.8,998,998,998,99.8,99.8,99.8,160.6019505,5,7
25340,14,23,1-14-2022-023-02,2,1,1C4PJLCB8JD6,17,483,1945,7,0,2,404,2018,14,3,14,0,1,T,1,1669,5,0,2,4,30,2,72,1,0,0,995,0,0,0,78132,1,2,0,2,2,2,1,1,1,9,3,2,0,0,2,1,0,0,3,1,1,2,12,99,2,4,1,B,7,1,4,2,5,1,3,61,1,1,18,997,997,0,1,0,2,6,999,999,999,9999999,999,999,999,6,0,0,0,0,4,3,997,0.6,999,999,999,0.0,0.0,0.0,237.382202,8,7
25341,54,25,1-54-2022-025-04,4,1,5NPE34AF7JH6,17,498,2459,13,0,55,33,2018,4,1,4,0,1,B,1,1572,5,0,1,1,21,2,105,1,0,0,995,0,0,0,35582,1,9,0,1,3,1,2,2,1,4,1,3,2,2,1,2,0,0,9,1,1,1,6,99,4,4,1,A,2,0,0,0,0,0,0,0,0,0,0,996,996,0,1,0,1,7,999,999,999,9999999,999,999,999,6,0,0,0,0,0,0,996,2.6,120,110,-60,22.0,14.0,26.0,606.9955296,9,7
25342,54,26,1-54-2022-026-06,6,1,1HGCM56415A1,17,474,1861,13,0,37,32,2005,4,1,3,0,1,R,3,1389,5,0,1,1,10,2,40,1,0,0,995,0,0,0,35653,1,9,2,4,2,1,2,1,1,1,1,2,0,0,5,1,2,2,9,0,1,2,17,99,1,1,5,L,87,0,0,0,0,0,0,0,0,0,0,225,110,0,1,0,1,5,999,999,999,9999999,999,999,66,5,0,1,1,0,4,0,995,9.8,998,998,998,99.8,99.8,99.8,178.4112916,9,7
25342,54,26,1-54-2022-026-06,6,2,1XPHD49X3ED2,17,495,2049,66,0,87,881,2014,66,8,68,0,1,F,9,,,,,,,2,89,1,0,0,995,0,0,0,38868,9,9,2,1,4,2,2,1,1,1,1,3,2,2,5,1,0,0,9,0,1,4,66,99,1,1,5,L,86,,,,,,,,,,,,,,,,,,,,,,,,,,,95,95,95,95,,,9.8,998,998,998,99.8,99.8,99.8,178.4112916,9,7
25344,77,25,1-77-2022-025-07,7,1,4T1BF3EK2BU6,17,448,2469,13,0,49,40,2011,4,1,4,0,1,F,1,1500,5,0,1,1,15,2,56,1,0,0,995,0,0,0,22963,9,9,2,4,3,2,2,1,1,2,1,2,0,0,1,1,2,2,1,0,11,2,15,2,1,1,4,K,82,0,0,0,0,0,0,0,0,0,0,275,65,0,0,0,1,1,20,-20,4,27001,998,-22,21,0,4,0,0,0,0,0,995,9.8,998,998,998,99.8,99.8,99.8,3379.625334,9,7
25344,77,25,1-77-2022-025-07,7,2,1C4NJDEB6GD7,17,483,1946,7,0,2,1,2016,6,1,2,0,1,F,1,1479,5,0,1,1,15,2,56,1,0,0,995,0,0,0,22901,9,9,2,5,5,2,2,1,1,1,3,2,0,0,1,1,0,0,1,0,1,4,67,2,1,1,4,K,83,0,0,0,0,0,0,0,0,0,0,65,275,0,0,0,1,1,21,-20,-7,25669,998,-26,20,0,1,0,0,0,0,0,995,9.8,998,998,998,99.8,99.8,99.8,3379.625334,9,7
25345,32,30,1-32-2022-030-08,8,1,1D4GP25R93B3,17,476,1942,9,0,7,442,2003,20,4,20,0,1,F,1,1832,5,0,1,1,26,2,48,1,0,1,0,2,0,0,75041,1,1,0,4,2,1,1,1,3,1,0,0,0,0,1,1,0,0,9,1,14,2,11,99,1,4,1,C,11,0,0,0,0,0,0,0,0,0,0,180,180,0,0,0,1,3,16,-16,0,15216,998,37,14,0,4,1,1,0,3,0,995,9.8,998,998,998,99.8,99.8,99.8,1417.932411,7,7
25345,32,30,1-32-2022-030-08,8,2,2C3CCAAG8GH1,17,477,1878,13,0,6,51,2016,4,1,5,0,2,B,1,1797,5,9999,9,0,998,,,,,,,,,,,,,,,,,,,,,,,,,,,,,,,,,,,,,,,,,,,,,,,,,,,,,,,,,,,,,,,,,,95,95,95,95,,,,,,,,,,1417.932411,7,7
25346,31,20,1-31-2022-020-04,4,1,3FA6P0HD5LR1,17,460,1780,13,0,12,23,2020,4,1,4,0,1,F,1,1575,5,0,1,1,33,2,89,1,0,0,995,0,0,0,62821,9,9,0,4,2,1,2,1,1,1,1,2,0,0,2,1,0,0,9,0,1,6,87,7,1,1,1,C,13,0,0,0,0,0,0,0,0,0,0,998,998,0,0,0,1,10,999,999,999,9999999,999,-9,15,2,0,0,0,0,0,0,998,9.8,998,998,998,99.8,99.8,99.8,256.0536827,6,7
25347,31,21,1-31-2022-021-07,7,1,1XKDD49X9AJ2,17,532,2719,66,0,85,881,2010,66,8,68,0,1,F,9,,,,,,,2,89,1,0,0,995,0,0,0,62842,9,9,0,4,2,1,2,1,1,1,1,4,0,0,4,1,0,0,9,1,1,2,10,99,1,9,3,G,50,,,,,,,,,,,,,,,,,,,,,,,,,,,95,95,95,95,,,9.8,998,998,998,99.8,99.8,99.8,480.1593067,6,7
25347,31,21,1-31-2022-021-07,7,2,1FUYDSEB0TP7,17,450,9804,66,0,82,881,1996,66,8,68,0,1,F,9,,,,,,,2,89,1,0,0,995,0,0,0,62851,9,9,0,4,2,1,2,1,1,4,1,4,0,0,4,1,0,0,9,0,1,4,62,99,1,1,3,G,51,,,,,,,,,,,,,,,,,,,,,,,,,,,95,95,95,95,,,9.8,998,998,998,99.8,99.8,99.8,480.1593067,6,7
25347,31,21,1-31-2022-021-07,7,3,1FT7W2BT5EEA,17,460,1805,60,0,12,481,2014,34,5,31,0,1,F,1,3053,5,9999,9,1,14,2,89,1,0,0,995,0,0,0,62931,9,9,0,4,2,1,2,1,1,4,1,4,0,0,4,1,0,0,9,0,1,6,90,99,1,1,6,M,98,0,0,0,0,0,0,0,0,0,0,998,998,0,0,0,3,12,999,999,999,9999999,999,999,999,6,0,0,0,0,0,0,998,9.8,998,998,998,99.8,99.8,99.8,480.1593067,6,7
25348,27,22,1-27-2022-022-02,2,1,1GTU9FEL2MZ3,17,472,1857,60,0,23,481,2021,34,5,31,0,1,F,3,2193,5,0,1,1,9,2,64,1,0,1,189,2,0,1,01201,1,2,0,4,2,1,2,1,2,2,1,2,0,0,1,1,0,0,9,1,14,2,13,1,1,4,1,A,1,0,0,0,0,0,0,0,0,0,0,998,998,0,1,1,6,1,46,-45,8,199910,998,40,46,0,3,3,14,1,3,0,998,3.7,12,14,999,8.5,0.7,8.6,24.7367566,3,7
25349,18,24,1-18-2022-024-06,6,1,4T1BF1FK5GU5,17,448,2469,13,0,49,40,2016,4,1,4,0,1,F,1,1467,5,0,1,1,18,2,40,1,0,1,0,2,0,0,54701,1,9,0,4,2,1,2,1,1,1,0,2,0,0,1,8,0,0,3,1,1,2,13,1,1,4,1,C,11,0,0,0,0,0,0,0,0,0,0,180,180,0,0,0,1,3,15,-15,0,9826,998,22,13,0,4,1,1,0,4,0,995,9.8,998,998,998,99.8,99.8,99.8,163.5659351,6,7
25349,18,24,1-18-2022-024-06,6,2,JT2BF28K6X01,17,448,2469,13,0,49,40,1999,4,1,3,0,2,B,1,1415,5,9999,9,0,998,,,,,,,,,,,,,,,,,,,,,,,,,,,,,,,,,,,,,,,,,,,,,,,,,,,,,,,,,,,,,,,,,,95,95,95,95,,,,,,,,,,163.5659351,6,7
25350,18,25,1-18-2022-025-10,10,1,1G8AZ55F26Z1,17,1056,4781,13,0,24,7,2006,4,1,2,0,1,B,1,1221,5,0,1,1,13,2,89,1,0,0,995,0,0,0,54727,1,9,0,4,2,1,2,1,1,3,1,4,0,0,2,1,0,0,1,1,1,1,6,99,4,4,1,B,7,0,0,0,0,0,0,0,0,0,0,998,998,0,0,0,1,1,22,21,-8,25587,998,32,22,0,4,0,0,0,0,0,998,0.2,26,53,22,17.0,3.9,17.5,3080.020376,6,7
25351,66,23,1-66-2022-023-10,10,1,1GNKVGED0CJ2,17,467,1853,7,0,20,24,2012,6,1,5,0,1,9,9,2234,5,9999,9,6,22,2,89,1,0,0,995,0,7,0,65707,9,9,0,4,2,1,2,1,1,2,1,2,2,3,2,1,0,0,9,0,1,6,87,99,1,1,1,C,13,0,0,0,0,0,0,0,0,0,0,998,998,0,0,0,1,12,999,999,999,9999999,999,999,999,9,0,99,99,0,99,0,998,9.8,998,998,998,99.8,99.8,99.8,905.1190496,6,7
25353,21,17,1-21-2022-017-06,6,1,KMHTC6AE8EU2,17,498,2298,5,0,55,42,2014,9,1,3,0,1,F,1,1323,5,9999,9,4,41,2,113,1,0,9,998,8,0,9,91750,9,9,0,2,3,3,2,1,1,9,3,2,1,3,2,1,5,2,3,0,1,3,50,99,1,1,3,G,52,0,0,0,0,0,0,0,0,0,0,235,35,0,0,0,1,98,999,999,999,9999999,999,999,999,6,0,4,17,1,3,0,995,9.8,998,998,998,99.8,99.8,99.8,1994.058319,11,7
25353,21,17,1-21-2022-017-06,6,2,1GNDS13S9323,17,467,4548,7,0,20,403,2003,14,3,14,0,1,F,9,2015,5,9999,9,0,998,2,113,0,7,7,887,6,8,8,99998,8,8,0,2,3,3,2,1,1,9,3,2,1,3,2,1,5,2,0,8,0,3,54,0,0,0,3,G,52,0,0,0,0,0,0,0,0,0,0,35,235,0,0,0,1,0,999,999,999,9999999,999,999,999,9,0,0,0,0,0,0,995,9.8,998,998,998,99.8,99.8,99.8,1994.058319,11,7
25354,21,18,1-21-2022-018-04,4,1,WDZPE7CD8HP5,17,449,1703,9,0,42,461,2017,21,4,21,0,1,F,9,2324,5,9999,9,0,998,2,113,1,0,0,995,0,0,0,91789,3,2,0,1,2,1,2,1,1,9,3,2,2,3,2,1,0,0,1,0,1,3,52,8,1,1,2,D,28,0,0,0,0,0,0,0,0,0,0,210,205,0,0,0,1,0,999,999,999,9999999,999,999,999,9,0,0,0,0,0,0,995,9.8,998,998,998,99.8,99.8,99.8,2525.659178,11,7
25354,21,18,1-21-2022-018-04,4,2,4T1G31AK1LU0,17,448,2469,13,0,49,40,2020,4,1,4,0,1,B,1,1610,5,0,2,4,10,2,113,1,0,0,995,0,0,0,93536,3,2,0,1,2,2,2,1,1,9,3,2,1,3,2,1,0,0,1,0,1,3,53,1,1,1,2,D,29,0,0,0,0,0,0,0,0,0,0,205,210,0,0,0,1,98,999,999,999,9999999,999,999,999,6,0,99,99,0,0,0,995,9.8,998,998,998,99.8,99.8,99.8,2525.659178,11,7
25355,24,41,1-24-2022-041-03,3,1,1N6BD0CT8KN8,17,478,1919,60,0,35,472,2019,34,5,30,0,1,R,1,1712,5,0,1,1,20,2,80,1,0,0,995,0,0,0,08232,9,9,2,4,4,2,2,1,1,1,1,2,0,0,1,1,1,2,9,0,11,2,15,1,1,1,4,J,68,0,0,0,0,0,0,0,0,0,0,240,130,0,0,0,1,1,11,-5,-9,19538,998,218,9,0,4,2,5,0,3,0,995,9.8,998,998,998,99.8,99.8,99.8,232.4202785,1,7
25355,24,41,1-24-2022-041-03,3,2,5FNYF18368B0,17,474,1864,7,0,37,421,2008,15,3,15,0,1,F,1,2021,5,0,1,1,32,2,80,1,0,0,995,0,0,0,08215,9,9,2,4,4,1,2,1,1,1,1,1,0,0,1,1,1,2,9,0,1,4,62,1,1,1,4,J,69,0,0,0,0,0,0,0,0,0,0,130,240,0,0,0,1,1,10,-10,2,18068,998,80,13,0,4,0,0,0,0,0,995,9.8,998,998,998,99.8,99.8,99.8,232.4202785,1,7
25356,26,33,1-26-2022-033-09,9,1,1N4DL01D61C2,17,478,1904,13,0,35,47,2001,4,1,2,0,1,F,2,1300,5,9999,9,5,44,2,24,1,9,9,998,8,9,9,99999,9,9,3,4,2,1,2,1,1,1,1,0,0,0,3,1,0,0,9,1,6,2,11,99,1,2,2,F,48,0,0,0,0,0,0,0,0,0,0,250,90,0,1,0,3,12,999,999,999,9999999,999,999,999,7,0,99,99,0,99,0,995,9.8,998,998,998,99.8,99.8,99.8,2313.459351,10,7
25356,26,33,1-26-2022-033-09,9,2,WDDGJ4HB6DG0,17,449,2085,3,0,42,42,2013,2,1,3,0,1,L,1,1550,5,9999,9,5,44,5,24,1,0,0,995,0,0,0,95833,9,9,3,4,2,1,2,1,1,1,1,0,0,0,3,1,0,0,1,0,2,4,60,1,1,1,2,F,48,0,0,0,0,0,0,0,0,0,0,270,270,0,0,0,2,8,999,999,999,9999999,999,999,999,6,0,95,95,95,95,0,995,9.8,998,998,998,99.8,99.8,99.8,2313.459351,10,7
25356,26,33,1-26-2022-033-09,9,3,KNDJF7244975,17,499,2770,7,0,63,401,2009,14,3,14,0,2,F,1,1476,5,9999,9,5,44,,,,,,,,,,,,,,,,,,,,,,,,,,,,,,,,,,,,,,,,,,,,,,,,,,,,,,,,,,,,,,,,,,95,95,95,95,,,,,,,,,,2313.459351,10,7
25357,26,34,1-26-2022-034-08,8,1,1B7GL23X3TS6,17,476,1941,60,0,7,472,1996,34,5,30,0,1,T,1,1599,5,0,1,5,13,2,64,1,1,1,84,2,0,0,94565,9,1,0,4,2,1,2,1,1,1,1,4,0,0,1,1,0,0,3,1,1,2,13,99,2,4,1,A,1,1,4,2,2,1,4,61,1,1,11,997,997,0,0,0,1,6,999,999,999,9999999,999,999,999,6,0,1,1,0,3,3,997,0.0,3,3,999,7.6,4.2,9.0,316.9536123,10,7
25358,26,35,1-26-2022-035-04,4,1,5NPEB4ACXEH8,17,498,2459,13,0,55,33,2014,4,1,4,0,1,F,2,1475,5,0,1,1,48,2,48,1,0,0,995,0,0,0,95207,2,9,2,1,3,3,2,1,1,1,1,0,0,0,1,1,1,2,1,0,11,2,15,3,1,1,4,J,68,0,0,0,0,0,0,0,0,0,0,330,180,0,1,0,1,1,28,-21,-18,107664,998,-114,33,0,1,1,3,0,4,0,995,9.8,998,998,998,99.8,99.8,99.8,1719.010552,10,7
25358,26,35,1-26-2022-035-04,4,2,JF1ZNAE16K97,17,448,13602,3,0,49,56,2019,3,1,2,0,1,F,2,1251,5,0,1,1,27,2,48,1,0,0,995,0,0,0,95818,9,9,2,4,5,2,2,1,1,1,1,1,0,0,1,1,1,2,1,0,1,4,62,8,1,1,4,J,69,0,0,0,0,0,0,0,0,0,0,180,330,0,1,0,1,1,34,-33,-6,31243,998,-46,23,0,1,0,0,0,0,0,995,0.0,30,30,999,1.4,1.0,1.8,1719.010552,10,7
25359,26,36,1-26-2022-036-10,10,1,1LNHM81W24Y6,17,464,1791,13,0,13,1,2004,4,1,5,0,1,F,9,1982,5,9999,9,0,998,2,40,1,0,0,995,0,0,0,95621,1,9,0,4,2,1,2,1,3,1,0,0,0,0,1,1,0,0,9,1,14,2,13,99,9,4,1,A,1,0,0,0,0,0,0,0,0,0,0,998,998,0,1,0,1,0,999,999,999,9999999,999,999,999,9,0,0,0,0,0,0,998,0.0,28,28,99,16.7,15.1,22.2,11567.20996,10,7
25360,30,25,1-30-2022-025-05,5,1,JTDZN3EU7HJ0,17,448,13822,15,0,49,46,2017,6,1,4,0,1,F,2,1505,5,9999,9,0,998,2,64,1,0,1,0,2,0,1,85283,9,9,2,1,1,1,2,1,1,1,1,0,0,0,1,1,1,2,1,0,11,2,15,99,1,1,4,J,68,0,0,0,0,0,0,0,0,0,0,140,0,0,0,0,1,3,25,-24,-4,50816,998,-38,28,0,4,1,1,0,4,0,995,9.8,998,998,998,99.8,99.8,99.8,145.6784954,10,7
25360,30,25,1-30-2022-025-05,5,2,3VWDP7AJXDM4,17,482,3137,13,0,30,40,2013,4,1,3,0,1,F,2,1398,5,0,1,1,15,2,64,1,0,1,0,2,0,1,85042,9,9,2,1,4,4,2,1,1,1,3,1,0,0,1,1,1,2,1,0,1,4,62,99,1,1,4,J,69,0,0,0,0,0,0,0,0,0,0,0,140,0,0,0,1,3,26,-23,13,37297,998,64,23,0,4,3,10,1,3,0,995,9.8,998,998,998,99.8,99.8,99.8,145.6784954,10,7
25361,30,26,1-30-2022-026-05,5,1,KMHDU46D77U1,17,498,2735,13,0,55,35,2007,4,1,3,0,1,F,2,1246,5,9999,9,0,998,2,72,1,0,1,0,2,0,1,85205,9,9,2,4,7,5,2,1,1,1,1,2,0,0,1,1,1,2,1,0,11,2,15,99,1,1,4,J,68,0,0,0,0,0,0,0,0,0,0,310,180,0,0,0,1,3,26,-23,-13,41470,998,-93,23,0,4,3,17,1,3,0,995,9.8,998,998,998,99.8,99.8,99.8,145.6784954,10,7
25361,30,26,1-30-2022-026-05,5,2,2LMDJ6JK4DBL,17,464,1813,7,0,13,14,2013,6,1,4,0,1,F,1,1736,5,0,1,1,27,2,72,1,0,1,0,2,0,0,85268,9,9,2,4,7,1,2,1,1,1,3,1,0,0,1,1,1,2,1,0,1,4,62,99,1,1,4,J,69,0,0,0,0,0,0,0,0,0,0,180,310,0,0,0,1,3,20,-19,7,46536,998,71,23,0,4,1,1,0,4,0,995,0.0,66,35,86,4.5,0.0,4.5,145.6784954,10,7
25364,20,47,1-20-2022-047-09,9,1,JHMZE2H56AS0,17,474,1870,5,0,37,37,2010,5,1,2,0,1,F,2,1235,5,0,1,1,8,2,89,1,1,0,995,0,0,0,95039,1,9,0,4,2,1,2,1,2,1,0,2,0,0,1,1,0,0,9,1,14,2,12,99,1,4,1,B,6,0,0,0,0,0,0,0,0,0,0,998,998,0,0,2,3,10,999,999,999,9999999,999,-26,33,3,0,9,97,0,8,0,998,0.0,17,120,120,10.6,2.6,10.9,445.6171626,11,7
25366,20,49,1-20-2022-049-06,6,1,2T1BU4EE8AC4,17,448,2208,13,0,49,32,2010,4,1,2,0,1,F,9,1279,5,9999,9,0,998,7,40,1,0,0,995,0,0,0,93905,9,1,2,5,3,2,2,1,1,1,1,2,0,0,3,1,0,0,9,0,11,2,15,99,1,1,4,J,68,0,0,0,0,0,0,0,0,0,0,290,160,0,0,0,1,0,999,999,999,9999999,999,999,999,9,0,0,0,0,0,0,995,9.8,998,998,998,99.8,99.8,99.8,209.3688973,11,7
25366,20,49,1-20-2022-049-06,6,2,JM1BL1LPXD17,17,473,2074,5,0,41,51,2013,5,1,2,0,1,F,1,1461,5,0,1,1,35,2,40,1,0,0,995,0,0,0,93905,9,1,2,4,2,1,2,1,1,1,0,5,0,0,3,1,0,0,9,0,1,4,62,99,1,1,4,J,69,0,0,0,0,0,0,0,0,0,0,160,290,0,0,0,1,12,999,999,999,9999999,999,999,999,6,0,9,97,0,0,0,995,9.8,998,998,998,99.8,99.8,99.8,209.3688973,11,7
25368,76,28,1-76-2022-028-03,3,1,JF2GTAPCXM82,17,523,13580,7,0,48,403,2021,14,3,14,0,1,F,2,1462,8,0,1,1,83,2,89,1,8,9,998,8,7,9,12762,9,9,0,4,2,1,2,1,1,2,1,2,0,0,2,1,0,0,9,1,1,6,88,98,2,4,1,B,8,0,0,0,0,0,0,0,0,0,0,998,998,0,0,0,4,12,999,999,999,9999999,999,999,999,7,0,1,1,0,4,0,998,1.1,999,999,999,99.9,99.9,99.9,21.45627751,3,7
25370,22,4,1-22-2022-004-07,7,1,5TESM92N63Z1,17,448,2223,60,0,49,472,2003,34,5,30,0,1,R,1,1483,5,9999,9,1,20,2,48,1,0,0,995,0,0,0,83843,9,9,2,4,3,1,2,1,1,4,0,1,0,0,1,1,2,2,2,0,1,2,17,9,1,1,5,L,87,1,3,2,5,7,1,2,2,2,13,260,170,0,0,0,1,1,11,-4,-10,4157,998,71,8,0,1,1,1,0,5,1,995,9.8,998,998,998,99.8,99.8,99.8,81.80500372,12,7
25370,22,4,1-22-2022-004-07,7,2,JF2GPADC2F82,17,523,2236,7,0,48,403,2015,14,3,14,0,1,F,1,1410,5,9999,9,1,22,2,40,1,0,0,995,0,0,0,83855,9,9,2,4,5,2,2,1,1,3,3,1,0,0,1,1,0,0,1,0,6,4,66,4,1,1,5,L,86,0,0,0,0,0,0,0,0,0,0,170,260,0,0,0,1,1,11,-11,4,12494,998,31,14,0,1,0,0,0,5,0,995,9.8,998,998,998,99.8,99.8,99.8,81.80500372,12,7
25371,20,50,1-20-2022-050-06,6,1,5TEJU62N37Z3,17,448,2223,60,0,49,472,2007,34,5,30,0,1,B,9,1767,5,9999,9,0,998,5,56,1,0,0,995,0,0,0,95023,9,9,2,4,4,2,2,1,1,1,3,2,0,0,1,1,0,0,1,0,5,3,53,1,1,1,6,M,98,0,0,0,0,0,0,0,0,0,0,230,230,0,0,0,2,0,999,999,999,9999999,999,999,999,9,0,95,95,95,95,0,995,9.8,998,998,998,99.8,99.8,99.8,209.3688973,11,7
25371,20,50,1-20-2022-050-06,6,2,1HGCG16552A0,17,474,1861,13,0,37,32,2002,4,1,3,0,1,B,1,1485,5,9999,9,0,998,7,56,1,0,0,995,0,0,0,93955,9,1,2,4,4,2,2,1,1,1,3,2,0,0,1,1,0,0,1,0,5,3,53,1,1,1,2,D,21,0,0,0,0,0,0,0,0,0,0,230,230,0,0,0,1,3,23,23,0,50799,998,0,29,0,4,0,0,0,0,0,995,9.8,998,998,998,99.8,99.8,99.8,209.3688973,11,7
25371,20,50,1-20-2022-050-06,6,3,1VWAT7A35FC0,17,482,3134,13,0,30,46,2015,4,1,4,0,1,F,1,1439,5,0,1,1,16,7,56,1,0,0,995,0,0,0,93955,2,9,2,4,4,2,2,1,1,1,3,2,0,0,1,1,0,0,9,0,1,3,50,2,1,1,2,D,20,0,0,0,0,0,0,0,0,0,0,230,230,0,0,0,1,3,23,-23,0,10815,998,-5,14,0,4,1,1,0,8,0,995,9.8,998,998,998,99.8,99.8,99.8,209.3688973,11,7
25373,16,22,1-16-2022-022-03,3,1,JN1BV7AR3EM7,17,480,1901,13,0,58,41,2014,4,1,4,0,1,F,1,1681,5,0,1,1,21,2,56,1,0,0,995,0,0,0,45240,9,9,2,3,1,1,2,1,1,1,0,0,0,0,3,8,2,2,1,0,11,2,15,7,1,1,4,K,82,0,0,0,0,0,0,0,0,0,0,230,320,0,0,0,1,3,12,-6,11,11292,998,163,8,0,4,0,0,0,0,0,995,9.8,998,998,998,99.8,99.8,99.8,718.5385074,5,7
25373,16,22,1-16-2022-022-03,3,2,2HGFC2F68KH5,17,474,1863,13,0,37,31,2019,4,1,3,0,1,R,1,1252,5,0,1,1,12,2,56,1,0,0,995,0,0,0,45211,9,9,2,4,4,1,2,1,1,1,0,2,0,0,3,8,0,0,1,0,1,4,67,3,1,1,4,K,83,0,0,0,0,0,0,0,0,0,0,320,230,0,0,0,1,3,16,-14,-8,26306,998,6,22,0,4,99,99,0,0,0,995,9.8,998,998,998,99.8,99.8,99.8,718.5385074,5,7
25374,17,23,1-17-2022-023-06,6,1,1GNKRFED2BJ1,17,467,1853,7,0,20,24,2011,6,1,5,0,1,F,1,2141,5,0,1,1,15,2,113,1,9,1,0,2,9,1,61250,1,9,1,2,2,1,1,2,1,9,1,3,0,0,1,1,0,0,9,1,1,1,6,99,4,4,1,B,7,0,0,0,0,0,0,0,0,0,0,998,998,0,0,0,1,1,13,-13,0,14811,998,-26,13,0,1,1,1,0,4,0,998,9.9,999,999,999,0.0,0.0,0.0,191.6936761,4,7
25375,15,3,1-15-2022-003-09,9,1,1FMCU0D77BKB,17,460,1798,7,0,12,402,2011,14,3,14,0,1,F,9,1540,5,9999,9,0,998,2,48,1,8,9,998,8,7,9,11040,9,9,2,3,1,1,1,2,2,1,0,0,0,0,1,8,3,2,9,0,14,3,51,99,1,1,2,D,24,0,0,0,0,0,0,0,0,0,0,210,210,0,0,0,1,0,999,999,999,9999999,999,999,999,9,0,99,99,0,5,0,995,9.8,998,998,998,99.8,99.8,99.8,40.8430361,1,7
25375,15,3,1-15-2022-003-09,9,2,1N4BL4BVXMN4,17,478,1904,13,0,35,47,2021,4,1,4,0,1,B,9,1545,5,9999,9,0,998,5,48,1,8,9,998,8,7,9,11758,9,9,2,3,1,1,1,2,2,1,0,0,0,0,1,8,3,2,9,0,14,3,53,99,1,1,2,D,25,0,0,0,0,0,0,0,0,0,0,210,210,0,0,0,1,0,999,999,999,9999999,999,999,999,9,0,95,95,95,95,0,995,9.8,998,998,998,99.8,99.8,99.8,40.8430361,1,7
25376,20,51,1-20-2022-051-06,6,1,55SWF4KB2FU0,17,449,2085,13,0,42,42,2015,4,1,4,0,1,R,1,1625,5,0,1,1,11,2,89,1,1,8,997,8,9,9,95076,9,1,0,4,2,1,2,1,3,4,1,2,0,0,2,1,5,2,9,1,14,1,6,9,2,4,1,A,2,1,6,1,6,1,4,61,1,2,22,998,998,0,0,7,1,10,999,999,999,9999999,999,-18,19,2,0,1,1,0,8,3,998,1.3,30,30,999,3.7,1.4,4.0,209.3688973,11,7
25377,76,30,1-76-2022-030-10,10,1,JF2SH63699H7,17,523,2234,7,0,48,401,2009,14,3,14,0,1,R,9,1483,5,9999,9,0,998,2,89,1,8,9,998,8,7,9,12155,9,9,0,4,2,1,2,5,3,1,0,0,0,0,1,1,0,0,9,1,14,1,6,99,2,4,1,A,3,0,0,0,0,0,0,0,0,0,0,998,998,0,0,1,1,0,999,999,999,9999999,999,999,999,9,0,0,0,0,0,0,998,0.0,16,16,95,9.2,1.4,9.3,21.48795207,3,7