CASEID,PSU,CASENO,CASENUMBER,CATEGORY,VEHNO,VIN,VINLENGTH,VPICMAKE,VPICMODEL,VPICBODYCLASS,ICFINALBODY,MAKE,MODEL,MODELYR,BODYTYPE,BODYCAT,VEHCLASS,SPECUSE,TRANSTAT,DAMPLANE,DAMSEV,CURBWT,CURBSRC,CARGOWT,CARGOSRC,INSPTYPE,INSPLAG,TOWED,SPEEDLIMIT,DRPRESENT,PARALCOHOL,ALCTEST,ALCTESTRESULT,ALCTESTSRC,PARDRUG,DRUGTEST,ZIP,RACE,ETHNICITY,RELTOJUNCT,TRAFFLOW,RDLANES,INITLANE,SURFTYPE,SURFCOND,ALIGNMENT,PROFILE,LINERIGHT,LINELEFT,RUMBINIT,RUMBROAD,LIGHTCOND,WEATHER,TRAFDEV,TRAFFUNCT,DISTRACT,PREFHE,PREMOVE,CRITCAT,CRITEVENT,MANEUVER,PRESTAB,PRELOC,CRASHCAT,CRASHCONF,CRASHTYPE,ROLLTYPE,ROLLTURN,ROLLINTRPT,ROLLPREMAN,ROLLINITYP,ROLLINLOC,ROLLOBJ,ROLLTRIP,ROLLDIR,ROLLDIST,DVANGTHIS,DVANGOTH,TOWHITCH,TRAJDOC,TREEPOLE,DVEVENT,DVBASIS,DVTOTAL,DVLONG,DVLAT,DVENERGY,DVSPEED,DVMOMENT,DVBES,DVEST,DVCONF,VAIS,VISS,VINJURED,VTREAT,INITOBJCLASS,HEADANGLECAT,SHLDRWIDTH,STRKLENGTH,STRKWIDTH,STRKHEIGHT,EDGEDISTX,EDGEDISTY,EDGEDISTZ,CASEWGT,PSUSTRAT,VERSION
25411,28,26,1-28-2022-026-08,8,1,JM1DE1HZ3B01,17,473,2153,5,0,41,55,2011,5,1,1,0,1,F,3,1043,5,9999,9,1,17,2,89,1,0,1,0,2,0,0,14895,2,2,0,4,2,1,2,1,3,2,1,2,0,0,1,1,0,0,3,1,14,2,13,1,1,4,1,A,1,0,0,0,0,0,0,0,0,0,0,998,998,0,0,1,1,1,74,-74,0,241236,998,19,73,0,1,2,9,0,4,0,998,1.6,38,38,117,16.9,1.6,17.0,50.19474566,3,7
25412,66,24,1-66-2022-024-10,10,1,5XYKT3A6XCG2,17,499,2769,7,0,63,402,2012,14,3,14,0,1,F,2,1635,5,0,1,1,13,2,40,1,0,0,995,0,7,0,65712,9,9,0,4,2,1,2,2,1,1,0,0,0,0,1,2,0,0,3,1,1,2,13,1,1,4,1,A,1,0,0,0,0,0,0,0,0,0,0,998,998,0,0,3,2,10,999,999,999,9999999,999,-25,29,3,0,99,99,0,99,0,998,0.0,50,4,9,0.0,0.0,0.0,1070.180003,6,7
25414,16,23,1-16-2022-023-04,4,1,2HGFC2F88LH5,17,474,1863,13,0,37,31,2020,4,1,3,0,1,F,3,1312,5,0,1,1,31,2,72,1,0,0,995,0,0,0,41015,9,9,0,1,2,1,2,1,1,9,1,3,0,0,3,1,0,0,9,1,1,2,13,99,1,4,1,A,1,0,0,0,0,0,0,0,0,0,0,998,998,0,0,0,1,12,999,999,999,9999999,999,999,999,8,0,0,0,0,0,0,998,0.0,999,999,999,0.0,0.0,0.0,641.2588765,5,7
25415,16,24,1-16-2022-024-04,4,1,3KPA24AB3KE2,17,499,2299,13,0,63,32,2019,4,1,2,0,1,F,1,1156,5,0,1,1,21,2,40,1,0,0,995,0,0,0,99999,9,9,0,4,2,1,2,1,1,1,0,2,0,0,3,1,0,0,9,1,1,2,13,99,9,4,1,A,1,0,0,0,0,0,0,0,0,0,0,998,998,0,0,0,3,1,23,-22,8,30362,998,64,23,0,4,0,0,0,0,0,998,0.2,999,999,999,3.2,4.2,5.5,641.2588765,5,7
25416,13,45,1-13-2022-045-09,9,1,5N3AA08A46N8,17,480,2326,7,0,58,421,2006,15,3,15,0,1,F,9,2568,5,9999,9,0,998,2,56,1,8,0,995,0,7,0,76135,9,1,2,4,5,3,2,1,1,1,1,2,0,0,3,1,1,2,9,1,15,2,11,99,1,2,2,F,44,0,0,0,0,0,0,0,0,0,0,190,280,0,0,0,2,0,999,999,999,9999999,999,999,999,9,0,9,97,0,8,0,995,9.8,998,998,998,99.8,99.8,99.8,3689.617167,7,7
25416,13,45,1-13-2022-045-09,9,2,JH4CU26649C0,17,475,1874,13,0,54,39,2009,4,1,3,0,1,L,9,1545,5,9999,9,0,998,5,56,1,8,0,995,0,7,0,76104,9,9,2,4,5,2,2,1,1,1,1,1,0,0,3,1,1,2,9,0,5,4,60,1,1,1,2,F,45,0,0,0,0,0,0,0,0,0,0,185,190,0,0,0,1,0,999,999,999,9999999,999,999,999,9,0,95,95,95,95,0,995,9.8,998,998,998,99.8,99.8,99.8,3689.617167,7,7
25416,13,45,1-13-2022-045-09,9,3,KNDJN2A27E77,17,499,2460,7,0,63,37,2014,6,1,2,0,1,R,9,1269,5,9999,9,0,998,5,56,1,8,0,995,0,7,0,76114,9,9,2,1,4,2,2,1,1,1,1,3,0,0,3,1,1,2,9,0,1,4,66,99,1,1,6,M,98,0,0,0,0,0,0,0,0,0,0,280,190,0,0,0,2,0,999,999,999,9999999,999,999,999,9,0,95,95,95,95,0,995,9.8,998,998,998,99.8,99.8,99.8,3689.617167,7,7
25417,13,46,1-13-2022-046-05,5,1,1C3CCBAB3DN7,17,477,2053,13,0,6,18,2013,4,1,3,0,1,L,2,1544,5,0,1,1,7,2,64,1,1,1,244,2,7,2,76063,1,9,2,1,6,4,1,1,1,1,3,1,0,0,3,1,1,2,9,0,1,2,17,99,1,1,5,L,89,0,0,0,0,0,0,0,0,0,0,100,210,0,0,0,1,1,25,-21,12,36692,998,-15,24,0,4,3,14,1,3,0,995,9.8,998,998,998,99.8,99.8,99.8,153.3824287,7,7
25417,13,46,1-13-2022-046-05,5,2,5FNRL5H66CB0,17,474,1869,2,0,37,441,2012,20,4,20,0,1,F,1,2047,5,0,1,1,7,2,64,1,8,0,995,0,7,0,76017,2,9,2,1,5,2,2,1,1,1,1,3,0,0,3,1,1,2,9,0,1,2,17,99,1,1,5,L,88,0,0,0,0,0,0,0,0,0,0,210,100,0,0,0,1,1,19,-14,-12,56085,998,-143,19,0,1,1,1,0,4,0,995,9.8,998,998,998,99.8,99.8,99.8,153.3824287,7,7
25418,13,47,1-13-2022-047-03,3,1,2G1WH52KX491,17,467,1833,13,0,20,2,2004,4,1,4,0,1,F,2,1572,5,0,1,1,18,2,48,1,8,0,995,0,7,0,76039,1,9,2,4,3,1,2,1,1,2,0,1,0,0,1,1,1,2,9,0,1,2,17,2,1,1,5,L,88,0,0,0,0,0,0,0,0,0,0,270,180,0,0,0,1,3,29,-19,-22,63504,998,-150,22,0,1,1,1,0,4,0,995,9.8,998,998,998,99.8,99.8,99.8,833.0903363,7,7
25418,13,47,1-13-2022-047-03,3,2,5YJYGDEE5MF0,17,441,27027,7,0,29,5,2021,14,3,14,0,1,L,2,1780,5,9999,9,0,998,2,48,1,8,0,995,0,7,0,76039,3,9,2,4,5,2,2,1,1,1,3,1,0,0,1,1,1,2,9,0,1,4,66,99,1,1,5,L,89,0,0,0,0,0,0,0,0,0,0,180,270,0,0,0,1,3,25,-19,16,103093,998,-73,33,0,4,1,1,0,4,0,995,9.8,998,998,998,99.8,99.8,99.8,833.0903363,7,7
25419,13,48,1-13-2022-048-06,6,1,1GKES16S9361,17,472,4507,7,0,23,401,2003,14,3,14,0,1,L,1,2015,5,9999,9,0,998,2,48,1,8,0,995,0,7,0,76034,1,9,2,1,2,1,1,1,1,1,0,2,0,0,1,8,2,2,9,0,11,2,15,99,1,1,4,K,82,0,0,0,0,0,0,0,0,0,0,290,50,0,0,0,1,3,13,-8,10,22309,998,-70,15,0,4,0,0,0,0,0,995,9.8,998,998,998,99.8,99.8,99.8,1923.981483,7,7
25419,13,48,1-13-2022-048-06,6,2,WBA3N3C58FK2,17,452,2220,3,0,34,47,2015,2,1,4,0,1,F,1,1551,5,0,1,1,15,2,72,1,8,0,995,0,7,0,75022,1,2,2,1,4,2,1,1,1,1,3,3,0,0,1,8,0,0,9,0,1,4,67,3,1,1,4,K,83,0,0,0,0,0,0,0,0,0,0,50,290,0,0,0,1,3,16,-16,-3,13742,998,-55,14,0,1,0,0,0,0,0,995,9.8,998,998,998,99.8,99.8,99.8,1923.981483,7,7
25420,32,31,1-32-2022-031-02,2,1,WMWXP5C52J2H,17,456,1862,5,0,69,54,2018,3,1,1,0,1,F,3,1182,5,0,1,1,14,2,56,1,0,0,995,0,0,0,75214,1,9,0,4,4,2,2,1,1,4,3,2,0,0,1,1,0,0,9,1,1,2,10,1,1,2,3,G,52,0,0,0,0,0,0,0,0,0,0,350,170,0,0,0,1,3,45,-43,-16,86801,998,-35,41,0,4,0,0,0,0,0,995,9.8,998,998,998,99.8,99.8,99.8,105.9656653,7,7
25420,32,31,1-32-2022-031-02,2,2,5TFEZ5CN4KX0,17,448,2223,60,0,49,472,2019,34,5,30,0,1,F,2,1984,5,0,1,1,14,2,56,1,0,1,0,2,0,0,75227,9,1,0,4,4,2,2,1,1,2,3,2,0,0,1,1,0,0,9,0,1,4,63,3,1,1,3,G,52,0,0,0,0,0,0,0,0,0,0,170,350,0,0,0,1,3,26,-25,-9,87197,998,-60,30,0,4,3,10,1,3,0,995,9.8,998,998,998,99.8,99.8,99.8,105.9656653,7,7
25420,32,31,1-32-2022-031-02,2,3,1J8FT47W68D5,17,483,1946,7,0,2,1,2008,6,1,2,0,1,F,1,1404,5,0,1,1,16,2,56,1,0,0,995,0,0,0,75231,1,9,0,4,4,1,2,1,1,2,1,3,0,0,1,1,0,0,9,1,1,4,62,8,1,4,6,M,98,0,0,0,0,0,0,0,0,0,0,998,998,0,0,1,2,1,12,-12,0,9317,998,13,12,0,1,0,0,0,0,0,998,0.0,6,6,999,1.8,0.9,1.8,105.9656653,7,7
25421,32,32,1-32-2022-032-10,10,1,1N4BL11D15N9,17,478,1904,13,0,35,47,2005,4,1,4,0,1,F,1,1456,5,0,2,5,9,2,48,1,0,0,995,0,0,0,75091,1,2,2,1,4,1,1,1,1,4,0,3,0,0,1,1,0,0,1,1,10,2,12,1,9,4,1,B,6,0,0,0,0,0,0,0,0,0,0,260,35,0,0,0,2,12,999,999,999,9999999,999,999,999,6,0,0,0,0,0,0,995,0.0,50,15,15,0.0,0.0,0.0,19684.67158,7,7
25421,32,32,1-32-2022-032-10,10,2,1GKS2CKJ8JR3,17,472,1859,7,0,23,421,2018,15,3,15,0,1,R,9,2606,5,9999,9,0,998,5,48,1,0,0,995,0,0,0,75091,9,9,2,4,2,1,1,1,1,1,0,0,0,0,1,1,0,0,9,1,1,4,61,7,1,2,6,M,98,0,0,0,0,0,0,0,0,0,0,35,260,0,0,0,2,0,999,999,999,9999999,999,999,999,9,0,95,95,95,95,0,995,9.8,998,998,998,99.8,99.8,99.8,19684.67158,7,7
25422,25,19,1-25-2022-019-10,10,1,KMHDN46D36U2,17,498,2735,13,0,55,35,2006,4,1,2,0,1,F,1,1195,5,0,1,5,7,2,72,1,8,0,995,0,7,0,03079,9,9,0,4,2,1,2,1,2,1,1,2,0,0,1,1,6,2,3,0,14,3,50,99,1,1,2,D,20,0,0,0,0,0,0,0,0,0,0,85,85,0,0,0,1,12,999,999,999,9999999,999,999,999,6,0,0,0,0,0,0,995,9.8,998,998,998,99.8,99.8,99.8,7911.521733,2,7
25422,25,19,1-25-2022-019-10,10,2,4S4BTACC5L32,17,523,2233,7,0,48,45,2020,6,1,3,0,1,B,9,1705,5,9999,9,0,998,5,72,1,8,0,995,0,7,0,04038,9,9,0,4,2,1,2,1,2,1,1,2,0,0,1,1,6,2,1,0,5,3,53,99,1,1,2,D,21,0,0,0,0,0,0,0,0,0,0,85,85,0,0,0,1,0,999,999,999,9999999,999,999,999,9,0,95,95,95,95,0,995,9.8,998,998,998,99.8,99.8,99.8,7911.521733,2,7
25423,77,29,1-77-2022-029-04,4,1,JF2SKAFC5MH4,17,523,2234,7,0,48,401,2021,14,3,14,0,1,R,1,1610,5,0,1,1,30,3,40,1,0,0,995,0,0,0,22903,9,9,3,4,5,1,2,2,1,1,0,3,0,0,5,2,0,0,1,0,1,4,72,98,1,1,4,K,83,0,0,0,0,0,0,0,0,0,0,210,105,0,0,0,1,3,11,-7,-9,14514,998,80,13,0,4,0,0,0,0,0,995,9.8,998,998,998,99.8,99.8,99.8,181.8670023,9,7
25423,77,29,1-77-2022-029-04,4,2,JF2SH6AC0AH7,17,523,2234,7,0,48,401,2010,14,3,14,0,1,F,1,1483,5,9999,9,0,998,5,40,1,0,0,995,0,0,0,22911,9,9,3,4,2,1,1,2,1,2,0,0,0,0,5,2,0,0,1,0,11,2,15,1,1,1,4,K,82,0,0,0,0,0,0,0,0,0,0,105,210,0,0,0,1,3,13,-12,4,7900,998,70,10,0,4,95,95,95,95,0,995,9.8,998,998,998,99.8,99.8,99.8,181.8670023,9,7
25424,18,26,1-18-2022-026-04,4,1,1C4RDJDG9LC3,17,476,3508,7,0,7,422,2020,15,3,15,0,1,F,1,2262,5,0,1,1,5,2,113,1,0,0,995,0,0,0,54757,9,9,0,1,2,1,2,1,2,9,1,3,2,3,2,8,0,0,9,0,14,6,87,99,1,1,1,C,13,0,0,0,0,0,0,0,0,0,0,998,998,0,0,0,1,10,999,999,999,9999999,999,0,11,2,0,0,0,0,0,0,998,9.8,998,998,998,99.8,99.8,99.8,298.2938836,6,7
25425,27,23,1-27-2022-023-06,6,1,JF2GPAWC8DH8,17,523,2236,7,0,48,403,2013,14,3,14,0,1,F,1,1425,5,0,1,1,6,2,48,1,0,1,0,2,0,0,01201,1,2,0,4,2,1,2,2,2,2,1,2,0,0,1,8,0,0,3,1,14,2,12,99,1,4,1,B,6,1,2,1,6,6,4,42,3,1,5,998,998,0,0,2,1,10,999,999,999,9999999,999,-59,21,2,0,1,1,0,4,3,998,1.0,48,48,120,18.3,3.8,18.7,52.2641222,3,7
25427,15,4,1-15-2022-004-03,3,1,3CZRU6H31NM7,17,474,9212,7,0,37,404,2022,14,3,14,0,1,F,9,1393,5,9999,9,0,998,2,40,1,8,0,995,0,7,0,11735,1,2,0,4,2,1,2,1,1,1,0,0,0,0,1,8,0,0,9,1,1,2,11,1,1,4,1,C,11,0,0,0,0,0,0,0,0,0,0,999,999,0,0,0,99,0,999,999,999,9999999,999,999,999,9,0,2,4,0,3,0,999,0.0,120,2,120,4.6,0.0,4.6,75.89551669,1,7
25427,15,4,1-15-2022-004-03,3,2,5FNYF4H2XCB0,17,474,1864,7,0,37,421,2012,15,3,15,0,2,L,9,2058,8,9999,9,0,998,,,,,,,,,,,,,,,,,,,,,,,,,,,,,,,,,,,,,,,,,,,,,,,,,,,,,,,,,,,,,,,,,,95,95,95,95,,,,,,,,,,75.89551669,1,7
25428,20,52,1-20-2022-052-03,3,1,3GTU2NERXJG2,17,472,1857,60,0,23,481,2018,34,5,31,0,1,T,2,2431,5,91,1,1,10,2,105,1,0,0,995,0,0,0,93905,9,1,0,2,3,3,2,2,1,1,3,2,0,0,3,2,0,0,1,1,15,1,6,2,3,4,1,A,2,1,4,2,2,1,4,61,1,2,22,997,997,0,0,0,3,6,999,999,999,9999999,999,999,999,7,0,99,99,0,8,3,997,2.4,9,14,120,5.4,1.8,5.7,106.2259286,11,7
25430,20,54,1-20-2022-054-07,7,1,1C3CCCAB5FN6,17,477,2053,13,0,6,18,2015,4,1,3,0,1,F,2,1575,5,9999,9,4,36,2,48,1,0,0,995,0,0,0,93944,9,9,2,1,5,1,2,1,1,4,1,3,0,0,3,1,1,2,9,1,11,2,13,99,1,4,1,A,1,1,2,2,3,1,1,61,1,2,5,998,998,0,0,1,3,12,999,999,999,9999999,999,999,999,7,0,0,0,0,0,3,998,0.4,19,15,15,0.0,0.0,0.0,709.8540611,11,7
25431,21,19,1-21-2022-019-08,8,1,1N4BA41E16C8,17,478,2302,13,0,35,39,2006,4,1,4,0,1,T,2,1576,5,9999,9,5,34,2,105,1,9,0,995,0,9,0,99999,9,9,0,2,4,3,1,1,1,1,3,3,0,0,1,1,0,0,9,1,15,2,11,99,3,2,2,F,46,1,4,2,6,5,4,31,4,2,30,997,997,0,0,0,3,6,999,999,999,9999999,999,999,999,7,0,1,2,0,4,2,997,3.2,999,999,999,0.0,0.0,0.0,384.4063802,11,7
25431,21,19,1-21-2022-019-08,8,2,JF2GTDNC6KH3,17,523,13580,7,0,48,403,2019,14,3,14,0,1,F,9,1690,8,9999,9,0,998,5,105,1,0,0,995,0,0,0,91737,9,9,0,2,4,1,1,1,1,1,1,3,0,0,1,1,0,0,9,0,1,4,60,8,1,1,2,F,45,0,0,0,0,0,0,0,0,0,0,270,320,0,0,0,1,0,999,999,999,9999999,999,999,999,9,0,95,95,95,95,0,995,9.8,998,998,998,99.8,99.8,99.8,384.4063802,11,7
25432,21,20,1-21-2022-020-03,3,1,1HGCV1F15JA2,17,474,1861,13,0,37,32,2018,4,1,4,0,1,L,1,1433,5,9999,9,4,29,2,105,1,9,0,995,0,9,0,99999,9,9,1,2,4,3,2,1,1,9,3,3,0,0,2,1,6,2,9,1,1,2,12,99,1,4,1,B,6,0,0,0,0,0,0,0,0,0,0,998,998,0,0,0,1,98,999,999,999,9999999,999,999,999,6,0,99,99,0,99,0,998,3.3,999,999,999,0.0,0.0,0.0,397.9677789,11,7
25433,26,37,1-26-2022-037-04,4,1,2C3CDZAG9LH2,17,476,1893,13,0,7,28,2020,2,1,5,0,1,F,2,1785,5,0,1,1,65,2,56,1,0,0,995,0,0,0,92377,2,9,3,4,2,1,2,1,1,1,1,4,0,0,1,1,0,0,1,0,1,3,50,4,9,1,2,D,20,0,0,0,0,0,0,0,0,0,0,60,50,0,1,0,1,3,25,-25,0,30897,998,-9,20,0,4,0,0,0,0,0,995,9.8,998,998,998,99.8,99.8,99.8,1109.674009,10,7
25433,26,37,1-26-2022-037-04,4,2,KMHDU46D99U7,17,498,2735,13,0,55,35,2009,4,1,3,0,1,B,2,1313,5,9999,9,0,998,5,56,1,0,0,995,0,0,0,95825,9,9,3,4,2,1,2,1,1,1,1,4,0,0,1,1,0,0,1,0,5,3,53,1,1,1,2,D,22,0,0,0,0,0,0,0,0,0,0,50,60,0,0,0,1,3,37,36,6,91241,998,-46,40,0,4,95,95,95,95,0,995,9.8,998,998,998,99.8,99.8,99.8,1109.674009,10,7
25434,26,38,1-26-2022-038-01,1,1,1N4AL2AP8CN5,17,478,1904,13,0,35,47,2012,4,1,4,0,1,F,2,1437,5,0,1,1,63,2,64,1,0,1,0,2,0,1,95823,1,9,2,1,4,2,2,1,1,1,3,3,0,0,1,1,0,0,1,1,15,2,10,99,1,2,2,F,47,0,0,0,0,0,0,0,0,0,0,265,160,0,1,0,2,3,33,-21,-25,68200,998,-151,23,0,4,3,10,1,1,0,995,9.8,998,998,998,99.8,99.8,99.8,31.87047754,10,7
25434,26,38,1-26-2022-038-01,1,2,2C3CDXBG6MH6,17,476,1895,13,0,7,24,2021,4,1,5,0,1,F,9,1785,5,9999,9,0,998,2,64,1,0,0,995,0,0,0,95670,1,9,2,1,4,3,2,1,1,1,3,1,0,0,1,1,0,0,1,0,1,4,61,2,2,1,2,F,45,0,0,0,0,0,0,0,0,0,0,340,310,0,1,0,1,0,999,999,999,9999999,999,999,999,9,0,0,0,0,0,0,995,9.8,998,998,998,99.8,99.8,99.8,31.87047754,10,7
25434,26,38,1-26-2022-038-01,1,3,NM0LS7F26K14,17,460,1811,95,0,12,444,2019,20,4,20,0,1,L,2,1624,5,9999,9,0,998,2,64,1,0,0,995,0,0,0,95608,1,9,2,1,4,3,2,1,1,1,3,1,0,0,1,1,0,0,1,0,1,4,62,1,1,1,6,M,98,0,0,0,0,0,0,0,0,0,0,160,265,0,0,0,2,3,29,-28,10,151546,998,-92,40,0,4,0,0,0,0,0,995,1.9,26,15,17,0.0,0.0,0.0,31.87047754,10,7
25434,26,38,1-26-2022-038-01,1,4,1FTRW07L41KB,17,460,1801,60,0,12,481,2001,34,5,30,0,1,F,9,1790,5,9999,9,0,998,2,64,1,0,0,995,0,0,0,95842,2,9,2,1,4,3,2,1,1,1,3,1,0,0,1,1,0,0,1,0,1,4,62,99,1,1,6,M,98,0,0,0,0,0,0,0,0,0,0,160,325,0,0,0,3,0,999,999,999,9999999,999,999,999,9,0,9,97,0,99,0,995,9.8,998,998,998,99.8,99.8,99.8,31.87047754,10,7
25435,26,39,1-26-2022-039-09,9,1,1B7KF26D7VJ5,17,476,1938,60,0,7,482,1997,34,5,31,0,1,F,1,2321,5,9999,9,0,998,5,89,1,0,0,995,0,0,0,95669,9,9,2,4,4,1,2,1,1,1,1,1,0,0,1,1,1,2,1,0,1,2,17,2,2,1,5,L,86,0,0,0,0,0,0,0,0,0,0,295,25,0,0,0,1,3,11,-11,2,13041,998,45,12,0,4,95,95,95,95,0,995,9.8,998,998,998,99.8,99.8,99.8,1493.408932,10,7
25435,26,39,1-26-2022-039-09,9,2,WMWSV3C58BTY,17,456,1862,5,0,69,54,2011,3,1,1,0,1,R,1,1210,5,0,1,1,15,2,40,1,0,0,995,0,0,0,95683,1,9,2,4,4,2,2,1,1,1,1,1,0,0,1,1,1,2,1,0,1,4,66,99,1,1,5,L,87,0,0,0,0,0,0,0,0,0,0,25,295,0,0,0,1,3,20,-4,-20,22249,998,-36,20,0,4,99,99,0,99,0,995,9.8,998,998,998,99.8,99.8,99.8,1493.408932,10,7
25436,26,40,1-26-2022-040-03,3,1,4S4WMAPD6L34,17,523,24836,7,0,48,421,2020,15,3,15,0,1,F,2,2051,5,0,1,1,18,2,105,1,0,1,0,2,0,1,95670,1,9,2,3,5,1,2,1,3,1,1,3,0,0,1,1,1,2,1,0,14,3,52,4,2,1,2,D,28,0,0,0,0,0,0,0,0,0,0,180,215,0,0,0,3,1,38,-38,0,31092,998,5,19,0,4,1,1,0,3,0,995,2.5,120,20,82,10.0,2.5,10.6,211.8214327,10,7
25436,26,40,1-26-2022-040-03,3,2,1FTBR3X87MKA,17,460,3608,95,0,12,462,2021,21,4,21,0,1,B,9,2510,5,9999,9,0,998,5,105,1,0,0,995,0,0,0,95821,9,9,2,3,5,1,2,1,3,1,1,3,0,0,1,1,1,2,1,0,2,3,53,1,1,1,2,D,29,0,0,0,0,0,0,0,0,0,0,210,215,0,0,0,1,0,999,999,999,9999999,999,999,999,9,0,95,95,95,95,0,995,9.8,998,998,998,99.8,99.8,99.8,211.8214327,10,7
25436,26,40,1-26-2022-040-03,3,3,JTDKN3DU5B53,17,448,2209,5,0,49,46,2011,5,1,3,0,1,B,3,1380,5,0,1,1,37,2,105,1,0,0,995,0,0,0,85379,1,9,2,3,5,1,2,1,3,1,1,3,0,0,1,1,1,2,1,0,5,4,64,1,1,1,6,M,98,0,0,0,0,0,0,0,0,0,0,215,180,0,0,0,3,1,58,50,-29,392389,998,102,66,0,4,1,1,0,8,0,995,9.8,998,998,998,99.8,99.8,99.8,211.8214327,10,7
25436,26,40,1-26-2022-040-03,3,4,5TDDK3DC7CS0,17,448,2468,2,0,49,442,2012,20,4,20,0,1,B,1,1940,5,9999,9,4,38,5,105,1,0,0,995,0,0,0,95670,9,9,2,3,5,1,2,1,3,1,1,3,0,0,1,1,1,2,1,0,5,3,53,1,1,1,6,M,98,0,0,0,0,0,0,0,0,0,0,230,230,0,0,0,4,12,999,999,999,9999999,999,999,999,6,0,95,95,95,95,0,995,9.8,998,998,998,99.8,99.8,99.8,211.8214327,10,7
25436,26,40,1-26-2022-040-03,3,5,JTDKAMFP0M31,17,448,21950,5,0,49,46,2021,5,1,3,0,1,R,1,1526,5,9999,9,4,38,5,105,1,0,0,995,0,0,0,95815,9,9,2,3,5,2,2,1,3,1,3,3,0,0,1,1,1,2,1,0,5,4,61,1,1,1,6,M,98,0,0,0,0,0,0,0,0,0,0,205,185,0,0,0,6,12,999,999,999,9999999,999,999,999,6,0,95,95,95,95,0,995,9.8,998,998,998,99.8,99.8,99.8,211.8214327,10,7
25436,26,40,1-26-2022-040-03,3,6,5TDZY64A38S0,17,448,2827,7,0,49,422,2008,15,3,15,0,1,R,9,2581,5,9999,9,0,998,5,105,1,0,0,995,0,0,0,95826,9,9,2,3,5,3,2,1,3,1,3,1,0,0,1,1,1,2,1,0,5,4,61,1,1,1,6,M,98,0,0,0,0,0,0,0,0,0,0,205,235,0,0,0,7,0,999,999,999,9999999,999,999,999,9,0,95,95,95,95,0,995,9.8,998,998,998,99.8,99.8,99.8,211.8214327,10,7
25437,76,31,1-76-2022-031-04,4,1,JN8AT3DD5MW3,17,478,1913,7,0,35,404,2021,14,3,14,0,1,L,1,1608,5,0,1,1,45,2,89,1,8,9,998,8,7,9,11416,9,9,1,2,2,2,2,5,2,4,3,2,1,3,1,8,0,0,9,1,14,1,5,98,2,4,1,B,7,0,0,0,0,0,0,0,0,0,0,998,998,0,0,0,1,8,999,999,999,9999999,999,999,999,6,0,0,0,0,0,0,998,3.7,999,999,999,0.0,0.0,0.0,49.52392387,3,7
25438,76,32,1-76-2022-032-07,7,1,1C3CCBAB3DN7,17,477,2053,13,0,6,18,2013,4,1,3,0,1,F,2,1544,5,0,1,1,29,2,64,1,8,9,998,8,7,9,13825,9,9,0,4,2,1,2,1,3,1,0,0,0,0,1,1,0,0,9,1,14,6,87,2,1,4,1,A,3,0,0,0,0,0,0,0,0,0,0,998,998,0,1,1,4,1,26,-26,0,43773,998,14,26,0,1,0,0,0,0,0,998,0.0,3,3,64,10.8,3.4,11.3,105.2362999,3,7
25440,30,27,1-30-2022-027-05,5,1,5N1AL0MN2EC5,17,480,1910,8,0,58,403,2014,14,3,14,0,1,F,1,1960,5,0,1,1,17,2,56,1,0,0,995,0,0,0,85339,1,2,2,4,4,2,2,1,1,1,1,1,0,0,1,1,1,2,3,0,1,3,50,4,1,1,2,D,20,0,0,0,0,0,0,0,0,0,0,200,180,0,0,0,1,98,999,999,999,9999999,999,999,999,6,0,0,0,0,0,0,995,9.8,998,998,998,99.8,99.8,99.8,336.3206656,10,7
25440,30,27,1-30-2022-027-05,5,2,1B4GP44R4WB7,17,476,1942,2,0,7,442,1998,20,4,20,0,1,B,9,1748,5,9999,9,0,998,5,56,1,0,0,995,0,0,0,85032,9,9,2,4,4,2,2,1,1,1,1,1,0,0,1,1,1,2,9,0,5,3,53,1,1,1,2,D,21,0,0,0,0,0,0,0,0,0,0,180,200,1,0,0,1,0,999,999,999,9999999,999,999,999,9,0,95,95,95,95,0,995,9.8,998,998,998,99.8,99.8,99.8,336.3206656,10,7
25443,27,25,1-27-2022-025-09,9,1,1FMYU93156KA,17,460,1798,7,0,12,402,2006,14,3,14,0,1,F,9,1571,8,9999,9,0,998,2,40,1,8,1,281,2,1,2,01108,2,9,2,4,2,1,2,1,3,4,1,2,0,0,1,8,6,2,9,1,14,2,13,99,9,4,1,A,1,0,0,0,0,0,0,0,0,0,0,998,998,0,0,0,1,0,999,999,999,9999999,999,999,999,9,0,2,5,0,4,0,998,0.0,120,41,72,2.5,0.0,2.5,138.6199099,3,7
25445,66,26,1-66-2022-026-10,10,1,1GC4KYBG6AF1,17,467,1850,60,0,20,481,2010,34,5,31,0,1,B,1,2703,5,9999,9,4,42,3,56,1,0,0,995,0,7,0,65605,9,9,0,5,3,1,2,1,1,1,1,2,0,0,1,1,0,0,9,0,5,3,53,1,1,1,2,D,21,0,0,0,0,0,0,0,0,0,0,180,180,0,0,0,1,12,999,999,999,9999999,999,999,999,6,0,99,99,0,99,0,995,9.8,998,998,998,99.8,99.8,99.8,1070.180003,6,7