CASEID,PSU,CASENO,CASENUMBER,CATEGORY,VEHNO,VIN,VINLENGTH,VPICMAKE,VPICMODEL,VPICBODYCLASS,ICFINALBODY,MAKE,MODEL,MODELYR,BODYTYPE,BODYCAT,VEHCLASS,SPECUSE,TRANSTAT,DAMPLANE,DAMSEV,CURBWT,CURBSRC,CARGOWT,CARGOSRC,INSPTYPE,INSPLAG,TOWED,SPEEDLIMIT,DRPRESENT,PARALCOHOL,ALCTEST,ALCTESTRESULT,ALCTESTSRC,PARDRUG,DRUGTEST,ZIP,RACE,ETHNICITY,RELTOJUNCT,TRAFFLOW,RDLANES,INITLANE,SURFTYPE,SURFCOND,ALIGNMENT,PROFILE,LINERIGHT,LINELEFT,RUMBINIT,RUMBROAD,LIGHTCOND,WEATHER,TRAFDEV,TRAFFUNCT,DISTRACT,PREFHE,PREMOVE,CRITCAT,CRITEVENT,MANEUVER,PRESTAB,PRELOC,CRASHCAT,CRASHCONF,CRASHTYPE,ROLLTYPE,ROLLTURN,ROLLINTRPT,ROLLPREMAN,ROLLINITYP,ROLLINLOC,ROLLOBJ,ROLLTRIP,ROLLDIR,ROLLDIST,DVANGTHIS,DVANGOTH,TOWHITCH,TRAJDOC,TREEPOLE,DVEVENT,DVBASIS,DVTOTAL,DVLONG,DVLAT,DVENERGY,DVSPEED,DVMOMENT,DVBES,DVEST,DVCONF,VAIS,VISS,VINJURED,VTREAT,INITOBJCLASS,HEADANGLECAT,SHLDRWIDTH,STRKLENGTH,STRKWIDTH,STRKHEIGHT,EDGEDISTX,EDGEDISTY,EDGEDISTZ,CASEWGT,PSUSTRAT,VERSION
25521,17,28,1-17-2022-028-08,8,2,1FAHP3N28CL2,17,460,1779,5,0,12,37,2012,5,1,3,0,1,L,1,1327,5,0,1,1,4,2,48,1,9,0,995,0,9,0,61265,1,1,2,4,4,1,2,1,1,1,0,3,0,0,1,1,1,2,1,0,1,4,62,4,1,1,4,J,69,0,0,0,0,0,0,0,0,0,0,90,200,0,0,0,1,1,16,-8,14,9250,998,-60,11,0,1,1,3,0,4,0,995,9.8,998,998,998,99.8,99.8,99.8,192.6396695,4,7
25522,20,58,1-20-2022-058-09,9,1,1HGCM66526A0,17,474,1861,13,0,37,32,2006,4,1,3,0,1,F,9,1504,5,9999,9,0,998,2,89,1,1,8,997,8,0,0,93926,9,1,0,4,2,1,2,1,1,1,0,3,0,0,2,1,0,0,9,1,1,2,13,99,1,4,1,A,1,0,0,0,0,0,0,0,0,0,0,998,998,0,0,1,1,0,999,999,999,9999999,999,999,999,9,0,1,1,0,5,0,998,0.0,35,35,100,4.1,1.6,4.4,353.4893354,11,7
25523,25,22,1-25-2022-022-03,3,1,5J6RE4H5XAL0,17,474,1865,7,0,37,402,2010,14,3,14,0,1,F,1,1604,5,0,1,4,10,2,56,1,0,0,995,0,0,0,04004,9,9,2,4,2,1,2,1,3,1,1,2,0,0,1,1,2,2,2,0,2,3,50,99,1,1,2,D,20,0,0,0,0,0,0,0,0,0,0,245,245,0,0,0,1,3,11,-11,0,9939,998,0,12,0,4,0,0,0,0,0,995,9.8,998,998,998,99.8,99.8,99.8,82.47028121,2,7
25523,25,22,1-25-2022-022-03,3,2,JF2GTAEC3KH3,17,523,13580,7,0,48,403,2019,14,3,14,0,1,B,1,1467,5,0,1,1,10,2,56,1,8,0,995,0,7,0,04038,1,2,2,4,2,1,2,1,3,1,1,2,0,0,1,1,2,2,1,0,5,3,53,1,1,1,2,D,23,0,0,0,0,0,0,0,0,0,0,245,245,0,0,0,1,3,12,12,0,5962,998,36,10,0,4,0,0,0,0,0,995,9.8,998,998,998,99.8,99.8,99.8,82.47028121,2,7
25524,25,23,1-25-2022-023-10,10,1,WVGBV7AX3BW5,17,482,8151,7,0,30,402,2011,14,3,14,0,1,F,9,1542,5,0,1,4,11,2,64,1,8,0,995,0,7,0,04038,9,9,2,1,2,1,2,1,1,1,1,2,0,0,1,1,0,0,9,0,1,3,52,99,1,1,2,D,28,0,0,0,0,0,0,0,0,0,0,120,160,0,0,0,1,12,999,999,999,9999999,999,999,999,9,0,0,0,0,0,0,995,9.8,998,998,998,99.8,99.8,99.8,1322.435277,2,7
25524,25,23,1-25-2022-023-10,10,2,JN8AF5MV6DT2,17,478,1912,8,0,35,403,2013,14,3,14,0,1,B,9,1430,5,9999,9,0,998,5,64,1,8,0,995,0,7,0,04043,9,9,2,1,2,1,2,1,1,1,1,2,0,0,1,1,0,0,1,0,2,3,53,99,1,1,2,D,31,0,0,0,0,0,0,0,0,0,0,160,120,0,0,0,1,0,999,999,999,9999999,999,999,999,9,0,95,95,95,95,0,995,9.8,998,998,998,99.8,99.8,99.8,1322.435277,2,7
25531,20,59,1-20-2022-059-08,8,1,1D4HB38N16F1,17,476,3508,7,0,7,422,2006,15,3,15,0,1,F,9,2358,5,9999,9,0,998,2,105,1,1,8,997,8,0,0,93960,9,1,0,2,2,2,2,1,1,9,3,2,1,3,2,8,0,0,9,1,1,2,13,99,2,4,1,A,2,1,5,2,6,5,4,31,6,1,21,998,998,0,0,7,1,0,999,999,999,9999999,999,999,999,9,0,3,9,1,8,2,998,2.9,25,25,999,14.2,8.6,16.4,64.33641833,11,7
25533,48,4,1-48-2022-004-06,6,1,5NPDH4AE7FH5,17,498,2735,13,0,55,35,2015,4,1,3,0,1,F,1,1305,5,0,1,1,8,2,48,1,0,0,995,0,0,0,84302,9,9,0,5,3,1,2,2,3,1,0,2,0,0,3,4,0,0,3,1,14,2,13,1,1,4,1,A,1,0,0,0,0,0,0,0,0,0,0,998,998,0,1,0,4,12,999,999,999,9999999,999,999,999,6,0,0,0,0,0,0,998,0.0,70,13,18,0.0,0.0,0.0,78.1473626,12,7
25534,48,5,1-48-2022-005-07,7,1,3VW1K7AJ9FM2,17,482,3137,13,0,30,40,2015,4,1,3,0,1,F,1,1272,5,0,1,1,4,2,121,1,0,0,995,0,0,0,84119,1,1,0,2,3,1,1,1,1,1,1,3,2,3,1,8,0,0,1,0,1,6,90,1,1,1,6,M,98,0,0,0,0,0,0,0,0,0,0,998,998,0,0,0,1,12,999,999,999,9999999,999,999,999,6,0,0,0,0,0,0,998,9.8,998,998,998,99.8,99.8,99.8,227.6654547,12,7
25536,77,33,1-77-2022-033-05,5,1,JF2GPACC2D28,17,523,2236,7,0,48,403,2013,14,3,14,0,1,F,1,1425,5,0,1,1,4,2,72,1,0,1,0,2,0,2,22902,9,9,2,1,6,2,2,1,1,2,3,3,0,0,1,1,1,2,3,1,1,2,10,1,1,2,2,F,47,0,0,0,0,0,0,0,0,0,0,225,220,0,0,0,3,3,11,-11,-2,10151,998,21,13,0,4,1,3,0,6,0,995,9.8,998,998,998,99.8,99.8,99.8,65.73259221,9,7
25536,77,33,1-77-2022-033-05,5,2,JTMHY7AJ2A50,17,448,2211,7,0,49,421,2010,15,3,15,0,1,R,1,2580,8,0,1,1,4,2,72,1,0,0,995,0,0,0,22901,9,9,2,1,6,3,2,1,1,2,3,3,0,0,1,1,0,0,1,0,2,4,61,1,1,1,2,F,45,0,0,0,0,0,0,0,0,0,0,220,220,0,0,0,1,12,999,999,999,9999999,999,999,999,6,0,0,0,0,0,0,995,9.8,998,998,998,99.8,99.8,99.8,65.73259221,9,7
25536,77,33,1-77-2022-033-05,5,3,1HGFA16888L0,17,474,1863,13,0,37,31,2008,4,1,3,0,1,B,9,1199,5,9999,9,0,998,2,72,1,0,0,995,0,0,0,23116,9,9,2,1,6,3,2,1,1,2,3,3,0,0,1,1,0,0,1,0,1,4,60,1,1,1,6,M,98,0,0,0,0,0,0,0,0,0,0,215,225,0,0,0,2,0,999,999,999,9999999,999,999,999,9,0,0,0,0,0,0,995,9.8,998,998,998,99.8,99.8,99.8,65.73259221,9,7
25536,77,33,1-77-2022-033-05,5,4,5FNRL5H94EB0,17,474,1869,2,0,37,441,2014,20,4,20,0,1,B,1,2067,5,9999,9,0,998,2,72,1,0,0,995,0,0,0,22903,9,9,2,1,6,2,2,1,1,2,3,3,0,0,1,1,0,0,1,0,1,4,61,99,1,1,6,M,98,0,0,0,0,0,0,0,0,0,0,220,225,0,0,0,3,3,8,8,3,5364,998,-97,7,0,4,0,0,0,0,0,995,9.8,998,998,998,99.8,99.8,99.8,65.73259221,9,7
25537,54,30,1-54-2022-030-04,4,1,2HGFE2F50NH5,17,474,1863,13,0,37,31,2022,4,1,3,0,1,F,1,1313,8,0,1,1,6,2,105,1,0,0,995,0,0,0,35151,1,2,0,1,2,2,2,1,1,1,3,2,1,3,1,1,0,0,1,0,1,6,90,4,1,1,1,C,15,0,0,0,0,0,0,0,0,0,0,998,998,0,0,0,1,12,999,999,999,9999999,999,999,999,6,0,0,0,0,0,0,998,9.8,998,998,998,99.8,99.8,99.8,339.9867161,9,7
25539,12,23,1-12-2022-023-02,2,1,JTJHZKEA1N20,17,515,2214,7,0,59,403,2022,14,3,14,0,1,R,2,2020,5,0,1,1,39,2,113,1,0,1,0,2,0,1,73448,9,9,2,4,2,1,2,1,1,1,0,2,0,0,1,1,2,2,9,0,1,2,17,1,1,1,5,L,87,1,2,2,2,1,4,61,1,2,15,355,300,0,0,0,1,1,34,11,-31,61777,998,37,27,0,4,3,22,1,3,3,995,9.8,998,998,998,99.8,99.8,99.8,324.5658849,9,7
25539,12,23,1-12-2022-023-02,2,2,1C6RR7LM8HS8,17,496,13620,60,0,7,482,2017,34,5,31,0,1,F,2,2336,5,0,1,1,17,2,113,1,1,8,997,8,0,0,73446,9,9,2,1,3,2,2,1,1,1,1,3,2,3,1,1,0,0,1,1,1,4,66,4,1,2,5,L,86,0,0,0,0,0,0,0,0,0,0,300,355,0,0,0,1,1,27,-26,5,111136,998,42,32,0,4,0,0,0,0,0,995,9.8,998,998,998,99.8,99.8,99.8,324.5658849,9,7
25540,59,21,1-59-2022-021-05,5,1,KMHDH4AE1FU3,17,498,2735,13,0,55,35,2015,4,1,3,0,1,R,3,1305,5,0,1,1,7,2,48,1,0,0,995,0,0,0,47834,1,2,2,4,2,1,2,1,1,1,1,2,0,0,4,1,2,2,2,0,1,2,17,99,1,1,5,L,87,0,0,0,0,0,0,0,0,0,0,190,90,0,1,0,1,3,43,-28,-33,146908,998,-49,49,0,4,1,1,0,0,0,995,0.0,120,120,120,8.0,1.5,8.2,92.50858065,6,7
25540,59,21,1-59-2022-021-05,5,2,3FA6P0H72FR1,17,460,1780,13,0,12,23,2015,4,1,4,0,1,F,2,1554,5,0,1,1,17,2,48,1,0,0,995,0,0,0,47804,1,9,2,4,2,1,2,1,1,1,1,2,0,0,4,1,0,0,9,0,1,4,66,4,1,1,5,L,86,0,0,0,0,0,0,0,0,0,0,90,190,0,1,0,1,3,35,-30,17,55823,998,53,27,0,4,1,1,0,4,0,995,0.0,33,33,80,3.5,0.0,3.5,92.50858065,6,7
25541,17,29,1-17-2022-029-07,7,1,2GKALMEK3D63,17,472,1858,7,0,23,402,2013,14,3,14,0,1,F,1,1748,5,0,1,1,6,3,48,1,9,0,995,0,9,0,61282,1,2,2,4,3,1,1,2,1,1,0,1,0,0,1,2,1,2,1,0,1,2,17,1,1,1,4,K,83,0,0,0,0,0,0,0,0,0,0,100,210,0,0,0,1,1,11,-11,0,12052,998,31,13,0,1,1,1,0,0,0,995,9.8,998,998,998,99.8,99.8,99.8,299.0624997,4,7
25541,17,29,1-17-2022-029-07,7,2,1GNLREED0AS1,17,467,1853,7,0,20,24,2010,6,1,5,0,1,R,1,2141,5,0,1,1,15,3,48,1,9,0,995,0,9,0,61244,1,2,2,4,3,2,1,2,1,1,1,2,0,0,1,2,1,2,1,0,11,4,66,1,1,1,4,K,82,0,0,0,0,0,0,0,0,0,0,210,100,0,0,0,1,1,8,-3,-8,10600,998,186,7,0,1,1,1,0,4,0,995,9.8,998,998,998,99.8,99.8,99.8,299.0624997,4,7
25543,19,54,1-19-2022-054-08,8,1,1N4AL21E58N4,17,478,1904,13,0,35,47,2008,4,1,4,0,1,F,3,1429,5,0,1,1,7,2,89,1,0,1,0,2,0,1,35206,1,9,0,4,2,1,2,1,2,1,1,4,2,3,1,1,0,0,9,1,14,2,12,1,1,4,1,B,6,0,0,0,0,0,0,0,0,0,0,998,998,0,1,1,1,1,120,-120,0,842990,998,-17,120,0,1,2,9,0,3,0,998,0.8,30,26,120,34.7,5.8,35.1,63.44867582,9,7
25544,19,55,1-19-2022-055-05,5,1,2G4WS52M6X14,17,468,8843,13,0,18,7,1999,4,1,3,0,1,F,3,1516,5,0,1,1,5,2,80,1,0,0,995,0,0,0,35954,1,9,2,4,3,1,2,1,1,1,1,1,0,0,3,1,1,2,9,0,1,2,17,1,1,1,5,L,88,0,0,0,0,0,0,0,0,0,0,50,280,0,0,0,1,3,73,-68,-25,264940,998,-58,60,0,4,0,0,0,0,0,995,9.8,998,998,998,99.8,99.8,99.8,37.27910038,9,7
25544,19,55,1-19-2022-055-05,5,2,1FADP3F26FL2,17,460,1779,13,0,12,37,2015,4,1,3,0,1,L,3,1340,5,0,1,1,5,2,89,1,0,0,995,0,0,0,35121,1,9,2,4,2,1,2,1,1,1,1,2,0,0,3,1,1,2,9,0,1,4,66,1,1,1,5,L,89,0,0,0,0,0,0,0,0,0,0,280,50,0,0,0,1,3,77,-67,38,475054,998,3,89,0,4,2,5,0,4,0,995,9.8,998,998,998,99.8,99.8,99.8,37.27910038,9,7
25545,19,56,1-19-2022-056-06,6,1,19XFC2F58GE0,17,474,1863,13,0,37,31,2016,4,1,3,0,1,F,1,1244,5,0,1,1,7,2,80,1,0,0,995,0,0,0,35907,1,9,2,5,5,2,2,1,2,1,3,2,0,0,1,1,0,0,9,0,14,4,67,4,1,1,4,K,83,0,0,0,0,0,0,0,0,0,0,65,320,0,1,0,1,1,16,-15,-5,26270,998,-99,18,0,3,1,1,0,4,0,995,9.8,998,998,998,99.8,99.8,99.8,137.5136444,9,7
25545,19,56,1-19-2022-056-06,6,2,4T1BE46K77U1,17,448,2469,13,0,49,40,2007,4,1,3,0,1,L,1,1490,5,0,1,1,13,2,0,1,0,0,995,0,0,0,35904,1,9,2,4,2,1,2,1,1,2,0,0,0,0,1,1,2,2,9,0,11,2,15,1,1,1,4,K,82,0,0,0,0,0,0,0,0,0,0,320,65,0,1,0,1,1,14,-7,12,20345,998,-169,12,0,3,1,1,0,4,0,995,9.8,998,998,998,99.8,99.8,99.8,137.5136444,9,7
25546,19,57,1-19-2022-057-04,4,1,5TFDW5F11JX7,17,448,2467,60,0,49,482,2018,34,5,31,0,1,R,9,2555,5,0,2,0,998,3,80,1,1,1,120,1,0,0,35907,1,2,0,1,4,2,2,2,1,1,3,2,1,3,2,2,0,0,3,1,1,2,11,1,1,2,2,F,46,0,0,0,0,0,0,0,0,0,0,160,155,0,0,0,1,0,999,999,999,9999999,999,999,999,9,0,0,0,0,0,0,995,9.8,998,998,998,99.8,99.8,99.8,237.130589,9,7
25546,19,57,1-19-2022-057-04,4,2,5TFDV58158X0,17,448,2467,60,0,49,482,2008,34,5,31,0,1,L,9,9999,9,9999,9,0,998,5,80,1,0,0,995,0,0,0,35904,9,9,0,1,2,1,2,2,1,1,1,3,2,3,2,2,0,0,9,0,1,4,60,99,1,1,2,F,45,0,0,0,0,0,0,0,0,0,0,155,160,0,0,0,1,0,999,999,999,9999999,999,999,999,9,0,95,95,95,95,0,995,9.8,998,998,998,99.8,99.8,99.8,237.130589,9,7
25548,11,24,1-11-2022-024-05,5,1,SAJWA2GT6FMV,17,442,2242,13,0,39,32,2015,4,1,5,0,1,L,1,1771,5,9999,9,0,998,3,56,1,0,0,995,0,0,0,23834,9,9,2,1,4,2,2,1,1,1,1,1,0,0,1,1,1,2,3,0,1,2,17,99,1,1,5,L,89,0,0,0,0,0,0,0,0,0,0,45,135,0,0,0,1,3,23,-12,20,79151,998,79,30,0,4,99,99,0,99,0,995,9.8,998,998,998,99.8,99.8,99.8,450.1831118,8,7
25548,11,24,1-11-2022-024-05,5,2,KNAGM4A78F55,17,499,2739,13,0,63,34,2015,4,1,4,0,1,F,2,1468,5,0,1,1,13,3,56,1,0,0,995,0,0,0,23860,2,2,2,4,3,1,2,1,1,1,0,1,0,0,1,1,1,2,1,0,1,4,66,7,1,1,5,L,88,0,0,0,0,0,0,0,0,0,0,135,45,0,0,0,1,3,27,-24,-14,39219,998,-107,21,0,4,1,2,0,4,0,995,9.8,998,998,998,99.8,99.8,99.8,450.1831118,8,7
25549,11,25,1-11-2022-025-06,6,1,1FAHP35N49W1,17,460,1779,13,0,12,37,2009,4,1,3,0,1,F,1,1429,5,9999,9,0,998,3,72,1,0,0,995,0,0,0,23841,9,9,2,4,5,2,2,1,1,9,1,1,0,0,1,1,1,2,3,0,1,2,17,99,1,1,4,J,69,0,0,0,0,0,0,0,0,0,0,55,115,0,0,0,1,3,3,-3,1,777,998,76,3,0,4,99,99,0,0,0,995,9.8,998,998,998,99.8,99.8,99.8,5646.956947,8,7
25549,11,25,1-11-2022-025-06,6,2,2G1FD3D30F92,17,467,1829,1,0,20,9,2015,1,1,4,0,1,R,1,1687,5,0,1,1,42,3,72,1,0,0,995,0,0,0,23805,2,2,2,4,3,2,2,1,1,9,2,1,0,0,1,1,1,2,1,0,11,4,63,3,1,1,4,J,68,0,0,0,0,0,0,0,0,0,0,115,55,0,0,0,1,3,3,1,-3,1922,998,-197,3,0,4,0,0,0,0,0,995,9.8,998,998,998,99.8,99.8,99.8,5646.956947,8,7
25550,73,32,1-73-2022-032-06,6,1,1FA6P8CF4G52,17,460,1781,3,0,12,3,2016,2,1,3,0,1,L,1,1681,5,0,1,1,6,2,40,1,8,0,995,0,7,0,04930,9,9,0,4,2,1,2,2,1,4,1,2,0,0,2,2,0,0,1,1,6,1,6,98,3,4,1,A,2,0,0,0,0,0,0,0,0,0,0,998,998,0,1,0,1,10,999,999,999,9999999,999,-30,14,2,0,9,97,0,99,0,998,2.5,30,30,82,7.6,2.5,8.1,118.5688211,3,7
25551,73,33,1-73-2022-033-03,3,1,1FM5K8D86EGA,17,460,1800,7,0,12,401,2014,14,3,14,0,1,F,3,2146,5,0,1,1,16,2,80,1,8,0,995,0,7,0,04937,9,9,2,4,2,1,2,1,1,1,1,2,0,0,1,1,1,2,3,0,1,3,52,2,1,1,2,D,28,0,0,0,0,0,0,0,0,0,0,105,105,0,0,0,1,3,44,-44,0,187119,998,0,47,0,1,1,1,0,99,0,995,9.8,998,998,998,99.8,99.8,99.8,52.07358755,3,7
25551,73,33,1-73-2022-033-03,3,2,1GKKNULS5KZ2,17,472,1855,7,0,23,423,2019,15,3,15,0,1,B,3,1998,5,0,1,1,16,2,80,1,8,0,995,0,7,0,04943,9,9,2,4,2,1,2,1,1,1,1,2,0,0,1,1,1,2,1,0,1,3,53,99,1,1,2,D,29,0,0,0,0,0,0,0,0,0,0,105,105,0,0,0,1,3,47,47,0,150150,998,10,43,0,1,99,99,0,99,0,995,9.8,998,998,998,99.8,99.8,99.8,52.07358755,3,7
25553,14,29,1-14-2022-029-06,6,1,JTHBL5EF7G51,17,515,2182,13,0,59,32,2016,4,1,5,0,1,F,2,2110,5,0,1,3,21,2,72,1,0,0,995,0,0,0,78130,1,2,2,4,3,1,2,1,1,1,0,1,0,0,1,1,1,2,1,0,1,3,50,1,1,1,2,D,20,0,0,0,0,0,0,0,0,0,0,50,60,0,0,0,1,12,999,999,999,9999999,999,999,999,7,0,0,0,0,0,0,995,9.8,998,998,998,99.8,99.8,99.8,2579.578537,8,7
25553,14,29,1-14-2022-029-06,6,2,1GYS4PKJXFR7,17,469,1843,7,0,19,421,2015,15,3,15,0,1,B,9,2649,5,0,1,3,21,2,72,1,0,0,995,0,0,0,78130,1,2,2,4,3,1,2,1,1,1,0,1,0,0,1,1,1,2,9,0,5,3,53,1,1,1,2,D,23,0,0,0,0,0,0,0,0,0,0,60,50,0,0,0,1,12,999,999,999,9999999,999,999,999,9,0,1,1,0,4,0,995,9.8,998,998,998,99.8,99.8,99.8,2579.578537,8,7
25554,23,25,1-23-2022-025-07,7,1,1FADP3F21FL3,17,460,1779,13,0,12,37,2015,4,1,3,0,1,R,9,1340,5,9999,9,0,998,2,97,1,8,0,995,0,7,0,43301,9,9,0,1,2,2,2,1,1,1,3,1,0,0,1,1,0,0,1,1,1,2,11,99,1,2,2,F,44,0,0,0,0,0,0,0,0,0,0,200,195,0,0,0,1,0,999,999,999,9999999,999,999,999,9,0,0,0,0,0,0,995,9.8,998,998,998,99.8,99.8,99.8,1263.34367,5,7
25554,23,25,1-23-2022-025-07,7,2,999999999999,99,99999,99999,999,0,99,999,9999,79,8,79,99,1,L,9,,,,,,,5,97,1,8,0,995,0,7,0,99999,9,9,0,1,2,1,2,1,1,1,1,3,0,0,1,1,0,0,9,0,1,4,60,99,1,1,2,F,45,,,,,,,,,,,,,,,,,,,,,,,,,,,95,95,95,95,,,9.8,998,998,998,99.8,99.8,99.8,1263.34367,5,7
25555,23,26,1-23-2022-026-10,10,1,JTKDE1773601,17,448,2207,5,0,49,50,2006,3,1,3,0,1,F,9,1318,5,9999,9,0,998,2,89,1,8,0,995,0,7,0,44833,9,9,0,4,2,1,2,1,3,1,1,2,0,0,1,8,0,0,1,1,14,2,12,99,4,4,1,B,6,0,0,0,0,0,0,0,0,0,0,998,998,0,0,0,1,0,999,999,999,9999999,999,999,999,9,0,0,0,0,0,0,998,0.7,999,999,999,1.4,1.2,1.9,2485.953152,5,7
25556,28,29,1-28-2022-029-03,3,1,KNDP6CACXM78,17,499,2770,7,0,63,401,2021,14,3,14,0,1,F,2,1696,5,0,1,1,14,2,72,1,0,1,0,2,0,1,16920,1,2,0,4,2,1,2,1,1,1,0,2,0,0,1,1,0,0,3,0,1,3,51,1,1,1,2,D,24,0,0,0,0,0,0,0,0,0,0,185,190,0,0,0,1,5,999,999,999,9999999,999,999,27,3,0,2,5,0,3,0,995,9.8,998,998,998,99.8,99.8,99.8,42.92651254,3,7
25556,28,29,1-28-2022-029-03,3,2,000000000000,17,99997,99997,126,0,98,998,9999,92,10,90,0,1,B,9,,,,,,,5,72,1,0,0,995,0,0,0,17815,9,9,0,4,2,1,2,1,1,1,0,2,0,0,1,1,0,0,1,0,1,3,53,1,1,1,2,D,25,,,,,,,,,,,,,,,,,,,,,,,,,,,95,95,95,95,,,9.8,998,998,998,99.8,99.8,99.8,42.92651254,3,7
25557,28,30,1-28-2022-030-09,9,1,1N4AL11D86N3,17,478,1904,13,0,35,47,2006,4,1,4,0,1,F,1,1378,5,0,1,1,4,2,72,1,0,0,995,0,0,0,16938,1,2,0,4,2,1,2,1,3,1,1,2,1,0,1,1,0,0,1,0,14,6,90,3,1,1,1,C,12,0,0,0,0,0,0,0,0,0,0,998,998,0,0,0,2,10,999,999,999,9999999,999,-20,13,2,0,1,1,0,4,0,998,1.3,120,41,79,1.2,0.4,1.3,165.9019397,3,7
25558,13,53,1-13-2022-053-05,5,1,5N1AR2MN1DC6,17,478,1911,8,0,35,401,2013,14,3,14,0,1,F,1,1923,5,0,1,1,9,2,97,1,8,0,995,0,7,0,76180,1,1,1,2,3,2,2,1,3,9,3,3,0,0,3,1,0,0,9,1,14,1,6,7,9,4,1,A,2,0,0,0,0,0,0,0,0,0,0,998,998,0,0,0,2,1,12,-10,8,18115,998,107,12,0,3,2,5,0,4,0,998,1.8,999,999,999,0.0,0.0,0.0,144.4691803,7,7
25559,13,54,1-13-2022-054-02,2,1,1FA6P0H7XG51,17,460,1780,13,0,12,23,2016,4,1,4,0,1,L,9,1558,5,9999,9,0,998,5,113,1,8,0,995,0,7,0,75243,9,9,1,2,5,4,2,1,3,9,1,1,3,1,1,1,0,0,9,1,14,1,9,99,3,2,2,F,48,0,0,0,0,0,0,0,0,0,0,90,260,0,0,0,1,0,999,999,999,9999999,999,999,999,9,0,95,95,95,95,0,995,9.8,998,998,998,99.8,99.8,99.8,36.87729852,7,7
25559,13,54,1-13-2022-054-02,2,2,5J8TB3H35JL0,17,475,1871,7,0,54,402,2018,14,3,14,0,1,L,2,1749,5,0,1,1,31,2,113,1,8,0,995,0,7,0,76180,1,9,1,2,5,2,2,1,3,9,3,3,0,1,1,1,0,0,9,0,14,4,60,1,1,1,2,F,48,1,4,2,5,1,1,61,1,1,999,997,997,0,0,0,2,6,999,999,999,9999999,999,999,999,7,0,9,97,0,4,3,997,9.8,998,998,998,99.8,99.8,99.8,36.87729852,7,7
25560,13,55,1-13-2022-055-03,3,1,5J6RW1H58LA0,17,474,1865,7,0,37,402,2020,14,3,14,0,1,F,1,1502,5,0,1,1,48,2,64,1,8,0,995,0,7,0,76137,1,2,0,1,3,1,2,1,3,1,0,3,0,0,2,1,0,0,9,1,14,2,13,3,1,4,1,A,1,0,0,0,0,0,0,0,0,0,0,998,998,0,0,5,5,10,999,999,999,9999999,999,74,14,2,0,2,5,0,4,0,998,0.0,32,16,18,0.0,0.0,0.0,784.6783953,7,7
25561,13,56,1-13-2022-056-06,6,1,3AKJGLDR3DSB,17,450,2501,66,0,82,881,2013,66,8,68,0,1,R,9,,,,,,,5,105,1,8,0,995,0,7,0,76179,9,9,1,2,6,6,2,1,1,9,1,2,0,0,1,1,0,0,9,1,1,2,11,99,2,2,2,F,44,,,,,,,,,,,,,,,,,,,,,,,,,,,95,95,95,95,,,9.8,998,998,998,99.8,99.8,99.8,1812.176467,7,7
25561,13,56,1-13-2022-056-06,6,2,JTDKN3DU8D56,17,448,2209,5,0,49,46,2013,5,1,3,0,1,L,1,1380,5,0,1,1,20,2,105,1,8,0,995,0,7,0,76117,1,9,1,2,6,3,2,1,1,9,3,3,0,0,1,1,0,0,9,0,1,4,60,4,1,1,2,F,45,0,0,0,0,0,0,0,0,0,0,15,10,0,0,0,1,5,999,999,999,9999999,999,999,10,2,0,0,0,0,4,0,995,9.8,998,998,998,99.8,99.8,99.8,1812.176467,7,7
25562,10,54,1-10-2022-054-06,6,1,1FTYR1ZM8GKA,17,460,3608,95,0,12,462,2016,21,4,21,0,1,F,1,2268,5,0,1,1,5,2,56,1,0,0,995,0,0,0,45318,1,9,2,4,3,1,2,1,1,1,0,1,0,0,1,1,1,2,1,0,1,2,17,3,1,1,5,L,88,0,0,0,0,0,0,0,0,0,0,210,95,0,0,0,1,1,17,-13,-11,46751,998,-156,17,0,1,1,1,0,4,0,995,9.8,998,998,998,99.8,99.8,99.8,631.5632678,4,7
25562,10,54,1-10-2022-054-06,6,2,3GNAL4EK6FS5,17,467,1846,7,0,20,405,2015,14,3,14,0,1,L,1,1732,8,0,1,1,5,2,56,1,0,0,995,0,0,0,45405,9,9,2,4,5,2,2,1,1,1,1,1,0,0,1,1,1,2,1,0,1,2,17,1,1,1,5,L,89,0,0,0,0,0,0,0,0,0,0,95,210,0,0,0,1,1,22,-19,11,32010,998,-12,21,0,1,99,99,0,99,0,995,0.0,20,20,96,2.6,1.1,2.6,631.5632678,4,7
25563,10,55,1-10-2022-055-02,2,1,3FA6P0H72GR3,17,460,1780,13,0,12,23,2016,4,1,4,0,1,R,1,1558,5,0,1,1,23,2,56,1,0,0,995,0,0,0,45322,9,9,2,4,3,1,2,2,1,9,0,2,0,0,1,8,1,2,1,0,1,3,50,7,1,1,6,M,98,0,0,0,0,0,0,0,0,0,0,180,290,0,0,0,2,8,999,999,999,9999999,999,999,999,6,0,99,99,0,99,0,995,9.8,998,998,998,99.8,99.8,99.8,22.37863236,4,7
25563,10,55,1-10-2022-055-02,2,2,1C4PJLCB1LD6,17,483,1945,7,0,2,404,2020,14,3,14,0,1,F,1,1661,5,0,1,1,16,2,105,1,0,0,995,0,0,0,85138,9,9,2,3,1,1,2,2,1,9,1,2,0,0,1,8,1,2,1,0,1,2,14,3,2,1,1,C,14,0,0,0,0,0,0,0,0,0,0,998,998,0,0,0,1,10,999,999,999,9999999,999,0,14,2,0,9,97,0,8,0,998,0.0,999,999,999,0.0,0.0,0.0,22.37863236,4,7