CASEID,PSU,CASENO,CASENUMBER,CATEGORY,VEHNO,VIN,VINLENGTH,VPICMAKE,VPICMODEL,VPICBODYCLASS,ICFINALBODY,MAKE,MODEL,MODELYR,BODYTYPE,BODYCAT,VEHCLASS,SPECUSE,TRANSTAT,DAMPLANE,DAMSEV,CURBWT,CURBSRC,CARGOWT,CARGOSRC,INSPTYPE,INSPLAG,TOWED,SPEEDLIMIT,DRPRESENT,PARALCOHOL,ALCTEST,ALCTESTRESULT,ALCTESTSRC,PARDRUG,DRUGTEST,ZIP,RACE,ETHNICITY,RELTOJUNCT,TRAFFLOW,RDLANES,INITLANE,SURFTYPE,SURFCOND,ALIGNMENT,PROFILE,LINERIGHT,LINELEFT,RUMBINIT,RUMBROAD,LIGHTCOND,WEATHER,TRAFDEV,TRAFFUNCT,DISTRACT,PREFHE,PREMOVE,CRITCAT,CRITEVENT,MANEUVER,PRESTAB,PRELOC,CRASHCAT,CRASHCONF,CRASHTYPE,ROLLTYPE,ROLLTURN,ROLLINTRPT,ROLLPREMAN,ROLLINITYP,ROLLINLOC,ROLLOBJ,ROLLTRIP,ROLLDIR,ROLLDIST,DVANGTHIS,DVANGOTH,TOWHITCH,TRAJDOC,TREEPOLE,DVEVENT,DVBASIS,DVTOTAL,DVLONG,DVLAT,DVENERGY,DVSPEED,DVMOMENT,DVBES,DVEST,DVCONF,VAIS,VISS,VINJURED,VTREAT,INITOBJCLASS,HEADANGLECAT,SHLDRWIDTH,STRKLENGTH,STRKWIDTH,STRKHEIGHT,EDGEDISTX,EDGEDISTY,EDGEDISTZ,CASEWGT,PSUSTRAT,VERSION
25713,24,61,1-24-2022-061-03,3,1,19UUB2F35FA0,17,475,5354,13,0,54,44,2015,4,1,4,0,1,F,9,1635,5,9999,9,4,34,2,40,1,0,0,995,0,0,0,08401,1,1,2,4,4,2,2,1,1,1,1,1,0,0,1,1,1,2,9,0,1,2,17,99,1,1,5,L,88,0,0,0,0,0,0,0,0,0,0,350,260,0,0,0,1,12,999,999,999,9999999,999,999,999,9,0,1,1,0,6,0,995,0.0,55,40,62,1.9,0.0,1.9,241.4168862,1,7
25713,24,61,1-24-2022-061-03,3,2,3N1CP5CV3LL5,17,478,22791,5,0,35,56,2020,5,1,2,0,1,L,2,1200,5,0,1,1,10,2,40,1,0,0,995,0,0,0,08401,2,2,2,4,2,1,2,1,1,1,0,2,0,0,1,1,1,2,9,0,1,4,66,4,1,1,5,L,89,0,0,0,0,0,0,0,0,0,0,260,350,0,0,0,1,12,999,999,999,9999999,999,999,999,7,0,1,3,0,4,0,995,9.8,998,998,998,99.8,99.8,99.8,241.4168862,1,7
25714,24,62,1-24-2022-062-04,4,1,5XXGT4L31KG3,17,499,2739,13,0,63,34,2019,4,1,4,0,1,F,3,1614,5,0,1,1,14,2,89,1,0,0,995,0,0,0,08330,1,2,0,1,2,1,2,1,1,1,1,3,2,3,1,1,0,0,9,1,1,2,12,1,1,4,1,B,6,0,0,0,0,0,0,0,0,0,0,998,998,0,1,0,1,1,41,-41,0,114078,998,0,41,0,4,2,5,0,3,0,998,2.8,999,999,999,8.3,0.4,8.3,1019.136613,1,7
25716,73,38,1-73-2022-038-04,4,1,JTDEPRAE8LJ0,17,448,2208,13,0,49,32,2020,4,1,3,0,1,F,1,1395,5,9999,9,4,38,2,56,1,8,0,995,0,7,0,04468,9,9,1,3,1,1,2,1,2,9,0,2,0,0,3,1,0,0,1,1,14,6,87,99,1,4,1,B,8,0,0,0,0,0,0,0,0,0,0,998,998,0,0,0,1,8,999,999,999,9999999,999,999,999,6,0,0,0,0,0,0,998,4.8,120,999,999,0.0,0.0,0.0,48.33240244,3,7
25717,25,27,1-25-2022-027-03,3,1,JM1DE1HZ8B01,17,473,2153,5,0,41,55,2011,5,1,1,0,1,L,3,1043,5,9999,9,4,41,2,80,1,8,1,0,2,7,1,04038,9,9,3,4,2,1,2,2,1,2,0,0,0,0,1,2,0,0,1,0,3,2,19,99,1,1,5,L,89,0,0,0,0,0,0,0,0,0,0,250,0,0,1,0,1,3,62,-31,54,201821,998,-68,60,0,4,2,9,0,3,0,995,9.8,998,998,998,99.8,99.8,99.8,342.723203,2,7
25717,25,27,1-25-2022-027-03,3,2,1GC2KVCG6BZ4,17,467,1850,60,0,20,481,2011,34,5,30,0,1,F,1,2847,5,0,1,1,13,2,80,1,8,0,995,0,7,0,04084,9,9,3,4,2,1,2,2,1,4,1,2,0,0,1,2,0,0,1,0,1,4,73,99,1,1,5,L,88,0,0,0,0,0,0,0,0,0,0,0,250,0,1,0,1,3,23,-23,-4,75488,998,-21,26,0,4,0,0,0,5,0,995,9.8,998,998,998,99.8,99.8,99.8,342.723203,2,7
25717,25,27,1-25-2022-027-03,3,3,4S3BNAN62J30,17,523,2232,13,0,48,34,2018,4,1,3,0,1,L,1,1543,5,0,1,1,20,2,80,1,8,1,0,2,7,1,04092,1,2,3,4,2,1,2,2,1,4,1,4,0,0,1,2,0,0,1,0,1,4,62,4,1,1,6,M,98,0,0,0,0,0,0,0,0,0,0,180,310,0,0,0,2,3,13,-6,11,19949,998,-38,17,0,4,1,2,0,4,0,995,9.8,998,998,998,99.8,99.8,99.8,342.723203,2,7
25718,52,49,1-52-2022-049-07,7,1,1GCVKPEC1EZ3,17,467,1850,60,0,20,481,2014,34,5,31,0,1,F,1,2360,5,0,1,1,9,2,56,1,0,0,995,0,0,0,59102,9,9,2,4,3,2,2,1,1,1,1,2,0,0,1,1,1,2,9,0,11,2,15,5,1,1,4,J,68,0,0,0,0,0,0,0,0,0,0,240,80,0,0,0,1,3,17,-15,-9,32170,998,-70,17,0,4,0,0,0,99,0,995,9.8,998,998,998,99.8,99.8,99.8,206.7735322,12,7
25718,52,49,1-52-2022-049-07,7,2,1FTSW31P84ED,17,460,1806,60,0,12,481,2004,34,5,31,0,1,F,1,2723,5,9999,9,0,998,5,56,1,0,0,995,0,0,0,59230,9,9,2,1,1,1,2,1,1,1,1,2,0,0,1,1,1,2,9,0,1,4,62,99,1,1,4,J,69,0,0,0,0,0,0,0,0,0,0,80,240,0,0,0,1,3,15,-15,-3,25843,998,-47,15,0,4,95,95,95,95,0,995,9.8,998,998,998,99.8,99.8,99.8,206.7735322,12,7
25719,52,50,1-52-2022-050-06,6,1,2GCEK13M6717,17,467,1850,60,0,20,481,2007,34,5,31,0,1,R,1,2397,5,0,1,1,8,2,40,1,0,0,995,0,0,0,59044,9,9,2,4,2,1,2,1,1,1,0,0,0,0,1,1,0,0,9,0,1,2,17,2,1,1,5,L,87,0,0,0,0,0,0,0,0,0,0,270,185,0,0,0,1,1,7,-4,-5,3876,998,-84,6,0,4,0,0,0,0,0,995,9.8,998,998,998,99.8,99.8,99.8,65.41089225,12,7
25719,52,50,1-52-2022-050-06,6,2,4S3BNAL6XG30,17,523,2232,13,0,48,34,2016,4,1,3,0,1,F,1,1543,5,0,1,1,8,2,40,1,0,0,995,0,0,0,59102,1,2,2,4,2,1,2,1,1,4,0,0,0,0,1,1,0,0,9,0,1,4,66,4,1,1,5,L,86,0,0,0,0,0,0,0,0,0,0,185,270,0,0,0,1,1,10,-8,6,10003,998,94,11,0,4,1,1,0,4,0,995,9.8,998,998,998,99.8,99.8,99.8,65.41089225,12,7
25720,52,51,1-52-2022-051-06,6,1,2T3BFREV4DW0,17,448,2217,7,0,49,402,2013,14,3,14,0,1,F,1,1600,5,0,1,3,8,2,56,1,0,0,995,0,0,0,59101,9,9,2,3,1,1,2,1,1,1,0,0,0,0,1,8,2,2,2,0,1,2,17,1,1,1,5,L,88,0,0,0,0,0,0,0,0,0,0,80,0,0,0,0,1,3,6,-4,-4,2042,998,-130,4,0,4,99,99,0,99,0,995,9.8,998,998,998,99.8,99.8,99.8,65.41089225,12,7
25720,52,51,1-52-2022-051-06,6,2,1FTCR10A8TPB,17,460,1803,60,0,12,471,1996,34,5,30,0,1,L,1,1347,5,0,1,1,8,2,56,1,0,0,995,0,0,0,59101,1,1,2,4,2,1,2,1,1,1,1,2,0,0,1,8,0,0,9,0,1,4,66,99,1,1,5,L,89,0,0,0,0,0,0,0,0,0,0,0,80,0,0,0,1,3,7,-3,6,6083,998,-124,8,0,4,1,1,0,6,0,995,9.8,998,998,998,99.8,99.8,99.8,65.41089225,12,7
25721,52,52,1-52-2022-052-03,3,1,1FMCU9GX4GUC,17,460,1798,7,0,12,402,2016,14,3,14,0,1,L,9,1713,5,9999,9,0,998,5,56,1,0,0,995,0,0,0,59219,9,9,0,3,3,2,2,2,1,1,3,3,0,0,1,10,0,0,9,1,15,2,10,99,1,2,2,F,47,0,0,0,0,0,0,0,0,0,0,265,270,0,0,0,1,0,999,999,999,9999999,999,999,999,9,0,95,95,95,95,0,995,9.8,998,998,998,99.8,99.8,99.8,28.72744954,12,7
25721,52,52,1-52-2022-052-03,3,2,3C4NJDCB0LT2,17,483,1946,7,0,2,1,2020,6,1,2,0,1,R,1,1509,5,0,1,1,4,2,56,1,0,0,995,0,0,0,94806,9,9,0,3,3,3,2,2,1,1,3,0,0,0,1,10,0,0,9,0,1,4,61,99,1,1,2,F,45,0,0,0,0,0,0,0,0,0,0,270,265,0,0,0,1,8,999,999,999,9999999,999,999,999,6,0,9,97,0,99,0,995,9.8,998,998,998,99.8,99.8,99.8,28.72744954,12,7
25722,14,34,1-14-2022-034-02,2,1,NM0LS7E76J13,17,460,1811,95,0,12,444,2018,20,4,20,0,1,F,2,1624,5,9999,9,1,33,2,89,1,0,1,0,2,0,2,78247,1,2,0,4,2,1,2,1,1,1,1,2,0,0,1,1,0,0,3,1,1,2,10,99,1,2,3,I,64,0,0,0,0,0,0,0,0,0,0,110,300,0,1,0,1,5,999,999,999,9999999,999,999,38,3,0,3,14,1,3,0,995,9.8,998,998,998,99.8,99.8,99.8,158.2363863,8,7
25722,14,34,1-14-2022-034-02,2,2,1XP5DB9X92D5,17,495,2046,66,0,87,881,2002,66,8,68,0,1,L,9,,,,,,,5,89,1,0,0,995,0,0,0,78260,9,9,0,4,2,1,2,1,1,1,1,2,0,0,1,1,0,0,9,0,1,4,62,8,1,1,3,I,65,,,,,,,,,,,,,,,,,,,,,,,,,,,95,95,95,95,,,9.8,998,998,998,99.8,99.8,99.8,158.2363863,8,7
25724,23,28,1-23-2022-028-06,6,1,2T1BU4EE4DC9,17,448,2208,13,0,49,32,2013,4,1,2,0,1,B,9,1260,5,9999,9,0,998,2,72,1,0,0,995,0,0,0,43085,9,9,0,4,2,1,2,2,2,1,1,2,0,0,1,8,8,2,1,0,5,3,53,1,1,1,2,D,21,0,0,0,0,0,0,0,0,0,0,345,345,0,0,0,1,0,999,999,999,9999999,999,999,999,9,0,0,0,0,0,0,995,0.9,999,999,999,6.4,1.0,6.4,442.600644,5,7
25724,23,28,1-23-2022-028-06,6,2,2C4JRGAG0ER3,17,496,13907,95,0,7,443,2014,20,4,20,0,1,F,1,2050,5,0,1,1,30,2,72,1,0,0,995,0,0,0,43230,9,9,0,4,2,1,2,2,2,1,1,2,0,0,1,8,8,2,9,0,14,3,50,3,2,1,2,D,20,0,0,0,0,0,0,0,0,0,0,345,345,0,0,0,1,12,999,999,999,9999999,999,999,999,6,0,99,99,0,0,0,995,9.8,998,998,998,99.8,99.8,99.8,442.600644,5,7
25724,23,28,1-23-2022-028-06,6,3,3N1AB7AP3GY2,17,478,1907,13,0,35,43,2016,4,1,3,0,1,B,9,1306,5,9999,9,0,998,5,72,1,0,0,995,0,0,0,43146,9,9,0,4,2,1,2,2,2,1,1,2,0,0,1,8,8,2,1,0,5,3,53,1,1,1,6,M,98,0,0,0,0,0,0,0,0,0,0,0,345,0,0,0,2,0,999,999,999,9999999,999,999,999,9,0,95,95,95,95,0,995,9.8,998,998,998,99.8,99.8,99.8,442.600644,5,7
25725,23,29,1-23-2022-029-06,6,1,2C4RDGCG2ER2,17,476,14832,2,0,7,442,2014,20,4,20,0,1,L,2,2050,5,9999,9,5,29,2,89,1,0,0,995,0,0,0,43342,9,9,2,1,2,2,2,1,3,1,1,2,0,0,1,1,3,2,1,0,14,2,17,1,1,1,5,L,89,1,2,2,1,1,4,63,1,1,12,10,65,0,0,0,1,12,999,999,999,9999999,999,999,999,7,0,1,1,0,4,3,995,5.3,120,14,92,0.0,0.0,0.0,442.600644,5,7
25725,23,29,1-23-2022-029-06,6,2,WBALX3C59CDV,17,452,1732,3,0,34,36,2012,2,1,4,0,1,F,9,1920,5,9999,9,0,998,2,80,1,0,0,995,0,0,0,43065,1,9,2,1,2,2,2,1,3,1,1,0,0,0,1,1,3,2,1,0,14,4,66,99,9,1,5,L,88,0,0,0,0,0,0,0,0,0,0,65,10,0,0,0,1,0,999,999,999,9999999,999,999,999,9,0,1,2,0,4,0,995,9.8,998,998,998,99.8,99.8,99.8,442.600644,5,7
25726,28,33,1-28-2022-033-10,10,1,1GCEK19CX7Z5,17,467,1850,60,0,20,481,2007,34,5,31,0,1,B,1,2424,5,0,1,1,13,2,89,1,0,0,995,0,0,0,16915,9,9,0,4,2,1,2,1,2,1,1,2,2,3,4,5,0,0,1,0,14,6,87,99,1,1,1,C,13,0,0,0,0,0,0,0,0,0,0,998,998,0,0,0,2,1,14,13,2,19837,998,-54,14,0,1,0,0,0,0,0,998,2.5,120,120,-90,18.0,7.1,19.3,853.8918687,3,7
25727,28,34,1-28-2022-034-09,9,1,KMHCM36C39U1,17,498,2773,5,0,55,36,2009,3,1,1,0,1,F,1,1073,5,0,1,1,4,2,89,1,1,8,997,8,1,3,15834,9,9,0,4,2,1,2,1,3,1,1,2,1,0,2,1,0,0,9,1,14,2,13,99,2,4,1,A,2,0,0,0,0,0,0,0,0,0,0,998,998,0,0,2,2,10,999,999,999,9999999,999,-11,24,2,0,1,1,0,5,0,998,1.5,92,120,-78,44.4,4.8,44.7,142.7839986,3,7
25728,10,63,1-10-2022-063-03,3,1,1FATP8UH7L51,17,460,1781,1,0,12,3,2020,1,1,3,0,1,R,1,1681,5,0,1,1,13,2,105,1,0,0,995,0,0,0,43035,9,9,0,2,3,3,2,1,1,1,3,2,1,3,1,1,0,0,1,1,15,2,11,1,1,2,2,F,46,0,0,0,0,0,0,0,0,0,0,250,250,0,0,0,1,3,11,-7,-8,14361,998,53,13,0,4,99,99,0,99,0,995,9.8,998,998,998,99.8,99.8,99.8,529.7397746,4,7
25728,10,63,1-10-2022-063-03,3,2,JTEBU14R4400,17,448,2216,7,0,49,401,2004,14,3,14,0,1,T,1,1945,5,0,1,1,12,2,105,1,0,0,995,0,0,0,73107,9,9,0,2,3,2,2,1,1,1,3,3,0,3,1,1,0,0,1,0,1,4,60,1,1,1,2,F,45,1,3,2,2,1,4,61,1,1,6,997,997,0,0,0,5,6,999,999,999,9999999,999,999,999,6,0,1,1,0,4,3,997,2.5,120,999,999,0.0,0.0,0.0,529.7397746,4,7
25729,10,64,1-10-2022-064-05,5,1,2D4GP44L85R3,17,476,1942,9,0,7,442,2005,20,4,20,0,1,R,2,1929,8,0,1,1,12,2,64,1,0,1,0,2,0,0,45324,1,9,2,1,6,5,2,1,1,1,1,1,0,0,1,1,1,2,1,0,11,2,15,99,1,1,4,J,68,1,1,2,5,7,1,2,2,2,7,340,240,0,0,0,1,1,34,-17,-30,206277,998,73,46,0,1,1,1,0,4,1,995,9.8,998,998,998,99.8,99.8,99.8,97.53176775,4,7
25729,10,64,1-10-2022-064-05,5,2,2GNALBEK8D63,17,467,1847,7,0,20,404,2013,14,3,14,0,1,F,3,1706,5,0,1,1,11,2,64,1,0,0,995,0,0,0,45458,1,9,2,1,5,1,2,1,1,1,0,3,0,0,1,1,1,2,1,0,1,4,62,8,1,1,4,J,69,0,0,0,0,0,0,0,0,0,0,240,340,0,0,0,1,1,40,-37,14,47508,998,71,23,0,2,3,10,1,3,0,995,9.8,998,998,998,99.8,99.8,99.8,97.53176775,4,7
25730,13,61,1-13-2022-061-02,2,1,3GCPWCED8LG1,17,467,1850,60,0,20,481,2020,34,5,31,0,1,F,9,2087,5,9999,9,0,998,2,105,1,8,1,51,2,7,0,76111,1,9,1,2,5,1,1,1,3,1,1,3,0,0,3,1,0,0,3,1,14,2,13,99,1,4,1,A,1,0,0,0,0,0,0,0,0,0,0,998,998,0,0,9,99,0,999,999,999,9999999,999,999,999,9,0,1,1,0,4,0,998,3.2,999,999,999,0.0,0.0,0.0,24.58245999,7,7
25731,13,62,1-13-2022-062-08,8,1,3GNEC16Z83G2,17,467,1851,7,0,20,431,2003,16,3,16,0,1,F,3,2228,5,0,1,1,8,2,105,1,0,1,236,2,7,1,75040,1,9,1,3,2,1,2,1,3,9,1,3,0,0,3,8,0,0,9,1,14,2,13,99,1,4,1,A,1,0,0,0,0,0,0,0,0,0,0,998,998,0,0,0,1,1,54,-54,0,298038,998,63,54,0,4,1,2,0,4,0,998,3.1,90,110,120,16.1,1.7,16.3,741.2405567,7,7
25732,13,63,1-13-2022-063-03,3,1,ZACCJABBXJPH,17,483,6160,7,0,2,408,2018,14,3,14,0,1,F,1,1372,5,0,1,4,34,2,72,1,8,0,995,0,7,0,76092,1,2,3,1,3,1,2,1,3,4,0,3,0,0,1,1,0,0,9,0,14,3,52,99,1,1,2,D,28,0,0,0,0,0,0,0,0,0,0,275,275,0,0,0,1,12,999,999,999,9999999,999,999,999,6,0,1,1,0,5,0,995,9.8,998,998,998,99.8,99.8,99.8,603.0581026,7,7
25732,13,63,1-13-2022-063-03,3,2,1C4RJFBG0HC9,17,483,1949,7,0,2,422,2017,15,3,15,0,1,B,9,2211,5,9999,9,0,998,5,72,1,8,0,995,0,7,0,75252,9,9,3,1,3,1,2,1,3,4,0,3,0,0,1,1,0,0,9,0,14,3,53,99,1,1,2,D,29,0,0,0,0,0,0,0,0,0,0,275,275,0,0,0,1,0,999,999,999,9999999,999,999,999,9,0,95,95,95,95,0,995,9.8,998,998,998,99.8,99.8,99.8,603.0581026,7,7
25733,13,64,1-13-2022-064-02,2,1,19XFA16879E0,17,474,1863,13,0,37,31,2009,4,1,3,0,1,F,3,1199,5,0,1,1,9,2,56,1,8,0,995,0,7,0,76179,7,1,2,4,2,1,2,6,2,1,0,2,0,0,1,8,0,0,9,0,11,2,15,99,1,1,4,J,68,0,0,0,0,0,0,0,0,0,0,40,275,0,0,0,1,1,40,-30,-26,16146,998,-91,15,0,4,2,6,0,3,0,995,9.8,998,998,998,99.8,99.8,99.8,24.58245999,7,7
25733,13,64,1-13-2022-064-02,2,2,5N1AT2MT3LC8,17,478,1913,8,0,35,404,2020,14,3,14,0,1,F,2,1550,5,0,1,1,15,2,56,1,8,0,995,0,7,0,76179,2,9,2,4,2,1,2,6,3,1,0,2,0,0,1,8,0,0,9,0,14,4,62,99,1,1,4,J,69,0,0,0,0,0,0,0,0,0,0,275,40,0,0,0,1,1,31,-29,11,174033,998,71,47,0,4,2,5,0,4,0,995,9.8,998,998,998,99.8,99.8,99.8,24.58245999,7,7
25734,76,38,1-76-2022-038-07,7,1,WA1LFAFP3FA0,17,582,3862,7,0,32,402,2015,14,3,14,0,1,L,1,1850,5,0,1,1,18,2,89,1,8,9,998,8,7,9,12118,9,9,1,2,2,2,2,1,2,1,1,2,0,0,1,1,2,2,9,0,11,2,15,99,1,1,4,K,82,0,0,0,0,0,0,0,0,0,0,205,310,0,0,0,1,3,13,-7,11,19220,998,98,13,0,4,0,0,0,0,0,995,9.8,998,998,998,99.8,99.8,99.8,29.18140502,3,7
25734,76,38,1-76-2022-038-07,7,2,5TDBT44A55S2,17,448,2827,7,0,49,422,2005,15,3,15,0,1,F,1,2390,5,9999,9,0,998,2,64,1,8,9,998,8,7,9,12193,9,9,1,2,2,1,2,1,1,1,1,3,0,0,1,1,0,0,9,0,1,4,67,7,1,1,4,K,83,0,0,0,0,0,0,0,0,0,0,310,205,0,0,0,1,3,10,-10,-3,10427,998,-49,10,0,4,0,0,0,0,0,995,9.8,998,998,998,99.8,99.8,99.8,29.18140502,3,7
25735,16,33,1-16-2022-033-02,2,1,3KPF34AD5KE0,17,499,2462,13,0,63,38,2019,4,1,3,0,1,F,2,1253,5,0,1,1,13,2,64,1,8,0,995,0,9,0,45248,9,2,2,4,6,3,2,1,1,4,3,1,0,0,4,1,1,2,9,0,1,2,17,4,1,1,4,J,69,0,0,0,0,0,0,0,0,0,0,340,120,0,0,0,1,3,30,-28,10,41570,998,27,28,0,4,9,0,0,8,0,995,9.8,998,998,998,99.8,99.8,99.8,33.40600608,5,7
25735,16,33,1-16-2022-033-02,2,2,5XYP5DHC5LG0,17,499,25756,7,0,63,422,2020,15,3,15,0,1,F,1,1970,5,0,1,1,11,2,64,1,8,0,995,0,7,0,47025,1,2,2,4,7,4,1,1,1,2,1,2,0,0,4,1,1,2,1,0,11,4,63,1,1,1,4,J,68,0,0,0,0,0,0,0,0,0,0,120,340,0,0,0,1,3,19,-18,-7,36460,998,-9,21,0,4,2,4,0,4,0,995,9.8,998,998,998,99.8,99.8,99.8,33.40600608,5,7
25736,16,34,1-16-2022-034-03,3,1,KL4CJASB8LB0,17,468,1842,7,0,18,404,2020,14,3,14,0,1,R,1,1468,5,0,1,5,12,2,40,1,0,0,995,0,0,0,45212,9,9,0,4,2,1,2,1,1,1,0,2,0,0,3,5,0,0,1,1,1,2,13,99,1,4,1,C,11,1,1,2,1,7,2,2,3,1,4,100,95,0,0,0,1,12,999,999,999,9999999,999,999,999,6,0,99,99,0,5,1,995,9.8,998,998,998,99.8,99.8,99.8,853.5805692,5,7
25736,16,34,1-16-2022-034-03,3,2,YV126MFK0F13,17,485,1959,13,0,51,47,2015,4,1,4,0,2,L,1,1658,5,0,1,4,34,,,,,,,,,,,,,,,,,,,,,,,,,,,,,,,,,,,,,,,,,,,,,,,,,,,,,,,,,,,,,,,,,,95,95,95,95,,,,,,,,,,853.5805692,5,7
25737,27,32,1-27-2022-032-07,7,1,KMHCT5AE9GU2,17,498,2773,5,0,55,36,2016,5,1,2,0,1,R,1,1159,5,0,1,1,13,2,48,1,0,9,998,8,0,9,01201,9,9,3,4,2,1,2,1,1,1,1,2,0,0,1,1,0,0,9,0,11,2,15,99,1,1,4,J,68,0,0,0,0,0,0,0,0,0,0,115,20,0,0,0,1,3,11,-2,-10,9160,998,103,11,0,4,0,0,0,0,0,995,9.8,998,998,998,99.8,99.8,99.8,195.4973134,3,7
25737,27,32,1-27-2022-032-07,7,2,1FMZU82K23UB,17,460,1800,7,0,12,401,2003,14,3,14,0,1,F,1,1970,5,9999,9,0,998,5,48,1,0,9,998,8,0,9,01201,9,9,3,4,2,1,2,1,1,4,1,2,0,0,1,1,0,0,1,0,1,4,62,4,2,1,4,J,69,0,0,0,0,0,0,0,0,0,0,20,115,0,0,0,1,3,6,-6,0,3063,998,0,6,0,4,95,95,95,95,0,995,9.8,998,998,998,99.8,99.8,99.8,195.4973134,3,7
25738,27,33,1-27-2022-033-09,9,1,WBAKC8C51CC4,17,452,21790,13,0,34,37,2012,4,1,5,0,1,F,1,2205,5,0,1,1,12,2,48,1,8,0,995,0,7,9,01089,9,9,0,4,2,1,2,1,3,2,0,0,0,0,3,1,0,0,9,1,14,2,12,99,1,4,1,B,6,0,0,0,0,0,0,0,0,0,0,998,998,0,0,2,2,10,999,999,999,9999999,999,0,12,2,0,99,99,0,0,0,998,0.0,32,10,15,0.0,0.0,0.0,151.2418304,3,7
25739,32,42,1-32-2022-042-02,2,1,3N1AB7AP8KY3,17,478,1907,13,0,35,43,2019,4,1,3,0,1,F,3,1315,5,0,1,5,12,2,72,1,1,1,123,2,0,1,76084,2,9,2,1,4,1,1,1,3,1,0,3,0,0,3,1,1,2,9,1,14,2,13,99,1,4,1,A,1,0,0,0,0,0,0,0,0,0,0,998,998,0,0,1,2,1,75,-75,0,372743,998,57,75,0,4,1,1,0,4,0,998,0.0,120,14,12,0.0,0.0,0.0,131.6581482,7,7
25740,32,43,1-32-2022-043-02,2,1,1FAFP404XXF1,17,460,1781,3,0,12,3,1999,2,1,2,0,1,F,9,1381,5,9999,9,0,998,5,105,1,0,0,995,0,0,0,56438,9,9,1,2,4,4,1,1,3,2,3,1,0,0,1,1,0,0,9,0,14,3,50,99,1,1,2,D,20,0,0,0,0,0,0,0,0,0,0,40,40,0,0,0,1,0,999,999,999,9999999,999,999,999,9,0,95,95,95,95,0,995,9.8,998,998,998,99.8,99.8,99.8,131.6581482,7,7
25740,32,43,1-32-2022-043-02,2,2,5NMS5CAA7LH2,17,498,2057,7,0,55,401,2020,14,3,14,0,1,F,1,1843,5,0,1,1,7,2,105,1,0,0,995,0,0,0,75093,2,9,1,2,4,4,1,1,3,2,3,0,0,0,1,1,0,0,9,0,5,3,53,99,1,1,2,D,21,0,0,0,0,0,0,0,0,0,0,40,40,0,0,0,2,3,15,-15,0,15576,998,0,14,0,4,1,1,0,4,0,995,9.8,998,998,998,99.8,99.8,99.8,131.6581482,7,7
25740,32,43,1-32-2022-043-02,2,3,JN8AY2ND8K90,17,478,1915,7,0,35,421,2019,15,3,15,0,1,B,1,2684,5,9999,9,0,998,5,105,1,0,0,995,0,0,0,70125,9,9,1,2,4,4,1,1,3,2,3,0,0,0,1,1,0,0,9,0,5,3,53,1,1,1,6,M,98,0,0,0,0,0,0,0,0,0,0,40,40,0,0,0,2,3,10,10,0,13422,998,0,11,0,4,95,95,95,95,0,995,9.8,998,998,998,99.8,99.8,99.8,131.6581482,7,7
25742,31,29,1-31-2022-029-06,6,1,1G1FB1RS4G01,17,467,1829,3,0,20,9,2016,2,1,4,0,1,F,2,1564,5,9999,9,1,6,2,89,1,0,0,995,0,0,0,62979,9,9,2,4,2,1,2,1,1,1,1,4,0,0,1,1,0,0,3,0,1,3,50,2,1,1,2,D,20,0,0,0,0,0,0,0,0,0,0,285,285,0,0,0,1,3,36,-36,0,62585,998,0,32,0,4,9,97,0,5,0,995,9.8,998,998,998,99.8,99.8,99.8,210.5752517,6,7
25742,31,29,1-31-2022-029-06,6,2,5N1AT2MVXFC8,17,478,1913,8,0,35,51,2015,6,1,3,0,1,B,2,1610,5,9999,9,5,7,2,89,1,0,0,995,0,0,0,62867,9,9,2,4,2,1,2,1,1,1,1,4,0,0,1,1,0,0,9,0,5,3,53,1,1,1,2,D,22,0,0,0,0,0,0,0,0,0,0,285,285,0,0,0,1,3,31,31,0,87487,998,10,35,0,4,2,5,0,4,0,995,9.8,998,998,998,99.8,99.8,99.8,210.5752517,6,7
25743,31,30,1-31-2022-030-07,7,1,2HKRM4H77EH6,17,474,1865,7,0,37,402,2014,14,3,14,0,1,R,1,1583,5,0,1,1,33,2,72,1,1,0,995,0,0,0,62462,9,9,2,1,2,1,2,1,1,1,1,2,0,0,1,1,0,0,9,0,11,2,15,1,1,1,4,J,68,0,0,0,0,0,0,0,0,0,0,340,205,0,0,0,1,1,20,-13,-15,34961,998,105,18,0,1,0,0,0,0,0,995,9.8,998,998,998,99.8,99.8,99.8,275.9259253,6,7
25743,31,30,1-31-2022-030-07,7,2,1HGCR3F88HA0,17,474,1861,13,0,37,32,2017,4,1,4,0,1,F,1,1615,5,9999,9,1,10,2,72,1,1,0,995,0,0,0,62871,9,9,2,1,1,1,2,1,1,1,1,0,0,0,1,1,0,0,9,0,1,4,62,3,1,1,4,J,69,0,0,0,0,0,0,0,0,0,0,205,340,0,0,0,1,1,19,-18,-3,30202,998,-37,20,0,1,0,0,0,0,0,995,9.8,998,998,998,99.8,99.8,99.8,275.9259253,6,7