CASEID,PSU,CASENO,CASENUMBER,CATEGORY,VEHNO,VIN,VINLENGTH,VPICMAKE,VPICMODEL,VPICBODYCLASS,ICFINALBODY,MAKE,MODEL,MODELYR,BODYTYPE,BODYCAT,VEHCLASS,SPECUSE,TRANSTAT,DAMPLANE,DAMSEV,CURBWT,CURBSRC,CARGOWT,CARGOSRC,INSPTYPE,INSPLAG,TOWED,SPEEDLIMIT,DRPRESENT,PARALCOHOL,ALCTEST,ALCTESTRESULT,ALCTESTSRC,PARDRUG,DRUGTEST,ZIP,RACE,ETHNICITY,RELTOJUNCT,TRAFFLOW,RDLANES,INITLANE,SURFTYPE,SURFCOND,ALIGNMENT,PROFILE,LINERIGHT,LINELEFT,RUMBINIT,RUMBROAD,LIGHTCOND,WEATHER,TRAFDEV,TRAFFUNCT,DISTRACT,PREFHE,PREMOVE,CRITCAT,CRITEVENT,MANEUVER,PRESTAB,PRELOC,CRASHCAT,CRASHCONF,CRASHTYPE,ROLLTYPE,ROLLTURN,ROLLINTRPT,ROLLPREMAN,ROLLINITYP,ROLLINLOC,ROLLOBJ,ROLLTRIP,ROLLDIR,ROLLDIST,DVANGTHIS,DVANGOTH,TOWHITCH,TRAJDOC,TREEPOLE,DVEVENT,DVBASIS,DVTOTAL,DVLONG,DVLAT,DVENERGY,DVSPEED,DVMOMENT,DVBES,DVEST,DVCONF,VAIS,VISS,VINJURED,VTREAT,INITOBJCLASS,HEADANGLECAT,SHLDRWIDTH,STRKLENGTH,STRKWIDTH,STRKHEIGHT,EDGEDISTX,EDGEDISTY,EDGEDISTZ,CASEWGT,PSUSTRAT,VERSION
25744,18,33,1-18-2022-033-08,8,1,2G1WT58K9791,17,467,1833,13,0,20,2,2007,4,1,4,0,1,F,9,1630,5,9999,9,0,998,2,89,1,0,0,995,0,1,2,54729,1,9,0,4,2,1,2,1,1,1,1,2,0,0,1,1,0,0,9,1,1,2,12,99,1,4,1,B,6,0,0,0,0,0,0,0,0,0,0,998,998,0,0,0,99,0,999,999,999,9999999,999,999,999,9,0,3,14,1,3,0,998,0.4,999,999,999,6.3,1.6,6.5,58.12263651,6,7
25746,18,35,1-18-2022-035-04,4,1,5NMS2CADXKH1,17,498,2057,7,0,55,401,2019,14,3,14,0,1,L,1,1694,5,0,1,1,14,2,89,1,0,0,995,0,0,0,54748,1,2,2,4,3,2,2,1,1,1,3,2,0,0,1,1,0,0,1,0,1,4,62,2,1,1,3,I,65,0,0,0,0,0,0,0,0,0,0,195,355,0,0,0,1,3,10,-10,4,11213,998,-107,10,0,4,1,1,0,0,0,995,9.8,998,998,998,99.8,99.8,99.8,176.9417572,6,7
25746,18,35,1-18-2022-035-04,4,2,KNDUP1316364,17,499,2740,2,0,63,441,2003,20,4,20,0,1,F,1,2136,5,9999,9,0,998,2,89,1,1,1,82,1,0,0,54732,1,9,2,4,4,2,2,1,1,1,1,2,0,0,1,1,0,0,1,1,1,4,67,7,1,2,3,I,64,0,0,0,0,0,0,0,0,0,0,355,195,0,0,0,1,3,9,-9,0,6674,998,0,9,0,4,0,0,0,0,0,995,9.8,998,998,998,99.8,99.8,99.8,176.9417572,6,7
25749,21,27,1-21-2022-027-02,2,1,1N4BL4CVXLC1,17,478,1904,13,0,35,47,2020,4,1,4,0,1,F,9,1545,5,0,2,0,998,2,113,1,9,1,0,2,9,0,94555,2,9,0,1,3,2,1,1,1,9,3,3,0,3,1,1,0,0,9,1,15,3,51,2,1,2,2,D,24,0,0,0,0,0,0,0,0,0,0,65,70,0,0,0,1,0,999,999,999,9999999,999,999,999,9,0,2,9,0,4,0,995,9.8,998,998,998,99.8,99.8,99.8,52.34433849,11,7
25749,21,27,1-21-2022-027-02,2,2,1XPBD49X1GD3,17,495,2787,66,0,87,881,2016,66,8,68,0,1,B,9,,,,,,,5,89,1,0,0,995,0,0,0,92582,9,9,0,1,3,1,1,1,1,9,1,3,2,3,1,1,0,0,1,0,1,3,53,1,1,1,2,D,25,,,,,,,,,,,,,,,,,,,,,,,,,,,95,95,95,95,,,9.8,998,998,998,99.8,99.8,99.8,52.34433849,11,7
25749,21,27,1-21-2022-027-02,2,3,5FNYF6H50JB0,17,474,1864,7,0,37,421,2018,15,3,15,0,1,B,9,1930,5,9999,9,0,998,5,113,1,0,0,995,0,0,0,89052,9,9,0,1,3,2,1,1,1,9,3,3,0,3,1,1,0,0,1,0,1,4,61,1,1,1,6,M,98,0,0,0,0,0,0,0,0,0,0,70,80,0,0,0,2,0,999,999,999,9999999,999,999,999,9,0,95,95,95,95,0,995,9.8,998,998,998,99.8,99.8,99.8,52.34433849,11,7
25750,21,28,1-21-2022-028-08,8,1,3GKFK16T91G2,17,472,4579,7,0,23,431,2001,16,3,16,0,1,F,1,2424,5,0,1,1,13,2,113,1,0,0,995,0,0,0,89118,2,9,0,1,3,3,2,1,1,9,1,3,2,3,1,1,0,0,3,0,1,3,51,7,1,1,2,D,24,0,0,0,0,0,0,0,0,0,0,45,55,0,0,0,1,5,999,999,999,9999999,999,999,999,6,0,2,6,0,4,0,995,9.8,998,998,998,99.8,99.8,99.8,645.3876333,11,7
25750,21,28,1-21-2022-028-08,8,2,3AKJHHDR4LSL,17,450,2501,66,0,82,881,2020,66,8,68,0,1,B,9,,,,,,,5,89,1,0,0,995,0,0,0,92880,9,9,0,1,3,1,2,1,1,9,1,3,2,3,1,1,0,0,1,0,1,3,53,1,1,1,2,D,25,,,,,,,,,,,,,,,,,,,,,,,,,,,95,95,95,95,,,9.8,998,998,998,99.8,99.8,99.8,645.3876333,11,7
25751,26,51,1-26-2022-051-03,3,1,19UUA8F52DA0,17,475,1873,13,0,54,35,2013,4,1,4,0,1,F,1,1695,5,0,1,1,16,2,105,1,0,0,995,0,0,0,95240,9,1,0,2,4,3,2,1,1,9,3,3,0,0,1,1,0,0,1,0,1,3,50,3,9,1,2,D,20,0,0,0,0,0,0,0,0,0,0,330,340,0,0,0,1,3,24,-22,-8,25175,998,-125,15,0,4,9,97,0,99,0,995,9.8,998,998,998,99.8,99.8,99.8,497.2584199,10,7
25751,26,51,1-26-2022-051-03,3,2,2HGFG12866H5,17,474,1863,3,0,37,31,2006,2,1,3,0,1,B,2,1227,5,9999,9,0,998,2,105,1,0,0,995,0,0,0,95621,3,9,0,2,4,3,1,1,1,9,3,3,0,0,1,1,0,0,1,0,5,3,53,1,1,1,2,D,21,0,0,0,0,0,0,0,0,0,0,340,330,0,0,0,1,3,32,32,6,97287,998,-42,42,0,4,0,0,0,0,0,995,9.8,998,998,998,99.8,99.8,99.8,497.2584199,10,7
25751,26,51,1-26-2022-051-03,3,3,KNAFU4A26C55,17,499,2462,13,0,63,38,2012,4,1,3,0,1,B,9,1228,5,9999,9,0,998,2,105,1,0,0,995,0,0,0,95758,2,2,0,2,4,3,2,1,1,9,3,3,0,0,1,1,0,0,1,0,5,3,53,1,1,1,6,M,98,0,0,0,0,0,0,0,0,0,0,340,340,0,0,0,2,0,999,999,999,9999999,999,999,999,9,0,1,1,0,6,0,995,9.8,998,998,998,99.8,99.8,99.8,497.2584199,10,7
25751,26,51,1-26-2022-051-03,3,4,JNKBV61E58M2,17,480,2305,13,0,58,37,2008,4,1,4,0,1,F,1,1680,5,9999,9,4,28,2,105,1,0,0,995,0,0,0,95835,9,1,0,2,4,3,2,1,1,9,3,3,0,0,1,1,0,0,1,0,1,3,50,99,9,1,6,M,98,0,0,0,0,0,0,0,0,0,0,340,340,0,0,0,3,12,999,999,999,9999999,999,999,999,6,0,1,1,0,4,0,995,9.8,998,998,998,99.8,99.8,99.8,497.2584199,10,7
25751,26,51,1-26-2022-051-03,3,5,3CZRU6H5XMM7,17,474,9212,7,0,37,404,2021,14,3,14,0,1,F,1,1393,5,9999,9,4,43,2,105,1,0,0,995,0,0,0,95758,9,9,0,2,4,2,2,1,1,9,3,3,0,0,1,1,0,0,1,0,1,4,60,2,9,1,6,M,98,0,0,0,0,0,0,0,0,0,0,310,10,0,0,0,6,12,999,999,999,9999999,999,999,999,6,0,1,1,0,4,0,995,9.8,998,998,998,99.8,99.8,99.8,497.2584199,10,7
25752,26,52,1-26-2022-052-02,2,1,JTHD85ECXL50,17,515,3406,3,0,59,40,2020,2,1,3,0,1,F,3,1765,5,0,1,1,14,2,105,1,0,1,0,2,0,1,92649,3,2,0,2,2,2,2,1,1,9,3,2,0,0,1,8,0,0,3,1,1,2,12,8,2,4,1,B,6,0,0,0,0,0,0,0,0,0,0,998,998,0,0,0,1,1,41,-40,7,116766,998,-4,40,0,1,1,1,0,4,0,998,9.9,999,999,999,99.9,99.9,99.9,35.58682345,10,7
25756,30,38,1-30-2022-038-03,3,1,4T4BF3EK9AR0,17,448,2469,13,0,49,40,2010,4,1,4,0,1,F,1,1500,5,9999,9,0,998,2,72,1,0,0,995,0,0,0,85031,9,9,0,1,3,2,2,1,1,1,3,3,0,0,1,1,0,0,3,1,1,3,53,99,1,1,2,D,25,0,0,0,0,0,0,0,0,0,0,100,335,0,0,0,2,3,22,-14,-17,47257,998,-159,18,0,4,9,97,0,99,0,995,9.8,998,998,998,99.8,99.8,99.8,379.8044619,10,7
25756,30,38,1-30-2022-038-03,3,2,1HGCR2F84EA0,17,474,1861,13,0,37,32,2014,4,1,4,0,1,F,9,1631,5,9999,9,0,998,5,72,1,0,0,995,0,0,0,85020,9,9,0,1,3,3,2,1,1,1,3,0,0,0,1,1,0,0,1,0,1,3,51,99,1,1,2,D,24,0,0,0,0,0,0,0,0,0,0,140,120,0,0,0,1,0,999,999,999,9999999,999,999,999,9,0,95,95,95,95,0,995,9.8,998,998,998,99.8,99.8,99.8,379.8044619,10,7
25756,30,38,1-30-2022-038-03,3,3,2C3CDXCT4LH1,17,476,1895,13,0,7,24,2020,4,1,5,0,1,F,2,1996,5,0,1,1,27,2,72,1,0,0,995,0,0,0,85303,9,9,0,1,3,2,2,1,1,1,3,3,0,0,1,1,0,0,1,0,1,4,60,99,1,1,6,M,98,0,0,0,0,0,0,0,0,0,0,998,998,0,0,2,5,10,999,999,999,9999999,999,999,999,7,0,9,97,0,99,0,998,9.7,999,999,999,11.8,3.3,12.3,379.8044619,10,7
25756,30,38,1-30-2022-038-03,3,4,5TDYZ3DCXLS0,17,448,2468,2,0,49,442,2020,20,4,20,0,1,F,1,2090,5,0,1,1,27,2,72,1,0,0,995,0,0,0,85032,9,9,0,1,3,3,2,1,1,1,3,0,0,0,1,1,0,0,1,0,1,4,62,99,1,1,6,M,98,0,0,0,0,0,0,0,0,0,0,335,100,0,0,0,2,3,16,-16,3,43336,998,49,21,0,4,99,99,0,99,0,995,9.8,998,998,998,99.8,99.8,99.8,379.8044619,10,7
25757,26,55,1-26-2022-055-09,9,1,5NPEU46C69H5,17,498,2459,13,0,55,33,2009,4,1,3,0,1,F,9,1476,5,9999,9,0,998,2,72,1,0,0,995,0,0,0,95815,1,9,2,1,3,1,2,1,1,1,0,3,0,0,1,1,1,2,9,0,1,2,17,99,9,1,4,J,69,0,0,0,0,0,0,0,0,0,0,235,10,0,0,0,1,0,999,999,999,9999999,999,999,999,9,0,0,0,0,0,0,995,9.8,998,998,998,99.8,99.8,99.8,3505.831096,10,7
25757,26,55,1-26-2022-055-09,9,2,2C3HE66G2YH1,17,477,1878,13,0,6,51,2000,4,1,4,0,1,R,1,1618,5,0,1,5,17,2,80,1,0,0,995,0,0,0,95660,9,1,2,1,4,3,2,1,1,1,1,1,0,0,1,1,1,2,1,0,11,4,63,1,1,1,4,J,68,0,0,0,0,0,0,0,0,0,0,10,235,0,0,0,1,12,999,999,999,9999999,999,999,999,6,0,1,1,0,6,0,995,9.8,998,998,998,99.8,99.8,99.8,3505.831096,10,7
25759,14,35,1-14-2022-035-07,7,1,5YFBURHE6FP2,17,448,2208,13,0,49,32,2015,4,1,3,0,1,F,1,1265,5,0,1,1,18,2,105,1,0,0,995,0,0,0,78070,1,9,2,1,2,1,2,1,1,9,1,3,2,3,4,8,0,0,9,0,1,6,87,99,1,1,1,C,13,0,0,0,0,0,0,0,0,0,0,998,998,0,0,0,1,10,999,999,999,9999999,999,24,21,2,0,0,0,0,0,0,998,9.8,998,998,998,99.8,99.8,99.8,15825.23629,8,7
25760,20,73,1-20-2022-073-06,6,1,1C3CDFBB4FD2,17,476,2054,13,0,7,29,2015,4,1,3,0,1,R,3,1445,5,9999,9,4,35,2,40,1,0,0,995,0,0,0,95076,1,1,3,5,3,2,2,1,1,1,4,4,0,0,1,1,0,0,2,0,11,2,15,1,1,1,4,J,68,0,0,0,0,0,0,0,0,0,0,100,340,0,0,0,1,3,42,-27,-32,185613,998,81,48,0,4,3,10,1,4,0,995,9.8,998,998,998,99.8,99.8,99.8,161.0673472,11,7
25760,20,73,1-20-2022-073-06,6,2,5TENL42N73Z2,17,448,2223,60,0,49,472,2003,34,5,30,0,1,F,3,1256,5,91,1,1,10,7,40,1,0,0,995,0,0,0,93905,9,1,3,5,3,1,2,1,1,1,1,4,0,0,1,1,0,0,1,0,1,4,62,99,1,1,4,J,69,0,0,0,0,0,0,0,0,0,0,340,100,0,0,0,1,3,45,-44,8,78485,998,42,36,0,4,0,0,0,0,0,995,9.8,998,998,998,99.8,99.8,99.8,161.0673472,11,7
25761,73,39,1-73-2022-039-09,9,1,2GTEK13T4513,17,472,1857,60,0,23,481,2005,34,5,31,0,1,F,9,2639,5,9999,9,0,998,2,80,1,1,8,997,8,7,0,04928,9,9,0,4,2,1,2,1,1,4,1,4,0,0,1,1,0,0,1,1,1,2,12,99,1,4,1,B,6,0,0,0,0,0,0,0,0,0,0,998,998,0,0,0,1,0,999,999,999,9999999,999,999,999,9,0,2,4,0,3,0,998,3.2,120,38,48,0.0,0.0,0.0,70.71303385,3,7
25762,54,37,1-54-2022-037-08,8,1,1NXBR30E86Z5,17,448,2208,13,0,49,32,2006,4,1,2,0,1,L,9,1135,5,9999,9,4,26,2,64,1,0,0,995,0,0,0,35585,9,9,0,4,2,1,2,2,2,1,0,2,0,0,1,8,0,0,9,1,14,1,6,99,3,4,1,A,2,0,0,0,0,0,0,0,0,0,0,998,998,0,1,1,3,12,999,999,999,9999999,999,999,999,9,0,1,2,0,4,0,998,0.0,44,44,58,8.0,3.0,9.0,383.9894565,9,7
25763,20,74,1-20-2022-074-09,9,1,1FAFP40423F3,17,460,1781,3,0,12,3,2003,2,1,2,0,1,L,1,1531,5,0,1,1,12,2,105,1,1,8,997,8,7,0,93446,1,1,0,2,2,2,2,1,1,1,2,3,1,3,2,1,0,0,9,1,1,1,9,99,2,4,1,A,2,1,3,2,6,1,4,61,1,2,20,997,997,0,0,0,2,6,999,999,999,9999999,999,999,999,6,0,1,1,0,4,3,997,2.9,999,5,108,4.1,2.6,5.0,342.8129734,11,7
25764,30,39,1-30-2022-039-06,6,1,JN8AS5MV4CW3,17,478,1913,8,0,35,51,2012,6,1,3,0,1,F,1,1574,5,9999,9,0,998,2,64,1,0,0,995,0,0,0,85043,9,9,3,4,3,2,1,1,1,1,1,2,0,0,1,1,0,0,1,0,11,2,15,99,1,1,4,K,82,0,0,0,0,0,0,0,0,0,0,330,70,0,0,0,1,3,10,-5,9,12830,998,180,9,0,4,99,99,0,99,0,995,9.8,998,998,998,99.8,99.8,99.8,947.0489604,10,7
25764,30,39,1-30-2022-039-06,6,2,1ZVBP8AM6E52,17,460,1781,3,0,12,3,2014,2,1,3,0,1,F,1,1701,5,0,1,1,25,2,64,1,0,0,995,0,0,0,85621,9,9,3,5,6,2,2,1,1,1,3,3,0,0,1,1,0,0,1,0,1,4,72,3,1,1,4,K,83,0,0,0,0,0,0,0,0,0,0,70,330,0,0,0,1,3,9,-9,-3,10802,998,-57,12,0,4,9,97,0,99,0,995,9.8,998,998,998,99.8,99.8,99.8,947.0489604,10,7
25764,30,39,1-30-2022-039-06,6,3,1GNKVJKD6DJ1,17,467,1853,7,0,20,423,2013,15,3,15,0,1,L,9,2197,5,9999,9,0,998,5,64,1,0,0,995,0,0,0,85041,9,9,3,5,6,3,2,1,1,1,4,4,0,0,1,1,0,0,1,0,5,4,62,99,1,1,6,M,98,0,0,0,0,0,0,0,0,0,0,250,40,0,0,0,2,0,999,999,999,9999999,999,999,999,9,0,95,95,95,95,0,995,9.8,998,998,998,99.8,99.8,99.8,947.0489604,10,7
25765,26,56,1-26-2022-056-03,3,1,2C3CDXDT5EH3,17,476,1895,13,0,7,24,2014,4,1,5,0,1,F,2,2018,5,9999,9,0,998,2,64,1,0,0,995,0,0,0,95823,2,9,0,1,2,1,2,1,1,1,1,3,0,0,1,1,0,0,9,0,1,3,52,99,1,1,2,D,28,0,0,0,0,0,0,0,0,0,0,85,85,0,1,0,1,3,27,-27,0,56829,998,40,26,0,4,1,2,0,4,0,995,0.0,33,19,17,0.0,0.0,0.0,497.2584199,10,7
25765,26,56,1-26-2022-056-03,3,2,3TYSX5EN6LT0,17,448,2223,60,0,49,472,2020,34,5,30,0,1,B,2,1948,5,0,1,1,30,2,64,1,0,0,995,0,0,0,95823,3,9,0,1,2,1,2,1,1,1,1,3,0,0,1,1,0,0,1,0,2,3,53,8,1,1,2,D,29,0,0,0,0,0,0,0,0,0,0,85,85,0,0,0,1,3,27,27,0,64993,998,33,28,0,4,0,0,0,0,0,995,9.8,998,998,998,99.8,99.8,99.8,497.2584199,10,7
25771,77,38,1-77-2022-038-05,5,1,4T4BF1FK0DR2,17,448,2469,13,0,49,40,2013,4,1,3,0,1,F,3,1441,5,0,1,1,6,2,72,1,0,0,995,0,0,0,24590,9,9,0,4,2,1,2,1,3,3,0,2,0,0,1,1,6,2,3,1,14,2,10,4,1,2,3,G,50,0,0,0,0,0,0,0,0,0,0,105,295,0,0,0,1,5,999,999,999,9999999,999,999,999,8,0,9,97,0,99,0,995,0.0,120,65,38,1.5,1.2,2.5,188.3984272,9,7
25771,77,38,1-77-2022-038-05,5,2,1FDUF5HT2KDA,17,460,1808,63,999,12,881,2019,61,8,60,0,1,F,9,,,,,,,2,72,1,0,0,995,0,0,0,22968,9,9,0,4,2,1,2,1,2,3,0,2,0,0,1,1,0,0,1,0,14,4,62,99,1,1,3,G,51,,,,,,,,,,,,,,,,,,,,,,,,,,,95,95,95,95,,,9.8,998,998,998,99.8,99.8,99.8,188.3984272,9,7
25772,77,39,1-77-2022-039-01,1,1,5TDYK3DC8CS2,17,448,2468,2,0,49,442,2012,20,4,20,0,1,F,3,2062,8,9999,9,5,8,2,105,1,9,1,31,3,9,1,22833,1,2,0,2,2,2,2,1,1,1,3,2,1,3,2,1,5,2,9,1,1,2,12,99,1,4,1,B,6,0,0,0,0,0,0,0,0,0,0,998,998,0,0,0,1,1,139,-139,0,1671109,998,-32,139,0,4,6,75,1,1,0,998,1.0,999,999,999,99.9,7.7,99.9,230.6501895,9,7
25774,54,39,1-54-2022-039-06,6,1,5YFBU4EEXDP1,17,448,2208,13,0,49,32,2013,4,1,2,0,1,R,9,1260,5,9999,9,0,998,2,72,1,0,0,995,0,0,0,35660,1,9,2,1,3,1,2,1,1,1,1,3,2,2,1,1,1,2,9,0,1,2,17,99,1,1,5,L,87,0,0,0,0,0,0,0,0,0,0,170,100,0,0,0,1,0,999,999,999,9999999,999,999,999,9,0,0,0,0,4,0,995,9.8,998,998,998,99.8,99.8,99.8,152.2510839,9,7
25774,54,39,1-54-2022-039-06,6,2,1G11B5SA4DF1,17,467,1834,13,0,20,37,2013,4,1,3,0,1,F,9,1539,5,9999,9,0,998,2,72,1,0,0,995,0,0,0,35653,9,9,2,4,2,1,2,1,1,4,1,2,0,0,1,1,1,2,9,0,1,4,66,99,1,1,5,L,86,0,0,0,0,0,0,0,0,0,0,100,170,0,0,0,1,0,999,999,999,9999999,999,999,999,9,0,0,0,0,0,0,995,9.8,998,998,998,99.8,99.8,99.8,152.2510839,9,7
25775,59,25,1-59-2022-025-02,2,1,3GNCJLSB2LL1,17,467,10988,7,0,20,406,2020,14,3,14,0,1,R,1,1382,5,0,1,1,5,2,48,1,0,0,995,0,0,0,46901,1,2,2,3,4,3,2,2,1,1,1,1,0,0,1,2,1,2,1,0,1,4,66,1,1,1,5,L,87,0,0,0,0,0,0,0,0,0,0,90,0,0,0,0,1,3,11,-7,-8,10800,998,-2,14,0,1,1,2,0,4,0,995,9.8,998,998,998,99.8,99.8,99.8,194.5353129,6,7
25775,59,25,1-59-2022-025-02,2,2,1C4BJWEG0GL2,17,483,1943,7,0,2,403,2016,14,3,14,0,1,F,1,1948,5,9999,9,0,998,5,48,1,0,0,995,0,0,0,21520,9,9,2,1,3,2,2,2,1,1,3,3,0,0,1,2,1,2,9,0,1,2,17,99,1,1,5,L,86,0,0,0,0,0,0,0,0,0,0,0,90,0,0,0,1,3,8,-6,5,5241,998,139,6,0,4,95,95,95,95,0,995,9.8,998,998,998,99.8,99.8,99.8,194.5353129,6,7
25776,17,37,1-17-2022-037-03,3,1,1FAHP2F81KG1,17,460,1782,13,0,12,17,2019,4,1,4,0,1,F,2,1822,5,0,1,1,7,2,56,1,9,0,995,0,9,0,61244,1,2,2,4,2,1,2,2,1,1,1,4,0,0,1,2,0,0,1,0,1,3,50,4,2,1,2,D,20,0,0,0,0,0,0,0,0,0,0,15,5,0,0,0,1,3,39,-39,7,68594,998,-4,30,0,4,1,1,0,4,0,995,9.8,998,998,998,99.8,99.8,99.8,160.223224,4,7
25776,17,37,1-17-2022-037-03,3,2,3D7KS28D55G8,17,476,1938,60,0,7,482,2005,34,5,31,0,1,B,2,2764,5,9999,9,0,998,5,56,1,9,0,995,0,9,0,61265,9,9,2,4,2,1,2,2,1,1,1,4,0,0,1,2,0,0,9,0,5,3,53,99,1,1,2,D,21,0,0,0,0,0,0,0,0,0,0,5,15,0,0,0,1,3,28,28,0,129810,998,0,35,0,4,95,95,95,95,0,995,9.8,998,998,998,99.8,99.8,99.8,160.223224,4,7
25777,17,38,1-17-2022-038-03,3,1,1G1BC5SM3K71,17,467,1832,13,0,20,25,2019,4,1,3,0,1,F,9,1250,5,0,1,1,9,2,48,1,9,0,995,0,9,0,61241,9,9,0,4,2,1,2,2,3,1,0,4,0,0,1,2,0,0,9,1,14,1,6,99,2,4,1,A,2,0,0,0,0,0,0,0,0,0,0,998,998,0,0,6,1,12,999,999,999,9999999,999,999,999,9,0,1,1,0,4,0,998,0.0,999,999,999,0.8,4.1,4.2,160.223224,4,7
25778,12,26,1-12-2022-026-07,7,1,ZACCJADB2HPE,17,483,6160,7,0,2,408,2017,14,3,14,0,1,F,1,1372,5,0,1,1,12,2,64,1,0,0,995,0,0,0,73401,9,9,2,1,4,2,1,1,1,1,1,1,0,0,1,1,1,2,3,0,1,2,17,3,1,1,4,K,83,0,0,0,0,0,0,0,0,0,0,175,65,0,0,0,1,1,18,-17,-3,25311,998,-27,21,0,1,0,0,0,0,0,995,9.8,998,998,998,99.8,99.8,99.8,2579.663254,9,7
25778,12,26,1-12-2022-026-07,7,2,KNDJD7332554,17,499,2769,7,0,63,402,2005,14,3,14,0,1,L,1,1930,5,0,1,1,14,2,40,1,0,0,995,0,0,0,73401,9,9,2,4,3,2,1,1,1,1,1,2,0,0,1,1,1,2,1,0,11,4,66,99,1,1,4,K,82,0,0,0,0,0,0,0,0,0,0,65,175,0,0,0,1,1,13,-6,11,5776,998,33,8,0,1,0,0,0,0,0,995,9.8,998,998,998,99.8,99.8,99.8,2579.663254,9,7
25779,19,66,1-19-2022-066-02,2,1,1G1JD5SB6K41,17,467,1835,13,0,20,28,2019,4,1,1,0,1,F,2,1292,5,0,1,1,3,2,56,1,0,0,995,0,0,0,35957,1,9,2,4,2,1,2,1,1,1,0,0,0,0,1,8,2,2,3,1,1,2,13,1,1,4,1,A,1,0,0,0,0,0,0,0,0,0,0,996,996,0,1,0,3,7,999,999,999,9999999,999,999,999,7,0,3,9,1,4,0,996,0.0,4,6,999,22.5,1.8,22.7,52.3928042,9,7
25780,19,67,1-19-2022-067-03,3,1,58AB21B16KU0,17,515,2475,13,0,59,31,2019,4,1,4,0,1,9,9,1680,5,9999,9,0,998,2,113,1,0,0,995,0,0,0,35211,2,9,1,3,1,1,2,1,2,2,1,2,0,0,2,1,0,0,9,1,14,2,13,2,2,4,1,A,1,0,0,0,0,0,0,0,0,0,0,998,998,0,1,0,99,0,999,999,999,9999999,999,999,999,9,0,0,0,0,4,0,998,5.3,40,30,29,39.6,3.8,39.7,95.30403717,9,7
25781,19,68,1-19-2022-068-04,4,1,MAJ6P1SL5JC2,17,460,17774,7,0,12,403,2018,14,3,14,0,1,F,1,1370,5,0,1,1,7,2,40,1,0,0,995,0,0,0,35901,2,2,3,4,2,1,2,1,1,1,0,2,0,0,1,1,0,0,1,0,1,3,52,4,1,1,2,D,28,0,0,0,0,0,0,0,0,0,0,190,250,0,0,0,1,5,999,999,999,9999999,999,999,999,6,0,0,0,0,0,0,995,9.8,998,998,998,99.8,99.8,99.8,374.2019866,9,7
25781,19,68,1-19-2022-068-04,4,2,1FDFE4FS6HDC,17,460,1819,62,111,12,870,2017,61,8,60,0,1,B,9,,,,,,,5,40,1,0,0,995,0,0,0,35904,9,9,3,4,2,1,2,1,1,1,0,2,0,0,1,1,0,0,9,0,10,3,53,99,1,1,2,D,31,,,,,,,,,,,,,,,,,,,,,,,,,,,95,95,95,95,,,9.8,998,998,998,99.8,99.8,99.8,374.2019866,9,7
25782,19,69,1-19-2022-069-03,3,1,4T1BE32K03U6,17,448,2469,13,0,49,40,2003,4,1,3,0,1,F,3,1435,5,0,1,1,8,2,89,1,0,0,995,0,0,0,35905,1,9,0,1,2,2,2,1,1,1,3,2,1,3,1,1,0,0,9,0,1,3,50,2,1,1,2,D,20,0,0,0,0,0,0,0,0,0,0,125,120,0,1,0,1,1,54,-54,0,184224,998,5,56,0,4,1,1,0,4,0,995,9.8,998,998,998,99.8,99.8,99.8,98.17456802,9,7
25782,19,69,1-19-2022-069-03,3,2,5N1DR2MN5KC6,17,478,1911,7,0,35,401,2019,14,3,14,0,1,B,2,1939,5,0,1,1,8,2,89,1,0,0,995,0,0,0,35903,1,9,0,1,2,2,2,1,1,1,3,2,1,3,1,1,0,0,1,0,5,3,53,1,1,1,2,D,21,0,0,0,0,0,0,0,0,0,0,120,125,0,1,0,1,1,39,39,0,110478,998,8,37,0,4,9,97,0,8,0,995,9.8,998,998,998,99.8,99.8,99.8,98.17456802,9,7
25783,11,28,1-11-2022-028-04,4,1,JN8AT3DC1MW1,17,478,1913,7,0,35,404,2021,14,3,14,0,1,L,1,1536,5,0,1,5,23,2,72,1,0,0,995,0,0,0,23803,9,9,2,3,1,1,2,1,1,9,0,0,0,0,1,1,2,2,1,0,11,2,15,99,1,1,4,K,82,0,0,0,0,0,0,0,0,0,0,185,310,0,0,0,1,12,999,999,999,9999999,999,999,999,6,0,0,0,0,0,0,995,9.8,998,998,998,99.8,99.8,99.8,3960.929423,8,7
25783,11,28,1-11-2022-028-04,4,2,3VWB67AJ2GM2,17,482,3137,13,0,30,40,2016,4,1,3,0,1,F,9,1364,5,9999,9,0,998,2,72,1,0,0,995,0,0,0,23139,9,9,2,1,4,3,2,1,1,9,3,1,0,0,1,1,0,0,1,0,1,4,63,99,1,1,4,K,83,0,0,0,0,0,0,0,0,0,0,310,185,0,0,0,1,0,999,999,999,9999999,999,999,999,9,0,0,0,0,0,0,995,9.8,998,998,998,99.8,99.8,99.8,3960.929423,8,7
25784,11,29,1-11-2022-029-06,6,1,1FMCU0GX8DUB,17,460,1798,7,0,12,402,2013,14,3,14,0,1,L,1,1852,5,0,1,4,4,2,72,1,0,0,995,0,0,0,23832,9,9,2,1,2,1,2,1,1,1,0,0,0,0,1,1,2,2,1,0,10,2,16,99,1,1,4,K,78,0,0,0,0,0,0,0,0,0,0,330,15,0,0,0,1,12,999,999,999,9999999,999,999,999,6,0,0,0,0,4,0,995,9.8,998,998,998,99.8,99.8,99.8,2830.224542,8,7