CASEID,PSU,CASENO,CASENUMBER,CATEGORY,VEHNO,VIN,VINLENGTH,VPICMAKE,VPICMODEL,VPICBODYCLASS,ICFINALBODY,MAKE,MODEL,MODELYR,BODYTYPE,BODYCAT,VEHCLASS,SPECUSE,TRANSTAT,DAMPLANE,DAMSEV,CURBWT,CURBSRC,CARGOWT,CARGOSRC,INSPTYPE,INSPLAG,TOWED,SPEEDLIMIT,DRPRESENT,PARALCOHOL,ALCTEST,ALCTESTRESULT,ALCTESTSRC,PARDRUG,DRUGTEST,ZIP,RACE,ETHNICITY,RELTOJUNCT,TRAFFLOW,RDLANES,INITLANE,SURFTYPE,SURFCOND,ALIGNMENT,PROFILE,LINERIGHT,LINELEFT,RUMBINIT,RUMBROAD,LIGHTCOND,WEATHER,TRAFDEV,TRAFFUNCT,DISTRACT,PREFHE,PREMOVE,CRITCAT,CRITEVENT,MANEUVER,PRESTAB,PRELOC,CRASHCAT,CRASHCONF,CRASHTYPE,ROLLTYPE,ROLLTURN,ROLLINTRPT,ROLLPREMAN,ROLLINITYP,ROLLINLOC,ROLLOBJ,ROLLTRIP,ROLLDIR,ROLLDIST,DVANGTHIS,DVANGOTH,TOWHITCH,TRAJDOC,TREEPOLE,DVEVENT,DVBASIS,DVTOTAL,DVLONG,DVLAT,DVENERGY,DVSPEED,DVMOMENT,DVBES,DVEST,DVCONF,VAIS,VISS,VINJURED,VTREAT,INITOBJCLASS,HEADANGLECAT,SHLDRWIDTH,STRKLENGTH,STRKWIDTH,STRKHEIGHT,EDGEDISTX,EDGEDISTY,EDGEDISTZ,CASEWGT,PSUSTRAT,VERSION
25784,11,29,1-11-2022-029-06,6,2,1ZVFT80NX752,17,460,1781,3,0,12,3,2007,2,1,3,0,1,F,9,1516,5,9999,9,0,998,2,72,1,0,0,995,0,0,0,23838,9,9,2,1,3,1,2,1,2,1,1,3,0,0,1,1,0,0,1,0,14,4,65,99,1,1,4,K,79,0,0,0,0,0,0,0,0,0,0,15,330,0,0,0,1,0,999,999,999,9999999,999,999,999,9,0,0,0,0,0,0,995,9.8,998,998,998,99.8,99.8,99.8,2830.224542,8,7
25785,24,63,1-24-2022-063-04,4,1,2HGFC1F30JH6,17,474,1863,13,0,37,31,2018,4,1,3,0,1,R,1,1324,5,0,1,1,29,2,40,1,0,0,995,0,0,0,08401,9,9,0,3,2,1,2,1,1,1,0,3,0,0,3,1,0,0,9,1,1,2,11,1,1,4,1,C,11,0,0,0,0,0,0,0,0,0,0,55,50,0,0,0,1,3,11,-11,-4,10778,998,87,12,0,4,0,0,0,0,0,995,9.8,998,998,998,99.8,99.8,99.8,717.0121297,1,7
25785,24,63,1-24-2022-063-04,4,2,2HKYF18464H5,17,474,1864,7,0,37,421,2004,15,3,15,0,2,L,1,2007,5,9999,9,4,49,,,,,,,,,,,,,,,,,,,,,,,,,,,,,,,,,,,,,,,,,,,,,,,,,,,,,,,,,,,,,,,,,,95,95,95,95,,,,,,,,,,717.0121297,1,7
25785,24,63,1-24-2022-063-04,4,3,1VWBP7A39CC0,17,482,3134,13,0,30,46,2012,4,1,4,0,2,L,9,1436,5,9999,9,6,49,,,,,,,,,,,,,,,,,,,,,,,,,,,,,,,,,,,,,,,,,,,,,,,,,,,,,,,,,,,,,,,,,,95,95,95,95,,,,,,,,,,717.0121297,1,7
25786,24,64,1-24-2022-064-06,6,1,1N4AL3AP2HC2,17,478,1904,13,0,35,47,2017,4,1,4,0,1,F,9,1453,5,9999,9,4,11,2,56,1,0,0,995,0,0,0,08234,9,9,2,4,2,1,2,1,1,1,1,2,0,0,1,1,0,0,9,0,1,4,65,4,1,1,4,K,79,0,0,0,0,0,0,0,0,0,0,210,180,0,0,0,1,12,999,999,999,9999999,999,999,999,9,0,1,1,0,4,0,995,9.8,998,998,998,99.8,99.8,99.8,423.5201836,1,7
25786,24,64,1-24-2022-064-06,6,2,WDC0G4KB1HF1,17,449,5885,7,0,42,405,2017,14,3,14,0,1,B,9,1815,4,9999,9,0,998,5,56,1,0,0,995,0,0,0,08202,9,9,2,4,2,1,2,1,1,1,1,2,0,0,1,1,2,2,9,0,10,2,16,99,1,1,4,K,78,0,0,0,0,0,0,0,0,0,0,180,210,0,0,0,1,0,999,999,999,9999999,999,999,999,9,0,95,95,95,95,0,995,9.8,998,998,998,99.8,99.8,99.8,423.5201836,1,7
25787,24,65,1-24-2022-065-05,5,1,2HGFB6E55DH7,17,474,1863,13,0,37,31,2013,4,1,3,0,1,T,3,1295,5,0,1,5,26,2,64,1,0,1,112,2,0,2,08037,1,2,0,4,2,1,2,1,1,4,0,2,0,0,1,1,0,0,9,1,1,1,9,99,4,4,1,B,7,1,1,1,2,1,3,61,1,1,6,998,998,0,1,4,6,7,999,999,999,9999999,999,999,999,8,0,3,22,1,3,3,998,0.0,8,8,90,23.0,3.9,23.2,57.93533208,1,7
25788,24,66,1-24-2022-066-03,3,1,1G1PG5SCXC71,17,467,1832,13,0,20,25,2012,4,1,3,0,1,L,9,1407,5,9999,9,0,998,2,72,1,0,0,995,0,0,0,08330,9,9,2,4,2,1,2,1,1,1,1,2,0,0,1,1,2,2,9,0,11,2,15,99,1,1,4,K,82,0,0,0,0,0,0,0,0,0,0,260,340,0,0,0,1,0,999,999,999,9999999,999,999,999,9,0,99,99,0,99,0,995,0.0,26,26,999,0.6,0.6,0.8,169.8485107,1,7
25788,24,66,1-24-2022-066-03,3,2,JM1DKFC74J03,17,473,10202,15,0,41,56,2018,5,1,2,0,1,F,1,1339,5,0,1,1,11,2,64,1,0,0,995,0,0,0,08075,1,2,2,4,4,1,2,1,3,2,1,3,0,0,1,1,0,0,1,0,14,4,67,99,1,1,4,K,83,0,0,0,0,0,0,0,0,0,0,340,260,0,0,0,1,12,999,999,999,9999999,999,999,999,6,0,1,1,0,4,0,995,9.8,998,998,998,99.8,99.8,99.8,169.8485107,1,7
25789,14,36,1-14-2022-036-02,2,1,3C3CFFAR1FT6,17,492,2055,5,0,36,38,2015,3,1,1,0,1,L,2,1104,5,0,1,1,14,2,56,1,0,0,995,0,0,0,78130,1,2,2,4,2,1,2,1,1,2,0,0,0,0,2,5,2,2,9,0,11,2,15,99,1,1,4,K,82,0,0,0,0,0,0,0,0,0,0,70,200,0,0,0,1,3,27,-26,9,48940,998,-38,31,0,4,0,0,0,0,0,995,9.8,998,998,998,99.8,99.8,99.8,154.7892079,8,7
25789,14,36,1-14-2022-036-02,2,2,2T3H1RFV2LC0,17,448,2217,7,0,49,402,2020,14,3,14,0,1,F,1,1583,5,0,1,1,14,2,56,1,0,0,995,0,0,0,78130,2,2,2,5,3,1,2,1,1,1,1,2,0,0,2,5,0,0,9,0,1,4,71,98,1,1,4,K,83,0,0,0,0,0,0,0,0,0,0,200,70,0,0,0,1,3,19,-16,-9,13848,998,-42,14,0,4,1,1,0,4,0,995,9.8,998,998,998,99.8,99.8,99.8,154.7892079,8,7
25790,14,37,1-14-2022-037-04,4,1,5TFRM5F11BX0,17,448,2467,60,0,49,482,2011,34,5,30,0,1,F,1,2375,5,9999,9,0,998,5,89,1,0,0,995,0,0,0,78133,9,9,3,4,2,1,2,1,2,1,1,2,1,0,1,8,0,0,9,1,12,2,21,99,1,2,6,M,98,0,0,0,0,0,0,0,0,0,0,300,250,0,0,0,1,3,4,-4,-2,2378,998,-131,4,0,4,95,95,95,95,0,995,9.8,998,998,998,99.8,99.8,99.8,7652.559535,8,7
25790,14,37,1-14-2022-037-04,4,2,ML32F3FJ4JHF,17,481,13842,13,0,52,48,2018,4,1,2,0,1,L,1,975,5,0,1,1,39,2,89,1,0,0,995,0,0,0,78133,1,9,3,4,2,1,2,1,3,1,1,2,1,0,1,8,0,0,9,0,14,4,62,99,1,1,6,M,98,0,0,0,0,0,0,0,0,0,0,250,300,0,0,0,1,3,10,2,10,6358,998,-81,11,0,4,0,0,0,0,0,995,9.8,998,998,998,99.8,99.8,99.8,7652.559535,8,7
25791,52,53,1-52-2022-053-10,10,1,3D7UT2HL8AG1,17,476,1938,60,0,7,482,2010,34,5,31,0,1,F,1,3031,5,0,1,1,46,2,40,1,1,8,997,8,9,9,59101,9,9,3,4,2,1,2,1,1,1,0,0,0,0,3,1,0,0,9,1,1,2,11,99,1,4,1,C,11,0,0,0,0,0,0,0,0,0,0,998,998,0,1,7,3,10,999,999,999,9999999,999,11,19,2,0,0,0,0,0,0,998,0.0,27,13,13,0.0,0.0,0.0,1364.109854,12,7
25791,52,53,1-52-2022-053-10,10,2,1G1ZT64845F1,17,467,1834,5,0,20,37,2005,5,1,4,0,2,L,9,1569,5,9999,9,0,998,,,,,,,,,,,,,,,,,,,,,,,,,,,,,,,,,,,,,,,,,,,,,,,,,,,,,,,,,,,,,,,,,,95,95,95,95,,,,,,,,,,1364.109854,12,7
25792,52,54,1-52-2022-054-09,9,1,1G2NF52E42M5,17,536,8840,13,0,22,18,2002,4,1,3,0,1,F,1,1413,5,0,1,1,36,2,56,1,0,0,995,0,0,0,59101,9,9,2,4,4,2,2,2,1,4,1,2,0,0,2,2,1,2,9,1,11,1,6,3,2,4,1,A,2,0,0,0,0,0,0,0,0,0,0,998,998,0,0,0,1,10,999,999,999,9999999,999,-58,14,2,0,9,97,0,99,0,998,9.8,998,998,998,99.8,99.8,99.8,209.0257075,12,7
25793,52,55,1-52-2022-055-06,6,1,1G11B5SL1FF3,17,467,1834,13,0,20,37,2015,4,1,3,0,1,L,1,1625,5,0,1,1,11,2,56,1,0,1,0,2,0,0,59105,5,9,2,4,2,1,2,2,1,1,0,0,0,0,1,2,2,2,9,0,1,2,17,99,1,1,5,L,89,0,0,0,0,0,0,0,0,0,0,270,0,0,0,0,1,1,11,-6,10,3488,998,7,7,0,4,1,2,0,4,0,995,9.8,998,998,998,99.8,99.8,99.8,85.47196677,12,7
25793,52,55,1-52-2022-055-06,6,2,1GNDV23WX8D1,17,467,4588,9,0,20,444,2008,20,4,20,0,1,F,1,1853,5,0,1,1,11,3,56,1,0,0,995,0,0,0,59105,9,9,2,4,2,1,2,2,1,1,1,2,0,0,1,2,0,0,9,0,1,4,66,2,1,1,5,L,88,0,0,0,0,0,0,0,0,0,0,0,270,0,0,0,1,1,10,-9,-5,13963,998,-71,12,0,4,99,99,0,99,0,995,9.8,998,998,998,99.8,99.8,99.8,85.47196677,12,7
25794,52,56,1-52-2022-056-09,9,1,2G1WT58K8793,17,467,1833,13,0,20,2,2007,4,1,4,0,1,L,1,1630,5,0,1,1,11,2,56,1,0,0,995,0,0,0,59105,1,2,3,1,2,1,2,1,1,2,0,0,0,0,3,1,0,0,9,1,10,2,10,99,1,7,4,K,78,0,0,0,0,0,0,0,0,0,0,165,180,0,0,0,1,3,5,3,3,3069,998,135,5,0,4,0,0,0,4,0,995,9.8,998,998,998,99.8,99.8,99.8,209.0257075,12,7
25794,52,56,1-52-2022-056-09,9,2,1FAFP34PXYW2,17,460,1779,13,0,12,37,2000,4,1,2,0,1,F,1,1166,5,0,1,1,10,2,56,1,0,0,995,0,0,0,59105,9,9,3,1,3,2,2,1,1,1,3,3,0,0,3,1,0,0,9,0,1,4,70,99,1,1,4,K,79,1,1,2,5,1,4,63,1,2,5,180,165,0,0,0,1,3,6,-5,-3,1241,998,-36,5,0,4,99,99,0,99,3,995,9.8,998,998,998,99.8,99.8,99.8,209.0257075,12,7
25795,28,35,1-28-2022-035-04,4,1,5NMS2CADXKH1,17,498,2057,7,0,55,401,2019,14,3,14,0,1,F,1,1694,5,0,1,1,11,2,64,1,0,0,995,0,0,0,16915,9,9,3,4,2,1,2,1,1,1,1,2,0,0,1,1,0,0,1,0,1,4,72,2,1,1,4,K,83,0,0,0,0,0,0,0,0,0,0,100,355,0,0,0,1,12,999,999,999,9999999,999,999,999,6,0,0,0,0,0,0,995,9.8,998,998,998,99.8,99.8,99.8,134.051981,3,7
25795,28,35,1-28-2022-035-04,4,2,1FMCU94113KE,17,460,1798,7,0,12,402,2003,14,3,14,0,1,9,9,1421,5,9999,9,0,998,5,56,1,0,0,995,0,0,0,16746,9,9,3,4,2,1,2,1,1,2,1,2,0,0,1,1,0,0,2,0,11,2,15,99,1,1,4,K,82,0,0,0,0,0,0,0,0,0,0,355,100,0,0,0,1,0,999,999,999,9999999,999,999,999,9,0,95,95,95,95,0,995,9.8,998,998,998,99.8,99.8,99.8,134.051981,3,7
25796,28,36,1-28-2022-036-07,7,1,1FAHP2MK1HG1,17,460,1782,13,0,12,17,2017,4,1,4,5,1,F,1,1923,5,159,1,1,11,2,89,1,0,0,995,0,0,0,16915,9,9,0,4,2,1,2,1,1,1,1,2,0,0,2,1,0,0,1,0,1,6,87,3,1,1,1,C,13,0,0,0,0,0,0,0,0,0,0,998,998,0,0,0,1,10,999,999,999,9999999,999,-109,10,2,0,0,0,0,0,0,998,9.8,998,998,998,99.8,99.8,99.8,146.9731878,3,7
25797,10,65,1-10-2022-065-03,3,1,3C4PDCGB5LT2,17,476,1939,7,0,7,404,2020,14,3,14,0,1,T,1,1735,5,0,1,1,9,2,56,1,0,1,0,2,0,0,45405,2,2,2,1,3,2,2,1,1,1,1,1,0,0,1,1,1,2,1,0,1,4,62,4,1,1,4,J,69,1,2,2,5,7,1,2,2,1,6,997,997,0,0,0,2,6,999,999,999,9999999,999,999,999,6,0,1,1,0,4,1,997,9.8,998,998,998,99.8,99.8,99.8,418.7194084,4,7
25797,10,65,1-10-2022-065-03,3,2,WDDZF8KB0KA5,17,449,2081,13,0,42,48,2019,4,1,5,0,1,F,1,1970,5,0,1,1,10,2,56,1,0,0,995,0,0,0,45430,9,9,2,1,1,1,2,1,1,1,1,0,0,0,1,1,1,2,1,0,11,2,15,99,1,1,4,J,68,0,0,0,0,0,0,0,0,0,0,335,180,0,0,0,1,1,11,-11,0,13173,998,-40,12,0,1,0,0,0,0,0,995,9.8,998,998,998,99.8,99.8,99.8,418.7194084,4,7
25798,10,66,1-10-2022-066-10,10,1,JTDJT9237851,17,448,2464,5,0,49,51,2008,9,1,1,0,1,F,1,1050,5,0,1,1,5,2,56,1,0,0,995,0,0,0,45458,9,9,0,5,5,2,2,2,1,1,3,2,0,0,1,2,0,0,1,0,1,3,50,4,1,1,2,D,20,0,0,0,0,0,0,0,0,0,0,180,170,0,0,0,1,3,21,-21,0,18824,998,-9,21,0,4,0,0,0,0,0,995,9.8,998,998,998,99.8,99.8,99.8,7365.386976,4,7
25798,10,66,1-10-2022-066-10,10,2,5TDEBRCH9MS0,17,448,2213,7,0,49,403,2021,14,3,14,0,1,B,1,2010,5,9999,9,0,998,5,56,1,0,0,995,0,0,0,45458,9,9,0,5,5,2,2,2,1,1,3,2,0,0,1,2,0,0,1,0,5,3,53,1,1,1,2,D,21,0,0,0,0,0,0,0,0,0,0,170,180,0,0,0,1,3,12,12,2,11963,998,-45,12,0,4,95,95,95,95,0,995,9.8,998,998,998,99.8,99.8,99.8,7365.386976,4,7
25799,10,67,1-10-2022-067-05,5,1,1C4PJLCSXEW1,17,483,1945,7,0,2,404,2014,14,3,14,0,1,F,2,1712,5,0,1,1,24,2,64,1,0,0,995,0,0,0,45439,9,9,0,4,5,2,2,1,1,1,3,1,0,0,3,1,0,0,1,1,1,2,13,99,9,4,1,A,1,0,0,0,0,0,0,0,0,0,0,998,998,0,0,1,1,1,32,-31,-6,88078,998,-70,32,0,1,9,97,0,8,0,998,0.0,999,999,999,10.8,3.7,11.3,128.3260502,4,7
25800,10,68,1-10-2022-068-05,5,1,1FADP3K27GL2,17,460,1779,5,0,12,37,2016,5,1,3,0,1,F,1,1327,5,0,1,1,6,2,89,1,0,0,995,0,0,0,45342,9,9,0,2,3,1,2,2,1,2,1,3,0,0,1,2,0,0,1,0,1,3,51,1,1,1,2,D,24,0,0,0,0,0,0,0,0,0,0,215,210,0,0,0,1,3,14,-14,-2,16658,998,-49,16,0,4,9,97,0,8,0,995,3.3,999,999,999,2.3,0.4,2.5,128.3260502,4,7
25800,10,68,1-10-2022-068-05,5,2,5N1AT3CA9MC8,17,478,1913,7,0,35,404,2021,14,3,14,0,1,B,1,1536,5,9999,9,0,998,5,89,1,0,0,995,0,0,0,45402,9,9,0,2,3,1,2,2,1,2,1,3,0,0,1,2,0,0,1,0,1,3,53,1,1,1,2,D,25,0,0,0,0,0,0,0,0,0,0,210,215,0,0,0,1,3,13,12,4,9586,998,-89,11,0,4,95,95,95,95,0,995,9.8,998,998,998,99.8,99.8,99.8,128.3260502,4,7
25801,25,28,1-25-2022-028-03,3,1,1FM5K8D82JGB,17,460,1800,7,0,12,401,2018,14,3,14,0,1,F,1,2146,5,0,1,4,15,2,64,1,8,0,995,0,7,0,04092,9,9,2,4,3,2,2,2,1,1,1,2,0,0,3,2,1,2,1,0,11,2,15,99,1,1,4,J,68,0,0,0,0,0,0,0,0,0,0,70,285,0,0,0,1,3,17,-16,-6,32743,998,-80,17,0,4,0,0,0,5,0,995,9.8,998,998,998,99.8,99.8,99.8,224.7629536,2,7
25801,25,28,1-25-2022-028-03,3,2,5TDBY5G11GS1,17,448,2827,7,0,49,422,2016,15,3,15,0,1,F,1,2707,5,0,1,1,44,2,64,1,8,0,995,0,7,0,04074,9,9,2,4,3,2,2,2,1,1,1,1,0,0,3,2,1,2,1,0,1,4,62,4,1,1,4,J,69,0,0,0,0,0,0,0,0,0,0,285,70,0,0,0,1,3,13,-12,5,18920,998,30,13,0,4,1,1,0,5,0,995,9.8,998,998,998,99.8,99.8,99.8,224.7629536,2,7
25802,25,29,1-25-2022-029-03,3,1,5TDJZRFH4JS8,17,448,2213,7,0,49,403,2018,14,3,14,0,1,L,2,2030,5,9999,9,4,16,2,40,1,8,0,995,0,7,0,04092,9,9,3,4,2,1,2,1,1,2,0,0,0,0,3,1,0,0,9,0,1,2,19,99,1,1,5,L,89,0,0,0,0,0,0,0,0,0,0,270,350,0,0,0,1,3,25,-9,24,105159,998,-46,33,0,4,2,4,0,4,0,995,9.8,998,998,998,99.8,99.8,99.8,224.7629535,2,7
25802,25,29,1-25-2022-029-03,3,2,1C3CC5FB4AN1,17,477,1877,13,0,6,43,2010,4,1,3,0,1,F,2,1502,5,0,1,1,53,2,40,1,8,0,995,0,7,0,04106,9,9,3,4,2,1,2,1,2,4,1,2,0,0,3,1,0,0,1,0,14,4,68,7,1,1,5,L,88,0,0,0,0,0,0,0,0,0,0,350,270,0,0,0,1,3,36,-32,-18,65047,998,-82,28,0,4,0,0,0,0,0,995,9.8,998,998,998,99.8,99.8,99.8,224.7629535,2,7
25803,13,65,1-13-2022-065-06,6,1,1HGCR2F39FA0,17,474,1861,13,0,37,32,2015,4,1,4,0,1,F,2,1496,5,0,1,1,20,2,64,1,8,0,995,0,7,0,76131,3,9,2,4,2,1,1,1,1,1,0,0,0,0,1,1,2,2,9,0,1,2,17,1,1,1,5,L,88,0,0,0,0,0,0,0,0,0,0,195,115,0,0,0,1,1,28,-22,-18,131109,998,-130,35,0,1,99,99,0,8,0,995,9.8,998,998,998,99.8,99.8,99.8,1420.042616,7,7
25803,13,65,1-13-2022-065-06,6,2,1HGCR2F56EA0,17,474,1861,13,0,37,32,2014,4,1,4,0,1,L,2,1496,5,0,1,1,20,2,64,1,8,0,995,0,7,0,76131,1,9,2,1,3,1,1,1,1,1,0,3,0,0,1,1,0,0,9,0,1,4,66,4,1,1,5,L,89,0,0,0,0,0,0,0,0,0,0,115,195,0,0,0,1,1,27,-14,24,12898,998,-72,13,0,4,99,99,0,99,0,995,9.8,998,998,998,99.8,99.8,99.8,1420.042616,7,7
25804,13,66,1-13-2022-066-04,4,1,3N1AB7AP0DL6,17,478,1907,13,0,35,43,2013,4,1,3,0,1,R,9,1283,5,9999,9,0,998,2,72,1,8,0,995,0,7,0,75051,9,1,2,1,4,4,2,1,1,1,1,0,0,0,1,8,1,2,9,0,11,2,15,99,1,1,4,J,68,0,0,0,0,0,0,0,0,0,0,300,180,0,0,0,1,0,999,999,999,9999999,999,999,999,9,0,1,1,0,4,0,995,9.8,998,998,998,99.8,99.8,99.8,1813.35472,7,7
25804,13,66,1-13-2022-066-04,4,2,2HKRW5H35JH4,17,474,1865,7,0,37,402,2018,14,3,14,0,1,F,9,1502,5,9999,9,0,998,2,72,1,8,0,995,0,7,0,75050,3,9,2,1,4,3,2,1,1,1,1,1,0,0,1,8,1,2,9,0,1,4,62,99,1,1,4,J,69,0,0,0,0,0,0,0,0,0,0,180,300,0,0,0,1,0,999,999,999,9999999,999,999,999,9,0,0,0,0,0,0,995,9.8,998,998,998,99.8,99.8,99.8,1813.35472,7,7
25805,13,67,1-13-2022-067-05,5,1,3N1CN7AP7GL8,17,478,1894,13,0,35,50,2016,4,1,2,0,1,F,3,1114,8,0,1,1,12,2,72,1,1,1,120,1,7,0,99999,2,9,0,1,4,1,1,1,3,1,0,3,0,0,3,1,0,0,3,1,14,2,13,7,1,4,1,A,1,0,0,0,0,0,0,0,0,0,0,998,998,0,0,7,4,10,999,999,999,9999999,999,-8,56,5,0,9,97,0,8,0,998,0.0,999,999,999,5.1,1.3,5.3,113.2077347,7,7
25806,13,68,1-13-2022-068-05,5,1,5NPE24AF6FH0,17,498,2459,13,0,55,33,2015,4,1,4,0,1,F,2,1475,5,0,1,1,11,2,72,1,8,0,995,0,7,0,76010,1,9,2,1,4,2,2,1,1,1,3,3,0,0,1,1,1,2,9,0,1,4,62,99,1,1,4,J,69,0,0,0,0,0,0,0,0,0,0,20,130,0,0,0,1,1,31,-31,5,96463,998,33,39,0,1,9,97,0,5,0,995,9.8,998,998,998,99.8,99.8,99.8,113.2077347,7,7
25806,13,68,1-13-2022-068-05,5,2,KNMAT2MT1GP6,17,478,1913,8,0,35,51,2016,6,1,3,0,1,R,2,1550,5,0,1,1,13,2,72,1,8,0,995,0,7,0,76001,9,1,2,1,4,4,2,1,1,1,1,2,0,0,1,1,1,2,9,0,11,2,15,99,1,1,4,J,68,0,0,0,0,0,0,0,0,0,0,130,20,0,0,0,1,1,30,-15,-26,25719,998,-34,20,0,4,1,2,0,4,0,995,9.8,998,998,998,99.8,99.8,99.8,113.2077347,7,7
25806,13,68,1-13-2022-068-05,5,3,5YFEPMAE8MP1,17,448,2208,13,0,49,32,2021,4,1,3,0,1,F,9,1315,5,9999,9,0,998,5,72,1,8,0,995,0,7,0,76001,9,9,2,4,3,1,2,1,1,1,0,1,0,0,1,1,1,2,9,0,5,4,66,1,1,1,6,M,98,0,0,0,0,0,0,0,0,0,0,285,260,0,0,0,3,0,999,999,999,9999999,999,999,999,9,0,95,95,95,95,0,995,9.8,998,998,998,99.8,99.8,99.8,113.2077347,7,7
25807,73,40,1-73-2022-040-06,6,1,5XYKTCA64FG6,17,499,2769,7,0,63,402,2015,14,3,14,0,1,F,1,1730,5,9999,9,0,998,5,40,1,8,0,995,0,7,0,04463,9,9,2,4,2,1,2,1,1,1,1,2,0,0,1,1,2,2,1,0,11,2,15,99,1,1,4,K,82,0,0,0,0,0,0,0,0,0,0,210,10,0,0,0,1,3,14,-13,5,16501,998,73,14,0,4,95,95,95,95,0,995,9.8,998,998,998,99.8,99.8,99.8,82.88935897,3,7
25807,73,40,1-73-2022-040-06,6,2,4S3GTAA64H17,17,523,2235,5,0,48,38,2017,5,1,3,0,1,F,1,1382,5,0,1,1,37,2,40,1,8,0,995,0,7,0,04426,9,9,2,4,2,1,2,1,1,1,0,2,0,0,1,1,1,2,1,0,1,4,67,4,1,1,4,K,83,0,0,0,0,0,0,0,0,0,0,10,210,0,0,0,1,3,17,-17,0,18071,998,12,18,0,4,1,2,0,4,0,995,9.8,998,998,998,99.8,99.8,99.8,82.88935897,3,7
25808,73,41,1-73-2022-041-07,7,1,1C3CDFCH5DD1,17,476,2054,13,0,7,29,2013,4,1,3,0,1,F,2,1471,5,0,1,1,5,2,72,1,1,0,995,0,1,0,04971,9,9,0,4,2,1,2,1,1,1,1,4,0,0,2,1,0,0,1,1,1,2,13,99,1,4,1,A,1,0,0,0,0,0,0,0,0,0,0,998,998,0,0,0,1,12,999,999,999,9999999,999,999,999,7,0,0,0,0,0,0,998,0.3,999,999,999,20.0,2.5,20.2,277.5230835,3,7
25809,32,44,1-32-2022-044-05,5,1,2GNALAEK1E62,17,467,1847,7,0,20,404,2014,14,3,14,0,1,F,3,1706,5,9999,9,4,45,2,64,1,0,1,20,2,0,0,75150,2,9,1,3,3,3,1,1,3,4,3,2,0,0,1,1,0,0,3,1,14,2,12,99,1,4,1,B,6,0,0,0,0,0,0,0,0,0,0,998,998,0,0,0,2,12,999,999,999,9999999,999,999,999,8,0,3,14,1,3,0,998,0.0,6,6,999,27.5,2.5,27.6,468.1751928,7,7
25810,32,45,1-32-2022-045-03,3,1,1FT7W2BT1KEE,17,460,1805,60,0,12,481,2019,34,5,31,0,1,R,1,2938,5,9999,9,0,998,5,64,1,0,0,995,0,0,0,75068,9,9,1,1,4,1,1,1,1,1,0,1,0,0,1,8,1,2,9,0,1,2,17,1,1,1,5,L,87,0,0,0,0,0,0,0,0,0,0,0,300,0,0,0,1,3,15,3,-14,66017,998,96,21,0,4,95,95,95,95,0,995,9.8,998,998,998,99.8,99.8,99.8,2542.874253,7,7
25810,32,45,1-32-2022-045-03,3,2,19XFC2F59JE0,17,474,1863,13,0,37,31,2018,4,1,3,0,1,F,2,1244,5,0,1,1,18,2,64,1,0,0,995,0,0,0,76013,1,9,1,3,5,4,1,1,1,4,1,1,0,0,1,8,1,2,9,0,1,4,66,4,1,1,5,L,86,0,0,0,0,0,0,0,0,0,0,300,0,0,0,0,1,3,34,-32,11,25190,998,24,22,0,4,0,0,0,0,0,995,9.8,998,998,998,99.8,99.8,99.8,2542.874253,7,7
25811,66,34,1-66-2022-034-10,10,1,1GTEC14V7YE4,17,472,1857,60,0,23,481,2000,34,5,31,99,1,F,9,1836,5,9999,9,0,998,2,64,1,0,0,995,0,7,0,64834,9,9,2,4,2,1,2,2,1,1,0,0,0,0,1,2,0,0,9,0,1,2,14,2,2,4,1,C,14,0,0,0,0,0,0,0,0,0,0,998,998,0,1,0,1,0,999,999,999,9999999,999,999,999,9,0,99,99,0,99,0,998,0.0,999,15,120,3.4,0.0,3.4,208.9379154,6,7
25812,66,35,1-66-2022-035-09,9,1,1J4FN68S5SL6,17,483,1945,7,0,2,404,1995,14,3,14,99,1,U,9,1328,5,9999,9,0,998,2,64,1,0,0,995,0,7,0,65802,9,9,0,4,2,1,2,1,1,1,0,0,0,0,1,1,0,0,9,1,1,2,12,99,1,4,1,B,6,0,0,0,0,0,0,0,0,0,0,998,998,0,0,0,1,0,999,999,999,9999999,999,999,999,9,0,1,2,0,6,0,998,0.0,120,35,0,0.0,0.0,0.0,135.4934933,6,7
25813,16,35,1-16-2022-035-09,9,1,1J4GL48K67W6,17,483,1944,7,0,2,405,2007,14,3,14,0,1,F,2,1819,5,0,1,1,20,2,56,1,0,0,995,0,0,0,45214,9,9,0,4,4,2,2,2,1,1,3,2,0,0,3,2,0,0,1,0,1,3,50,8,1,1,2,D,20,0,0,0,0,0,0,0,0,0,0,90,75,0,0,0,2,3,27,-27,-5,58434,998,-23,27,0,4,99,99,0,5,0,995,9.8,998,998,998,99.8,99.8,99.8,1307.20841,5,7
25813,16,35,1-16-2022-035-09,9,2,4T1BF1FK5CU1,17,448,2469,13,0,49,40,2012,4,1,3,0,1,B,9,1441,5,9999,9,0,998,5,56,1,0,0,995,0,0,0,45238,9,9,0,4,4,2,2,2,1,1,3,2,0,0,3,2,0,0,1,0,5,3,53,1,1,1,2,D,22,0,0,0,0,0,0,0,0,0,0,75,90,0,0,0,1,0,999,999,999,9999999,999,999,999,9,0,95,95,95,95,0,995,9.8,998,998,998,99.8,99.8,99.8,1307.20841,5,7