CASEID,PSU,CASENO,CASENUMBER,CATEGORY,VEHNO,VIN,VINLENGTH,VPICMAKE,VPICMODEL,VPICBODYCLASS,ICFINALBODY,MAKE,MODEL,MODELYR,BODYTYPE,BODYCAT,VEHCLASS,SPECUSE,TRANSTAT,DAMPLANE,DAMSEV,CURBWT,CURBSRC,CARGOWT,CARGOSRC,INSPTYPE,INSPLAG,TOWED,SPEEDLIMIT,DRPRESENT,PARALCOHOL,ALCTEST,ALCTESTRESULT,ALCTESTSRC,PARDRUG,DRUGTEST,ZIP,RACE,ETHNICITY,RELTOJUNCT,TRAFFLOW,RDLANES,INITLANE,SURFTYPE,SURFCOND,ALIGNMENT,PROFILE,LINERIGHT,LINELEFT,RUMBINIT,RUMBROAD,LIGHTCOND,WEATHER,TRAFDEV,TRAFFUNCT,DISTRACT,PREFHE,PREMOVE,CRITCAT,CRITEVENT,MANEUVER,PRESTAB,PRELOC,CRASHCAT,CRASHCONF,CRASHTYPE,ROLLTYPE,ROLLTURN,ROLLINTRPT,ROLLPREMAN,ROLLINITYP,ROLLINLOC,ROLLOBJ,ROLLTRIP,ROLLDIR,ROLLDIST,DVANGTHIS,DVANGOTH,TOWHITCH,TRAJDOC,TREEPOLE,DVEVENT,DVBASIS,DVTOTAL,DVLONG,DVLAT,DVENERGY,DVSPEED,DVMOMENT,DVBES,DVEST,DVCONF,VAIS,VISS,VINJURED,VTREAT,INITOBJCLASS,HEADANGLECAT,SHLDRWIDTH,STRKLENGTH,STRKWIDTH,STRKHEIGHT,EDGEDISTX,EDGEDISTY,EDGEDISTZ,CASEWGT,PSUSTRAT,VERSION
25813,16,35,1-16-2022-035-09,9,3,2T3WF4DV0AW0,17,448,2217,7,0,49,402,2010,14,3,14,0,2,B,1,2180,5,9999,9,4,26,,,,,,,,,,,,,,,,,,,,,,,,,,,,,,,,,,,,,,,,,,,,,,,,,,,,,,,,,,,,,,,,,,95,95,95,95,,,,,,,,,,1307.20841,5,7
25815,18,36,1-18-2022-036-03,3,1,1GCNKNEC8JZ2,17,467,1850,60,0,20,481,2018,34,5,31,0,1,F,1,2431,5,0,1,1,58,2,56,1,0,0,995,0,0,0,54729,1,2,2,4,3,2,2,2,1,1,1,4,0,0,1,2,0,0,1,0,1,4,67,2,1,1,4,K,83,0,0,0,0,0,0,0,0,0,0,270,150,0,0,0,1,1,21,-21,0,59709,998,-7,25,0,4,0,0,0,0,0,995,9.8,998,998,998,99.8,99.8,99.8,125.8673834,6,7
25815,18,36,1-18-2022-036-03,3,2,1FTHF36G5TEB,17,460,1806,60,0,12,481,1996,34,5,31,0,1,L,1,2315,5,0,1,1,51,2,56,1,0,0,995,0,0,0,54729,1,9,2,4,3,2,2,2,1,1,0,0,0,0,1,2,2,2,1,0,11,2,15,99,1,1,4,K,82,0,0,0,0,0,0,0,0,0,0,150,270,0,0,0,1,1,22,-11,19,47443,998,-103,19,0,4,0,0,0,0,0,995,9.8,998,998,998,99.8,99.8,99.8,125.8673834,6,7
25816,18,37,1-18-2022-037-07,7,1,KNMAT2MT5HP5,17,478,1913,8,0,35,51,2017,6,1,3,0,1,F,9,1550,5,0,1,1,14,2,113,1,0,0,995,0,0,0,54904,1,9,0,1,2,1,2,1,1,9,1,3,2,3,2,8,0,0,9,0,1,6,87,2,1,1,1,C,13,0,0,0,0,0,0,0,0,0,0,998,998,0,0,0,1,12,999,999,999,9999999,999,999,999,9,0,0,0,0,0,0,998,9.8,998,998,998,99.8,99.8,99.8,963.1673708,6,7
25817,23,30,1-23-2022-030-04,4,1,3FA6P0LU8KR2,17,460,1780,13,0,12,23,2019,4,1,4,0,1,F,9,1797,5,9999,9,0,998,2,89,1,0,0,995,0,7,9,44827,9,9,0,4,2,1,2,1,1,1,1,2,0,0,1,1,0,0,9,1,1,2,13,99,9,4,1,A,1,0,0,0,0,0,0,0,0,0,0,998,998,0,0,0,1,0,999,999,999,9999999,999,999,999,9,0,0,0,0,0,0,998,0.6,29,51,93,5.4,1.6,5.8,1354.503453,5,7
25818,20,75,1-20-2022-075-01,1,1,1C6RR7VM4GS3,17,496,13620,60,0,7,482,2016,34,5,31,0,1,F,1,2443,5,0,1,1,74,2,105,1,1,8,997,8,0,0,94598,1,9,1,1,1,1,2,1,3,1,1,2,0,0,1,1,6,2,9,1,14,2,12,4,9,4,1,B,6,0,0,0,0,0,0,0,0,0,0,998,998,0,0,0,1,1,17,-8,15,59058,998,191,17,0,4,2,8,0,1,0,998,1.7,120,120,120,15.0,3.5,15.4,36.98580048,11,7
25820,20,77,1-20-2022-077-03,3,1,1C4PJLAB7GW3,17,483,1945,7,0,2,404,2016,14,3,14,0,1,F,1,1669,5,0,1,1,38,2,56,1,0,0,995,0,0,0,95023,1,9,0,3,2,1,2,1,1,2,0,3,0,0,1,1,0,0,3,0,1,3,50,3,1,1,2,D,20,0,0,0,0,0,0,0,0,0,0,310,310,0,0,0,1,3,12,-12,0,11599,998,-3,13,0,4,0,0,0,0,0,995,9.8,998,998,998,99.8,99.8,99.8,55.03962506,11,7
25820,20,77,1-20-2022-077-03,3,2,2HKRW5H37JH4,17,474,1865,7,0,37,402,2018,14,3,14,0,1,B,1,1502,5,0,1,1,18,2,56,1,0,0,995,0,0,0,95023,1,1,0,3,2,1,2,1,1,2,0,3,0,0,1,1,0,0,1,0,5,3,53,1,1,1,2,D,21,0,0,0,0,0,0,0,0,0,0,310,310,0,0,0,1,3,14,14,0,9995,998,0,13,0,4,1,1,0,4,0,995,9.8,998,998,998,99.8,99.8,99.8,55.03962506,11,7
25822,27,34,1-27-2022-034-05,5,1,1G2AL18F0873,17,536,4259,3,0,22,19,2008,2,1,2,0,1,F,2,1295,5,0,1,1,9,2,72,1,8,1,0,2,7,1,01247,1,2,2,4,3,1,2,2,3,1,1,1,0,0,1,2,1,2,9,0,14,3,52,1,1,1,2,D,28,0,0,0,0,0,0,0,0,0,0,185,185,0,0,0,1,1,36,-36,-6,61549,998,-15,33,0,1,2,5,0,4,0,995,9.8,998,998,998,99.8,99.8,99.8,13.2679623,3,7
25822,27,34,1-27-2022-034-05,5,2,2C4RDGBG5FR5,17,476,14832,2,0,7,442,2015,20,4,20,0,1,B,2,2050,5,0,1,1,9,2,72,1,8,0,995,0,7,0,01247,9,9,2,4,3,1,2,2,3,1,1,1,0,0,1,2,1,2,1,0,2,3,53,1,1,1,2,D,29,0,0,0,0,0,0,0,0,0,0,185,185,0,0,0,1,1,25,24,4,66756,998,-27,28,0,1,0,0,0,0,0,995,9.8,998,998,998,99.8,99.8,99.8,13.2679623,3,7
25822,27,34,1-27-2022-034-05,5,3,3C4PDDBG7DT7,17,476,1939,7,0,7,27,2013,6,1,4,0,1,B,1,1926,5,0,1,1,9,2,72,1,8,0,995,0,7,0,01247,9,9,2,4,2,1,2,2,3,1,1,1,0,0,1,2,1,2,1,0,5,3,53,1,1,1,6,M,98,0,0,0,0,0,0,0,0,0,0,180,185,0,0,0,2,3,18,18,0,30308,998,0,19,0,4,0,0,0,4,0,995,9.8,998,998,998,99.8,99.8,99.8,13.2679623,3,7
25822,27,34,1-27-2022-034-05,5,4,3N1AB7AP8GL6,17,478,1907,13,0,35,43,2016,4,1,3,0,1,B,9,1306,5,9999,9,0,998,5,72,1,8,9,998,8,7,9,01247,9,9,2,4,3,1,2,2,3,1,1,1,0,0,1,2,1,2,1,0,4,3,53,1,1,1,6,M,98,0,0,0,0,0,0,0,0,0,0,180,180,0,0,0,3,0,999,999,999,9999999,999,999,999,9,0,95,95,95,95,0,995,9.8,998,998,998,99.8,99.8,99.8,13.2679623,3,7
25823,27,35,1-27-2022-035-04,4,1,ZACNJBAB6LPL,17,483,6160,7,0,2,408,2020,14,3,14,0,1,F,1,1447,5,0,1,1,11,2,48,1,0,0,995,0,0,0,01201,9,9,2,4,2,1,2,1,1,1,1,2,0,0,1,1,1,2,9,0,1,3,50,4,1,1,2,D,20,0,0,0,0,0,0,0,0,0,0,190,180,0,0,0,1,3,15,-14,3,10026,998,-19,13,0,4,0,0,0,0,0,995,9.8,998,998,998,99.8,99.8,99.8,192.1736715,3,7
25823,27,35,1-27-2022-035-04,4,2,3C8FY68B22T2,17,477,3595,7,0,6,52,2002,6,1,2,0,1,B,1,1411,5,9999,9,4,18,2,48,1,0,0,995,0,0,0,01201,1,2,2,4,2,1,2,1,1,1,1,2,0,0,1,1,1,2,1,0,5,3,53,1,1,1,2,D,21,0,0,0,0,0,0,0,0,0,0,180,190,0,0,0,1,3,15,15,0,17635,998,-50,16,0,4,1,2,0,4,0,995,9.8,998,998,998,99.8,99.8,99.8,192.1736715,3,7
25824,21,29,1-21-2022-029-02,2,1,3FADP4BJ3KM1,17,460,3267,13,0,12,32,2019,4,1,1,0,1,F,1,1169,5,0,1,1,30,2,113,1,1,8,997,8,0,0,91010,1,9,1,2,2,1,2,1,3,9,1,3,2,3,1,1,0,0,9,0,14,3,51,4,2,1,2,D,24,0,0,0,0,0,0,0,0,0,0,75,75,0,0,0,1,5,999,999,999,9999999,999,999,11,2,0,1,1,0,4,0,995,9.8,998,998,998,99.8,99.8,99.8,52.34433849,11,7
25824,21,29,1-21-2022-029-02,2,2,3AKJHHDR0MSM,17,450,2501,66,0,82,881,2021,66,8,68,0,1,B,9,,,,,,,5,89,1,0,0,995,0,0,0,78363,9,9,1,2,2,1,2,1,3,9,1,3,0,1,1,1,0,0,1,0,14,3,53,1,1,1,2,D,25,,,,,,,,,,,,,,,,,,,,,,,,,,,95,95,95,95,,,9.8,998,998,998,99.8,99.8,99.8,52.34433849,11,7
25825,21,30,1-21-2022-030-01,1,1,1N4AA5AP7EC4,17,478,2302,13,0,35,39,2014,4,1,4,0,1,F,2,1621,5,9999,9,4,66,2,80,1,1,1,193,2,7,2,92405,9,9,2,4,5,2,2,1,1,1,1,1,0,0,3,1,1,2,9,0,1,2,17,99,1,1,5,L,86,0,0,0,0,0,0,0,0,0,0,340,70,0,0,0,1,98,999,999,999,9999999,999,999,999,7,0,2,5,0,3,0,995,0.0,20,15,20,0.0,0.0,0.0,98.34972799,11,7
25825,21,30,1-21-2022-030-01,1,2,3N1AB7AP0KY4,17,478,1907,13,0,35,43,2019,4,1,3,0,1,R,3,1315,5,9999,9,4,66,2,56,1,9,1,114,3,9,1,92316,1,2,2,4,3,1,2,1,1,1,0,1,0,0,3,1,1,2,9,0,1,4,66,99,1,1,5,L,87,0,0,0,0,0,0,0,0,0,0,70,340,0,0,0,1,98,999,999,999,9999999,999,999,999,8,0,4,34,2,1,0,995,9.8,998,998,998,99.8,99.8,99.8,98.34972799,11,7
25826,26,57,1-26-2022-057-03,3,1,19XFB2F50DE0,17,474,1863,13,0,37,31,2013,4,1,3,0,1,F,2,1236,5,0,1,1,15,2,72,1,0,0,995,0,0,0,95843,9,9,0,4,4,2,2,1,1,1,3,2,0,0,1,1,0,0,3,0,1,3,52,2,1,1,2,D,28,0,0,0,0,0,0,0,0,0,0,185,185,0,0,0,1,1,27,-27,0,32860,998,0,25,0,1,0,0,0,0,0,995,9.8,998,998,998,99.8,99.8,99.8,276.1004282,10,7
25826,26,57,1-26-2022-057-03,3,2,3N1AB8BV1LY2,17,478,1907,13,0,35,43,2020,4,1,3,0,1,B,1,1385,5,0,1,1,36,2,72,1,0,0,995,0,0,0,94806,9,1,0,4,4,2,2,1,1,1,3,2,0,0,1,1,0,0,1,0,2,3,53,1,1,1,2,D,29,0,0,0,0,0,0,0,0,0,0,185,185,0,0,0,1,1,22,22,0,32851,998,0,23,0,1,99,99,0,8,0,995,9.8,998,998,998,99.8,99.8,99.8,276.1004282,10,7
25826,26,57,1-26-2022-057-03,3,3,KM8R44HE7MU2,17,498,25847,7,0,55,422,2021,15,3,15,0,1,B,9,1880,5,9999,9,0,998,5,72,1,0,0,995,0,0,0,95843,9,9,0,4,4,2,2,1,1,1,3,2,0,0,1,1,0,0,1,0,5,3,53,1,1,1,6,M,98,0,0,0,0,0,0,0,0,0,0,185,185,0,0,0,2,0,999,999,999,9999999,999,999,999,9,0,95,95,95,95,0,995,9.8,998,998,998,99.8,99.8,99.8,276.1004282,10,7
25827,26,58,1-26-2022-058-03,3,1,2A8HR44E59R5,17,477,1936,2,0,6,441,2009,20,4,20,0,1,R,1,2096,5,0,1,1,11,2,89,1,0,0,995,0,0,0,95827,9,9,2,1,3,2,2,1,1,1,1,1,0,0,3,1,1,2,9,0,11,2,15,1,1,1,4,J,68,0,0,0,0,0,0,0,0,0,0,25,255,0,0,0,1,1,14,-12,-7,20561,998,-10,16,0,1,99,99,0,99,0,995,9.8,998,998,998,99.8,99.8,99.8,276.1004282,10,7
25827,26,58,1-26-2022-058-03,3,2,3FA6P0CD5KR2,17,460,1780,13,0,12,23,2019,4,1,4,0,1,F,1,1558,5,0,1,1,11,2,89,1,0,0,995,0,0,0,95828,9,1,2,1,3,1,2,1,1,1,3,1,0,0,3,1,1,2,1,0,1,4,62,2,9,1,4,J,69,0,0,0,0,0,0,0,0,0,0,255,25,0,0,0,1,1,19,-18,6,29440,998,103,18,0,1,99,99,0,99,0,995,9.8,998,998,998,99.8,99.8,99.8,276.1004282,10,7
25828,26,59,1-26-2022-059-02,2,1,5N1AZ2BJXMC1,17,478,1914,7,0,35,422,2021,15,3,15,0,1,F,3,1721,5,0,1,1,39,2,89,1,1,1,166,2,0,1,95683,1,9,0,4,2,1,2,1,3,1,0,2,0,0,2,1,0,0,9,1,14,2,13,99,1,4,1,A,1,0,0,0,0,0,0,0,0,0,0,998,998,0,1,1,5,11,999,999,999,9999999,999,999,999,8,0,3,17,1,3,0,998,0.0,24,24,999,21.5,0.2,21.5,23.93090457,10,7
25829,26,60,1-26-2022-060-05,5,1,2HKRM3H72GH5,17,474,1865,7,0,37,402,2016,14,3,14,0,1,F,3,1586,5,0,1,1,11,2,105,1,1,1,257,2,1,2,95826,1,9,0,3,1,1,2,1,3,4,1,2,0,0,3,1,0,0,9,1,14,2,13,99,1,4,1,A,1,1,3,2,6,1,3,61,1,2,14,998,998,0,0,0,1,1,41,-41,-7,110798,998,-22,41,0,3,2,5,0,3,3,998,0.8,109,50,-50,43.8,3.3,45.1,54.53360527,10,7
25830,76,39,1-76-2022-039-04,4,1,1VWBA7A35JC0,17,482,3134,13,0,30,46,2018,4,1,4,0,1,L,1,1480,5,0,1,1,67,2,89,1,8,9,998,8,7,9,13856,9,9,0,4,2,1,2,1,1,1,1,4,0,0,2,1,0,0,9,1,1,2,10,99,1,2,2,F,48,0,0,0,0,0,0,0,0,0,0,210,220,0,0,0,1,3,8,-7,3,5640,998,-45,9,0,4,0,0,0,0,0,995,2.4,120,15,74,0.9,0.1,0.9,41.89134602,3,7
25830,76,39,1-76-2022-039-04,4,2,4S3BL6162972,17,523,2232,13,0,48,34,2009,4,1,3,0,1,R,1,1532,8,9999,9,0,998,5,89,1,8,9,998,8,7,9,13856,9,9,0,4,2,1,2,1,1,1,1,4,0,0,2,1,0,0,9,1,15,4,61,99,1,1,2,F,48,0,0,0,0,0,0,0,0,0,0,220,210,0,0,0,1,3,8,7,-4,2686,998,-66,6,0,4,95,95,95,95,0,995,9.8,998,998,998,99.8,99.8,99.8,41.89134602,3,7
25831,76,40,1-76-2022-040-06,6,1,1C3CCCBB2GN1,17,477,2053,13,0,6,18,2016,4,1,3,0,1,F,1,1575,5,9999,9,4,61,2,89,1,8,9,998,8,7,9,12414,9,9,0,4,2,1,2,1,1,1,1,4,1,0,1,1,0,0,9,0,1,3,52,8,1,1,2,D,28,0,0,0,0,0,0,0,0,0,0,20,5,0,1,0,1,12,999,999,999,9999999,999,999,999,6,0,0,0,0,4,0,995,9.8,998,998,998,99.8,99.8,99.8,31.89515656,3,7
25831,76,40,1-76-2022-040-06,6,2,JN8AT2MV1LW1,17,478,1913,8,0,35,404,2020,14,3,14,0,1,B,9,1610,5,9999,9,0,998,5,89,1,8,9,998,8,7,9,12051,9,9,0,4,2,1,2,1,1,1,1,4,1,0,1,1,0,0,9,0,2,3,53,99,1,1,2,D,29,0,0,0,0,0,0,0,0,0,0,5,20,0,0,0,1,0,999,999,999,9999999,999,999,999,9,0,95,95,95,95,0,995,9.8,998,998,998,99.8,99.8,99.8,31.89515656,3,7
25832,30,40,1-30-2022-040-03,3,1,JA4AD3A32KJ0,17,481,2163,7,0,52,404,2019,14,3,14,0,1,F,2,1610,5,9999,9,4,128,2,64,1,9,9,998,8,9,9,85204,9,9,2,4,5,1,2,1,1,1,3,3,0,0,3,1,1,2,9,0,1,2,17,99,1,1,5,L,86,0,0,0,0,0,0,0,0,0,0,90,180,0,0,0,1,98,999,999,999,9999999,999,999,999,7,0,0,0,0,0,0,995,9.8,998,998,998,99.8,99.8,99.8,393.4374749,10,7
25832,30,40,1-30-2022-040-03,3,2,1G1FK1R67K01,17,467,1829,3,0,20,9,2019,2,1,4,0,1,R,2,1685,5,9999,9,4,128,2,64,1,9,9,998,8,9,9,85041,9,9,2,4,5,2,2,1,1,1,1,1,0,0,3,1,1,2,9,0,1,2,17,99,1,1,5,L,87,0,0,0,0,0,0,0,0,0,0,180,90,0,0,0,1,98,999,999,999,9999999,999,999,999,7,0,99,99,0,0,0,995,9.8,998,998,998,99.8,99.8,99.8,393.4374749,10,7
25833,30,41,1-30-2022-041-04,4,1,2HGFE2F53NH5,17,474,1863,13,0,37,31,2022,4,1,3,0,1,R,9,1313,5,9999,9,0,998,2,56,1,0,0,995,0,0,0,85043,9,9,2,1,4,3,2,1,1,1,1,0,0,0,1,1,0,0,1,0,11,2,15,99,1,1,4,J,68,0,0,0,0,0,0,0,0,0,0,210,90,0,0,0,1,0,999,999,999,9999999,999,999,999,9,0,0,0,0,0,0,995,9.8,998,998,998,99.8,99.8,99.8,1355.155871,10,7
25833,30,41,1-30-2022-041-04,4,2,KMHGC4DD6DU2,17,498,2774,13,0,55,41,2013,4,1,5,0,1,F,9,1768,5,9999,9,0,998,5,56,1,0,0,995,0,0,0,85027,9,9,2,1,4,3,2,1,1,1,3,1,0,0,1,1,0,0,1,0,1,4,62,99,1,1,4,J,69,0,0,0,0,0,0,0,0,0,0,90,210,0,0,0,1,0,999,999,999,9999999,999,999,999,9,0,95,95,95,95,0,995,9.8,998,998,998,99.8,99.8,99.8,1355.155871,10,7
25834,20,79,1-20-2022-079-04,4,1,1C6RR6LT3KS5,17,496,13620,60,0,7,482,2019,34,5,31,0,1,F,2,2277,5,9999,9,4,21,2,89,1,0,0,995,0,0,0,92231,9,1,0,4,2,1,2,1,2,2,1,2,0,0,1,1,0,0,1,1,14,1,3,99,2,4,1,B,7,0,0,0,0,0,0,0,0,0,0,998,998,0,0,0,1,12,999,999,999,9999999,999,999,999,7,0,0,0,0,0,0,998,0.2,120,120,120,5.5,3.9,6.8,275.0267532,11,7
25835,20,80,1-20-2022-080-03,3,1,5YJ3E1EC6NF1,17,441,17834,13,0,29,5,2022,4,1,4,0,1,F,9,1847,5,9999,9,0,998,2,40,1,0,0,995,0,0,0,93933,1,9,2,4,3,2,2,1,1,1,1,2,0,0,1,1,1,2,1,0,11,2,15,99,1,1,4,J,68,0,0,0,0,0,0,0,0,0,0,150,5,0,0,0,1,0,999,999,999,9999999,999,999,999,9,0,99,99,0,8,0,995,9.8,998,998,998,99.8,99.8,99.8,55.03962506,11,7
25835,20,80,1-20-2022-080-03,3,2,1C6SRFLT4LN1,17,496,13620,60,0,7,482,2020,34,5,31,0,1,F,9,2327,5,9999,9,0,998,2,40,1,0,0,995,0,0,0,93940,1,9,2,4,3,1,2,1,1,1,0,1,0,0,1,1,1,2,1,0,1,4,62,2,1,1,4,J,69,0,0,0,0,0,0,0,0,0,0,5,150,0,0,0,1,0,999,999,999,9999999,999,999,999,9,0,99,99,0,99,0,995,9.8,998,998,998,99.8,99.8,99.8,55.03962506,11,7
25838,54,40,1-54-2022-040-04,4,1,1FADP3F2XJL2,17,460,1779,13,0,12,37,2018,4,1,3,0,1,F,9,1340,5,9999,9,0,998,2,48,1,0,0,995,0,0,0,35654,1,2,0,4,2,1,2,1,1,1,1,2,0,0,1,8,0,0,1,0,1,3,50,2,1,1,2,D,20,0,0,0,0,0,0,0,0,0,0,95,95,0,0,0,1,0,999,999,999,9999999,999,999,999,9,0,2,5,0,4,0,995,9.8,998,998,998,99.8,99.8,99.8,517.9925917,9,7
25838,54,40,1-54-2022-040-04,4,2,2C3CCAEG0KH5,17,477,1878,13,0,6,51,2019,4,1,5,0,1,B,9,1797,5,9999,9,0,998,5,48,1,0,0,995,0,0,0,35582,9,9,0,4,2,1,2,1,1,1,1,2,0,0,1,8,0,0,9,0,5,3,53,99,1,1,2,D,21,0,0,0,0,0,0,0,0,0,0,95,95,0,0,0,1,0,999,999,999,9999999,999,999,999,9,0,95,95,95,95,0,995,9.8,998,998,998,99.8,99.8,99.8,517.9925917,9,7
25839,16,37,1-16-2022-037-03,3,1,5NPLP4AG6MH0,17,498,2735,13,0,55,35,2021,4,1,3,0,1,L,1,1236,5,9999,9,0,998,5,56,1,0,0,995,0,0,0,45213,9,9,2,4,5,1,2,1,1,1,0,0,0,0,1,1,1,2,1,0,1,2,17,99,1,1,5,L,89,0,0,0,0,0,0,0,0,0,0,350,50,0,0,0,2,3,22,-14,17,15950,998,53,17,0,4,95,95,95,95,0,995,9.8,998,998,998,99.8,99.8,99.8,307.4268338,5,7
25839,16,37,1-16-2022-037-03,3,2,JTDKDTB30E10,17,448,13823,5,0,49,46,2014,5,1,2,0,1,F,9,1135,5,9999,9,0,998,5,40,1,0,0,995,0,0,0,45243,9,9,2,4,6,2,2,1,1,1,1,1,0,0,1,1,1,2,1,0,1,4,66,99,1,1,5,L,88,0,0,0,0,0,0,0,0,0,0,105,10,0,0,0,1,0,999,999,999,9999999,999,999,999,9,0,95,95,95,95,0,995,9.8,998,998,998,99.8,99.8,99.8,307.4268338,5,7
25839,16,37,1-16-2022-037-03,3,3,5XYP34HC6NG2,17,499,25756,7,0,63,422,2022,15,3,15,0,1,R,1,1970,5,0,1,1,32,2,40,1,0,0,995,0,0,0,45243,9,9,2,4,5,2,2,1,1,1,1,1,0,0,1,1,1,2,1,0,11,4,66,99,1,1,6,M,98,0,0,0,0,0,0,0,0,0,0,50,350,0,0,0,2,3,13,-4,-12,23341,998,-16,17,0,4,99,99,0,0,0,995,9.8,998,998,998,99.8,99.8,99.8,307.4268338,5,7
25839,16,37,1-16-2022-037-03,3,4,3C4NJCBB9JT4,17,483,1946,7,0,2,1,2018,6,1,2,0,1,L,9,1444,5,9999,9,0,998,5,56,1,0,0,995,0,0,0,45140,9,9,2,1,2,2,2,1,2,1,3,2,0,0,1,1,1,2,1,0,14,4,62,99,1,1,6,M,98,0,0,0,0,0,0,0,0,0,0,170,330,0,0,0,3,0,999,999,999,9999999,999,999,999,9,0,95,95,95,95,0,995,9.8,998,998,998,99.8,99.8,99.8,307.4268338,5,7
25844,77,40,1-77-2022-040-06,6,1,1FADP3KE7GL3,17,460,1779,5,0,12,37,2016,5,1,3,0,1,F,1,1327,5,0,1,1,12,2,40,1,0,0,995,0,0,0,22968,9,9,2,4,2,1,2,1,1,1,0,2,0,0,1,1,2,2,1,0,1,2,17,1,1,1,5,L,88,0,0,0,0,0,0,0,0,0,0,100,30,0,0,0,1,1,14,-12,-7,23073,998,-83,17,0,1,0,0,0,4,0,995,9.8,998,998,998,99.8,99.8,99.8,1544.747596,9,7
25844,77,40,1-77-2022-040-06,6,2,5TDYK3DCXBS0,17,448,2468,2,0,49,442,2011,20,4,20,0,1,L,1,2045,5,0,1,1,12,2,40,1,0,0,995,0,0,0,22923,9,9,2,4,3,1,2,1,1,1,1,1,0,0,1,1,2,2,1,0,1,4,66,2,1,1,5,L,89,0,0,0,0,0,0,0,0,0,0,30,100,0,0,0,1,1,9,-2,9,6172,998,-158,6,0,1,0,0,0,0,0,995,9.8,998,998,998,99.8,99.8,99.8,1544.747596,9,7
25845,77,41,1-77-2022-041-03,3,1,4S4BSANC1J32,17,523,2233,7,0,48,45,2018,6,1,3,0,1,L,1,1614,5,0,1,1,6,2,72,1,0,0,995,0,0,0,22932,9,9,2,3,1,1,2,1,1,1,1,2,0,0,1,1,2,2,2,0,11,2,15,4,1,1,4,K,82,0,0,0,0,0,0,0,0,0,0,120,240,0,0,0,1,1,20,-13,15,37665,998,61,22,0,4,99,99,0,4,0,995,9.8,998,998,998,99.8,99.8,99.8,678.4291894,9,7
25845,77,41,1-77-2022-041-03,3,2,2D4RN5D10AR3,17,476,14832,2,0,7,442,2010,20,4,20,0,1,F,1,2038,5,0,1,1,10,2,72,1,0,0,995,0,0,0,22902,9,9,2,1,3,2,2,1,1,1,1,3,0,0,1,1,6,2,1,0,1,4,67,3,1,1,4,K,83,0,0,0,0,0,0,0,0,0,0,240,120,0,0,0,1,1,16,-15,-3,13946,998,11,13,0,4,9,97,0,8,0,995,9.8,998,998,998,99.8,99.8,99.8,678.4291894,9,7
25846,54,41,1-54-2022-041-03,3,1,ML32FUFJ8NHF,17,481,13842,13,0,52,48,2022,4,1,1,0,1,T,1,940,5,0,1,1,6,2,64,1,0,0,995,0,0,0,35633,1,9,0,4,2,1,2,1,3,1,1,2,0,0,1,8,0,0,9,1,14,4,62,8,1,4,1,A,3,1,4,2,2,1,4,61,1,2,24,997,997,0,1,0,2,6,999,999,999,9999999,999,999,999,6,0,1,2,0,4,3,997,0.1,52,120,-88,15.0,2.0,15.0,283.9665992,9,7
25847,54,42,1-54-2022-042-03,3,1,3C6UR5PL9HG6,17,496,13621,60,0,7,482,2017,34,5,31,0,1,R,9,9999,9,9999,9,0,998,5,72,1,0,0,995,0,0,0,35565,9,9,3,1,2,2,2,1,1,1,3,2,0,0,1,1,0,0,2,0,11,2,15,99,1,1,4,J,68,0,0,0,0,0,0,0,0,0,0,300,215,0,0,0,1,0,999,999,999,9999999,999,999,999,9,0,95,95,95,95,0,995,9.8,998,998,998,99.8,99.8,99.8,283.9665992,9,7
25847,54,42,1-54-2022-042-03,3,2,5J6RW1H87KA0,17,474,1865,7,0,37,402,2019,14,3,14,0,1,F,1,1502,5,0,1,1,6,2,72,1,0,0,995,0,0,0,38827,1,9,3,1,2,1,2,1,1,1,1,3,0,0,1,1,0,0,9,0,1,4,62,4,1,1,4,J,69,0,0,0,0,0,0,0,0,0,0,215,300,0,0,0,1,12,999,999,999,9999999,999,999,999,6,0,1,1,0,4,0,995,9.8,998,998,998,99.8,99.8,99.8,283.9665992,9,7
25848,59,26,1-59-2022-026-03,3,1,1FADP3E28JL2,17,460,1779,13,0,12,37,2018,4,1,3,0,1,F,1,1340,5,0,1,1,6,2,48,1,0,0,995,0,0,0,47802,9,9,0,4,4,1,2,1,1,1,0,3,0,0,3,1,0,0,9,0,1,4,60,4,1,1,2,F,45,0,0,0,0,0,0,0,0,0,0,998,998,0,1,1,2,1,18,-17,-3,16838,998,5,18,0,4,9,97,0,99,0,998,0.0,60,60,70,3.4,1.0,3.5,435.0236029,6,7
25848,59,26,1-59-2022-026-03,3,2,1FMCU03156KA,17,460,1798,7,0,12,402,2006,14,3,14,0,1,R,9,1496,5,9999,9,0,998,5,48,1,0,0,995,0,0,0,47850,9,9,0,4,4,2,2,1,1,1,3,2,0,0,3,1,0,0,9,1,6,2,11,99,1,2,2,F,46,0,0,0,0,0,0,0,0,0,0,15,5,0,0,0,1,0,999,999,999,9999999,999,999,999,9,0,95,95,95,95,0,995,9.8,998,998,998,99.8,99.8,99.8,435.0236029,6,7