CASEID,PSU,CASENO,CASENUMBER,CATEGORY,VEHNO,VIN,VINLENGTH,VPICMAKE,VPICMODEL,VPICBODYCLASS,ICFINALBODY,MAKE,MODEL,MODELYR,BODYTYPE,BODYCAT,VEHCLASS,SPECUSE,TRANSTAT,DAMPLANE,DAMSEV,CURBWT,CURBSRC,CARGOWT,CARGOSRC,INSPTYPE,INSPLAG,TOWED,SPEEDLIMIT,DRPRESENT,PARALCOHOL,ALCTEST,ALCTESTRESULT,ALCTESTSRC,PARDRUG,DRUGTEST,ZIP,RACE,ETHNICITY,RELTOJUNCT,TRAFFLOW,RDLANES,INITLANE,SURFTYPE,SURFCOND,ALIGNMENT,PROFILE,LINERIGHT,LINELEFT,RUMBINIT,RUMBROAD,LIGHTCOND,WEATHER,TRAFDEV,TRAFFUNCT,DISTRACT,PREFHE,PREMOVE,CRITCAT,CRITEVENT,MANEUVER,PRESTAB,PRELOC,CRASHCAT,CRASHCONF,CRASHTYPE,ROLLTYPE,ROLLTURN,ROLLINTRPT,ROLLPREMAN,ROLLINITYP,ROLLINLOC,ROLLOBJ,ROLLTRIP,ROLLDIR,ROLLDIST,DVANGTHIS,DVANGOTH,TOWHITCH,TRAJDOC,TREEPOLE,DVEVENT,DVBASIS,DVTOTAL,DVLONG,DVLAT,DVENERGY,DVSPEED,DVMOMENT,DVBES,DVEST,DVCONF,VAIS,VISS,VINJURED,VTREAT,INITOBJCLASS,HEADANGLECAT,SHLDRWIDTH,STRKLENGTH,STRKWIDTH,STRKHEIGHT,EDGEDISTX,EDGEDISTY,EDGEDISTZ,CASEWGT,PSUSTRAT,VERSION
25849,59,27,1-59-2022-027-03,3,1,5NPET4ACXAH6,17,498,2459,13,0,55,33,2010,4,1,3,0,1,F,1,1493,5,0,1,1,3,2,48,1,0,0,995,0,0,0,47804,9,9,2,4,4,2,2,2,1,1,1,2,0,0,3,1,1,2,9,0,11,2,15,99,1,1,4,J,68,0,0,0,0,0,0,0,0,0,0,90,300,0,0,0,1,1,19,-19,-3,31394,998,-43,22,0,4,0,0,0,0,0,995,9.8,998,998,998,99.8,99.8,99.8,435.0236029,6,7
25849,59,27,1-59-2022-027-03,3,2,1FMCU0GD5JUA,17,460,1798,7,0,12,402,2018,14,3,14,0,1,F,1,1611,5,0,1,1,3,2,48,1,8,1,0,1,0,0,47713,9,9,2,4,3,1,2,2,1,1,0,1,0,0,3,1,1,2,9,0,1,4,62,8,1,1,4,J,69,0,0,0,0,0,0,0,0,0,0,300,90,0,0,0,1,1,17,-16,6,14507,998,13,15,0,4,9,97,0,5,0,995,9.8,998,998,998,99.8,99.8,99.8,435.0236029,6,7
25851,17,39,1-17-2022-039-08,8,1,2G1FC1EV1A91,17,467,1829,3,0,20,9,2010,2,1,4,0,1,F,9,1700,5,0,1,1,7,2,113,1,9,1,0,2,9,1,52401,2,9,0,1,2,2,2,1,3,9,3,2,1,3,2,1,0,0,9,1,14,6,87,7,9,4,1,B,8,0,0,0,0,0,0,0,0,0,0,998,998,0,0,9,2,12,999,999,999,9999999,999,999,999,9,0,3,14,2,3,0,998,1.6,999,999,999,99.9,99.9,99.9,159.7803865,4,7
25852,17,40,1-17-2022-040-07,7,1,3FA6P0HD3FR1,17,460,1780,13,0,12,23,2015,4,1,4,0,1,B,9,1783,5,0,1,1,4,2,113,1,9,0,995,0,9,0,52730,9,9,1,1,3,1,2,1,2,9,1,2,0,3,1,1,6,2,9,0,16,3,53,99,1,1,2,D,25,0,0,0,0,0,0,0,0,0,0,345,345,0,0,0,1,5,999,999,999,9999999,999,999,999,9,0,0,0,0,0,0,995,9.8,998,998,998,99.8,99.8,99.8,864.2316628,4,7
25852,17,40,1-17-2022-040-07,7,2,1GC3YLEY3LF2,17,467,1850,60,0,20,880,2020,67,8,60,0,1,F,9,,,,,,,5,113,1,9,0,995,0,9,0,61238,9,9,1,1,3,2,2,1,1,9,1,3,2,3,1,1,6,2,9,0,1,3,51,99,1,1,2,D,24,,,,,,,,,,,,,,,,,,,,,,,,,,,95,95,95,95,,,9.8,998,998,998,99.8,99.8,99.8,864.2316628,4,7
25853,19,70,1-19-2022-070-08,8,1,1GCDC14K2KE1,17,467,10978,60,0,20,481,1989,34,5,31,0,1,F,3,1710,5,0,1,1,4,2,105,1,0,1,0,2,0,2,35904,1,9,2,1,3,3,2,1,1,1,3,2,1,1,1,1,1,2,3,0,1,3,50,99,1,1,2,D,20,0,0,0,0,0,0,0,0,0,0,190,190,0,1,0,1,1,48,-48,0,156242,998,15,47,0,1,2,9,0,4,0,995,9.8,998,998,998,99.8,99.8,99.8,92.02226544,9,7
25853,19,70,1-19-2022-070-08,8,2,1GNEC13Z63J2,17,467,1852,7,0,20,421,2003,15,3,15,0,1,B,2,2211,5,0,4,1,4,2,105,1,0,0,995,0,0,0,35901,2,9,2,1,3,3,2,1,1,1,3,2,1,1,1,1,1,2,1,0,5,3,53,1,1,1,2,D,21,0,0,0,0,0,0,0,0,0,0,190,190,0,1,0,1,1,38,38,0,131004,998,-9,38,0,1,1,1,0,4,0,995,9.8,998,998,998,99.8,99.8,99.8,92.02226544,9,7
25854,19,71,1-19-2022-071-09,9,1,2G1AN69H5C12,17,467,9115,13,0,20,2,1982,4,1,5,0,1,L,3,1610,8,9999,9,0,998,2,56,1,0,0,995,0,0,0,35901,2,9,3,4,2,1,1,1,1,1,0,2,0,0,3,1,0,0,9,0,10,2,16,99,1,1,4,K,78,0,0,0,0,0,0,0,0,0,0,230,270,0,0,0,1,3,41,27,32,260775,998,129,48,0,4,1,2,0,6,0,995,9.8,998,998,998,99.8,99.8,99.8,458.5389941,9,7
25854,19,71,1-19-2022-071-09,9,2,JT3GN86R7V00,17,448,2216,7,0,49,401,1997,14,3,14,0,1,F,3,1617,5,0,1,1,8,2,56,1,0,0,995,0,0,0,35903,9,1,3,5,4,2,2,1,3,1,1,2,0,0,3,1,0,0,9,0,14,4,70,99,1,1,4,K,79,0,0,0,0,0,0,0,0,0,0,270,230,0,0,0,1,3,43,-43,-8,59435,998,-28,29,0,4,0,0,0,0,0,995,9.8,998,998,998,99.8,99.8,99.8,458.5389941,9,7
25855,19,72,1-19-2022-072-06,6,1,3GNEK18RXVG1,17,467,1852,7,0,20,421,1997,15,3,15,0,1,R,1,2208,5,600,1,3,8,2,72,1,0,0,995,0,0,0,35901,1,2,2,1,4,2,2,1,1,1,3,3,0,0,1,1,1,2,3,0,1,2,17,3,1,1,4,K,83,0,0,0,0,0,0,0,0,0,0,90,320,0,1,0,1,3,13,-11,-7,47473,998,100,17,0,4,1,1,0,0,0,995,9.8,998,998,998,99.8,99.8,99.8,199.4417839,9,7
25855,19,72,1-19-2022-072-06,6,2,19UUB3F73GA0,17,475,5354,13,0,54,44,2016,4,1,4,0,1,F,1,1700,5,0,1,1,7,2,40,1,0,0,995,0,0,0,35901,1,2,2,4,2,1,2,1,1,4,1,2,0,0,1,1,1,2,1,0,11,4,66,2,1,1,4,K,82,0,0,0,0,0,0,0,0,0,0,320,90,0,1,0,1,3,22,-20,7,29365,998,102,17,0,4,0,0,0,0,0,995,9.8,998,998,998,99.8,99.8,99.8,199.4417839,9,7
25856,19,73,1-19-2022-073-03,3,1,MAJ3S2GE2MC4,17,460,17774,7,0,12,403,2021,14,3,14,0,1,L,1,1370,5,9999,9,0,998,5,72,1,0,0,995,0,0,0,35096,9,9,2,4,6,2,2,1,2,1,3,3,0,0,1,1,1,2,9,1,15,2,10,99,1,2,2,F,47,0,0,0,0,0,0,0,0,0,0,70,75,0,0,0,1,3,4,-1,3,493,998,-52,3,0,4,95,95,95,95,0,995,9.8,998,998,998,99.8,99.8,99.8,87.59173871,9,7
25856,19,73,1-19-2022-073-03,3,2,3GNAXJEVXJS5,17,467,1847,7,0,20,404,2018,14,3,14,0,1,R,1,1508,5,0,1,1,5,2,72,1,0,0,995,0,0,0,35901,1,2,2,4,6,3,2,1,2,1,3,3,0,0,1,1,1,2,1,0,14,4,61,1,1,1,2,F,45,0,0,0,0,0,0,0,0,0,0,75,70,0,0,0,1,3,3,1,-3,926,998,-21,4,0,4,1,3,0,4,0,995,9.8,998,998,998,99.8,99.8,99.8,87.59173871,9,7
25858,25,30,1-25-2022-030-03,3,1,4S3BNAN68K30,17,523,2232,13,0,48,34,2019,4,1,3,0,1,L,2,1543,5,0,1,1,8,2,56,1,0,0,995,0,0,0,04039,9,9,2,4,2,1,2,1,1,1,0,0,0,0,1,1,2,2,1,0,11,2,15,4,1,1,4,K,82,0,0,0,0,0,0,0,0,0,0,65,175,0,1,0,1,1,26,-20,17,11954,998,8,14,0,1,1,1,0,5,0,995,9.8,998,998,998,99.8,99.8,99.8,65.35802692,2,7
25858,25,30,1-25-2022-030-03,3,2,5TDBK3EH7BS0,17,448,2213,7,0,49,403,2011,14,3,14,0,1,F,1,1745,5,0,1,1,9,2,80,1,0,0,995,0,0,0,04021,9,9,2,4,2,1,2,1,1,3,1,2,0,0,1,1,0,0,1,0,1,4,67,2,1,1,4,K,83,0,0,0,0,0,0,0,0,0,0,175,65,0,1,0,1,1,23,-20,-11,84135,998,-105,28,0,1,1,1,0,5,0,995,9.8,998,998,998,99.8,99.8,99.8,65.35802692,2,7
25859,25,31,1-25-2022-031-07,7,1,3C4PDDGG1FT6,17,476,1939,7,0,7,27,2015,6,1,4,0,1,T,2,1926,5,0,1,5,3,2,40,1,8,0,995,0,7,0,04240,9,9,0,4,2,1,2,1,3,1,0,2,0,0,4,1,0,0,1,1,14,6,87,8,1,4,1,A,3,0,0,0,0,0,0,0,0,0,0,998,998,0,1,1,1,7,999,999,999,9999999,999,999,999,7,0,0,0,0,0,0,998,0.0,41,44,120,6.2,2.3,6.6,562.2273593,2,7
25861,24,67,1-24-2022-067-06,6,1,4T1BE46K69U8,17,448,2469,13,0,49,40,2009,4,1,4,0,1,R,3,1500,5,9999,9,4,31,2,40,1,0,0,995,0,0,0,08234,5,2,2,4,2,1,2,1,1,1,0,0,0,0,1,1,2,2,3,0,1,2,17,99,1,1,5,L,87,0,0,0,0,0,0,0,0,0,0,120,40,0,0,0,1,3,41,-14,-39,149122,998,57,46,0,4,1,2,0,4,0,995,1.4,999,999,999,2.8,1.0,2.9,264.7261946,1,7
25861,24,67,1-24-2022-067-06,6,2,5TFDY5F15EX3,17,448,2467,60,0,49,482,2014,34,5,31,0,1,F,1,2575,5,0,1,1,19,2,64,1,0,0,995,0,0,0,08221,9,9,2,4,2,1,2,1,1,1,1,2,0,0,1,1,0,0,9,0,1,4,66,98,1,1,5,L,86,0,0,0,0,0,0,0,0,0,0,40,120,0,0,0,1,3,24,-20,12,63055,998,125,20,0,4,1,2,0,4,0,995,9.8,998,998,998,99.8,99.8,99.8,264.7261946,1,7
25862,24,68,1-24-2022-068-03,3,1,5NPE24AF2FH2,17,498,2459,13,0,55,33,2015,4,1,4,0,1,F,3,1475,5,0,1,1,12,2,0,1,0,0,995,0,0,0,08037,9,9,3,3,1,1,4,2,1,1,0,0,0,0,1,2,0,0,9,0,11,2,15,10,1,1,4,K,82,0,0,0,0,0,0,0,0,0,0,0,120,0,0,0,1,3,48,-42,24,178382,998,93,46,0,4,0,0,0,0,0,995,9.8,998,998,998,99.8,99.8,99.8,123.2321468,1,7
25862,24,68,1-24-2022-068-03,3,2,1N4AL3AP6JC1,17,478,1904,13,0,35,47,2018,4,1,4,0,1,F,3,1453,5,0,1,1,18,2,80,1,0,0,995,0,0,0,08201,3,2,3,4,4,1,2,2,1,1,1,3,0,0,1,2,0,0,1,0,1,4,72,3,1,1,4,K,83,0,0,0,0,0,0,0,0,0,0,120,0,0,0,0,1,3,47,-41,-24,175654,998,-55,50,0,4,2,5,0,4,0,995,9.8,998,998,998,99.8,99.8,99.8,123.2321468,1,7
25863,24,69,1-24-2022-069-07,7,1,1C3CDFBB3GD5,17,476,2054,13,0,7,29,2016,4,1,3,0,1,F,1,1445,5,0,1,1,29,2,40,1,0,0,995,0,0,0,08349,9,9,0,4,2,1,2,1,1,1,0,0,0,0,3,1,0,0,3,1,1,2,11,3,9,4,1,C,11,0,0,0,0,0,0,0,0,0,0,200,20,0,0,0,1,8,999,999,999,9999999,999,999,999,6,0,0,0,0,0,0,995,9.8,998,998,998,99.8,99.8,99.8,875.7370312,1,7
25863,24,69,1-24-2022-069-07,7,2,WAULL44E46N0,17,582,3151,13,0,32,44,2006,4,1,5,0,2,F,9,1945,5,9999,9,0,998,,,,,,,,,,,,,,,,,,,,,,,,,,,,,,,,,,,,,,,,,,,,,,,,,,,,,,,,,,,,,,,,,,95,95,95,95,,,,,,,,,,875.7370312,1,7
25864,14,38,1-14-2022-038-03,3,1,1C6RD7LT8CS3,17,476,1938,60,0,7,482,2012,34,5,31,0,1,L,1,2404,5,0,1,1,9,2,105,1,0,0,995,0,0,0,78251,1,9,2,4,3,2,2,1,2,1,1,2,0,0,2,1,2,2,3,0,11,2,15,99,1,1,4,K,82,0,0,0,0,0,0,0,0,0,0,200,300,0,0,0,1,3,23,-4,23,83628,998,-30,28,0,4,99,99,0,0,0,995,1.9,999,999,999,10.7,10.7,15.1,1776.227517,8,7
25864,14,38,1-14-2022-038-03,3,2,3C6UR5DL1KG6,17,496,13621,60,0,7,482,2019,34,5,30,0,1,F,1,3022,5,0,1,1,25,2,105,1,0,0,995,0,0,0,78006,1,9,2,4,2,1,2,1,3,4,1,2,3,3,2,1,0,0,9,0,14,4,67,1,1,1,4,K,83,0,0,0,0,0,0,0,0,0,0,300,200,0,0,0,1,3,20,-20,0,31303,998,63,15,0,4,99,99,0,0,0,995,9.8,998,998,998,99.8,99.8,99.8,1776.227517,8,7
25865,14,39,1-14-2022-039-01,1,1,1GNER13D79S1,17,467,1853,7,0,20,24,2009,6,1,5,0,1,F,3,2145,5,9999,9,5,13,2,48,1,9,1,199,3,0,2,78133,1,1,0,4,2,1,2,1,2,1,0,2,0,0,2,8,6,2,9,1,14,2,12,99,9,4,1,B,6,0,0,0,0,0,0,0,0,0,0,998,998,0,0,1,4,11,999,999,999,9999999,999,999,999,8,0,6,75,1,1,0,998,0.0,999,999,999,10.6,2.6,11.4,235.5944962,8,7
25866,52,57,1-52-2022-057-03,3,1,KL7CJLSB5GB6,17,467,10988,7,0,20,406,2016,14,3,14,0,1,L,1,1382,5,0,1,1,43,2,56,1,0,0,995,0,0,0,59102,9,9,2,4,2,1,2,1,1,1,0,2,0,0,1,8,1,2,2,0,10,2,16,1,1,1,4,K,78,0,0,0,0,0,0,0,0,0,0,130,180,0,0,0,1,3,5,2,4,3083,998,161,5,0,4,1,1,0,4,0,995,9.8,998,998,998,99.8,99.8,99.8,20.16576703,12,7
25866,52,57,1-52-2022-057-03,3,2,2T3DFREV5EW1,17,448,2217,7,0,49,402,2014,14,3,14,0,1,F,1,1615,5,9999,9,0,998,5,56,1,0,0,995,0,0,0,98516,9,9,2,1,4,1,2,1,2,1,0,1,0,0,1,8,1,2,9,0,14,4,65,99,1,1,4,K,79,0,0,0,0,0,0,0,0,0,0,180,130,0,0,0,1,3,4,-4,-1,1501,998,-69,4,0,4,95,95,95,95,0,995,9.8,998,998,998,99.8,99.8,99.8,20.16576703,12,7
25867,52,58,1-52-2022-058-07,7,1,1G11C5SL0FU1,17,467,1834,13,0,20,37,2015,4,1,3,0,1,9,9,1625,5,0,1,6,14,2,56,1,0,0,995,0,0,0,59102,9,9,3,4,2,1,2,1,1,2,0,0,0,0,1,1,0,0,9,0,11,2,15,99,1,1,4,K,76,0,0,0,0,0,0,0,0,0,0,240,180,0,0,0,1,12,999,999,999,9999999,999,999,999,9,0,0,0,0,0,0,995,9.8,998,998,998,99.8,99.8,99.8,145.1485233,12,7
25867,52,58,1-52-2022-058-07,7,2,1B7GG22X2YS7,17,476,1941,60,0,7,472,2000,34,5,31,0,1,L,9,1826,5,9999,9,0,998,5,56,1,9,0,995,0,9,0,59105,9,9,3,4,5,2,2,1,1,1,3,2,0,0,1,1,0,0,9,0,1,4,70,99,1,1,4,K,77,0,0,0,0,0,0,0,0,0,0,180,240,0,0,0,1,0,999,999,999,9999999,999,999,999,9,0,95,95,95,95,0,995,9.8,998,998,998,99.8,99.8,99.8,145.1485233,12,7
25868,52,59,1-52-2022-059-03,3,1,5TDXBRCH9MS0,17,448,2213,7,0,49,403,2021,14,3,14,0,1,F,1,2065,5,0,1,1,9,2,56,1,0,0,995,0,0,0,59106,1,2,2,1,3,3,2,1,1,1,1,0,0,0,1,8,1,2,1,0,11,2,15,9,1,1,4,J,68,0,0,0,0,0,0,0,0,0,0,230,100,0,0,0,1,3,13,-11,-6,17089,998,-158,10,0,4,1,1,0,0,0,995,9.8,998,998,998,99.8,99.8,99.8,20.16576703,12,7
25868,52,59,1-52-2022-059-03,3,2,4A4JN2AS2AE0,17,481,2167,7,0,52,402,2010,14,3,14,0,1,L,1,1850,5,9999,9,4,11,2,56,1,0,0,995,0,0,0,59106,9,9,2,1,3,1,2,1,1,1,1,1,0,0,1,8,1,2,9,0,1,4,62,8,1,1,4,J,69,0,0,0,0,0,0,0,0,0,0,100,230,0,0,0,1,3,14,-13,5,31499,998,-84,18,0,4,0,0,0,0,0,995,9.8,998,998,998,99.8,99.8,99.8,20.16576703,12,7
25869,52,60,1-52-2022-060-03,3,1,JT4RN81R6K50,17,448,14263,60,0,49,471,1989,34,5,31,0,1,L,2,1254,5,0,1,1,6,2,56,1,1,1,188,2,7,0,59101,1,2,1,1,1,1,2,1,2,1,1,3,0,0,1,1,0,0,9,1,14,2,12,99,9,7,2,F,48,0,0,0,0,0,0,0,0,0,0,295,350,0,0,0,1,12,999,999,999,9999999,999,999,999,7,0,2,5,0,3,0,995,9.8,998,998,998,99.8,99.8,99.8,20.16576703,12,7
25869,52,60,1-52-2022-060-03,3,2,3TMCZ5AN3JM1,17,448,2223,60,0,49,472,2018,34,5,31,0,1,F,1,1984,5,0,1,1,7,2,56,1,0,0,995,0,0,0,59019,1,1,1,1,2,2,2,1,2,1,3,2,0,0,1,1,0,0,9,0,14,4,61,8,2,1,2,F,48,0,0,0,0,0,0,0,0,0,0,350,295,0,0,0,1,12,999,999,999,9999999,999,999,999,2,0,1,1,0,4,0,995,9.8,998,998,998,99.8,99.8,99.8,20.16576703,12,7
25869,52,60,1-52-2022-060-03,3,3,1C4RDJDG6FC2,17,476,3508,7,0,7,422,2015,15,3,15,0,1,L,1,2262,5,0,1,1,6,2,56,1,0,0,995,0,0,0,59101,9,9,1,1,2,2,2,1,2,1,3,2,0,0,1,1,0,0,9,0,14,4,62,99,1,1,6,M,98,0,0,0,0,0,0,0,0,0,0,350,90,0,0,0,6,3,10,-5,9,23589,998,-197,10,0,4,9,97,0,0,0,995,9.8,998,998,998,99.8,99.8,99.8,20.16576703,12,7
25869,52,60,1-52-2022-060-03,3,4,3GCPWCED3KG1,17,467,1850,60,0,20,481,2019,34,5,31,0,1,F,1,2087,5,0,1,1,6,2,56,1,0,0,995,0,0,0,59101,1,1,1,1,3,3,2,1,3,2,3,2,0,0,1,1,0,0,1,0,14,4,62,4,1,1,6,M,98,0,0,0,0,0,0,0,0,0,0,190,280,0,0,0,2,1,11,-9,7,23372,998,113,14,0,1,0,0,0,4,0,995,9.8,998,998,998,99.8,99.8,99.8,20.16576703,12,7
25869,52,60,1-52-2022-060-03,3,5,1G1BD5SM7H71,17,467,1832,13,0,20,25,2017,4,1,3,0,1,9,9,1250,5,9999,9,0,998,5,56,1,0,0,995,0,0,0,59102,9,9,1,1,3,2,2,1,3,2,3,3,0,0,1,1,0,0,9,0,14,4,60,99,1,1,6,M,98,0,0,0,0,0,0,0,0,0,0,170,200,0,0,0,4,0,999,999,999,9999999,999,999,999,9,0,95,95,95,95,0,995,9.8,998,998,998,99.8,99.8,99.8,20.16576703,12,7
25869,52,60,1-52-2022-060-03,3,6,2T2BZMCAXKC1,17,515,2214,7,0,59,403,2019,14,3,14,0,1,9,9,2020,5,9999,9,0,998,5,56,1,0,0,995,0,0,0,59101,9,9,1,1,3,1,2,1,3,2,1,3,0,0,1,1,0,0,9,0,14,4,60,99,1,1,6,M,98,0,0,0,0,0,0,0,0,0,0,170,190,0,0,0,5,0,999,999,999,9999999,999,999,999,9,0,95,95,95,95,0,995,9.8,998,998,998,99.8,99.8,99.8,20.16576703,12,7
25870,28,37,1-28-2022-037-03,3,1,1FMCU9HD3JUB,17,460,1798,7,0,12,402,2018,14,3,14,0,1,F,3,1668,5,0,1,5,24,2,89,1,0,0,995,0,0,0,16937,1,2,3,4,2,1,2,1,1,2,1,2,3,3,1,1,0,0,3,0,11,2,15,1,1,1,4,J,68,0,0,0,0,0,0,0,0,0,0,60,250,0,0,0,1,1,55,-55,0,276432,998,-24,63,0,1,1,1,0,4,0,995,9.8,998,998,998,99.8,99.8,99.8,42.92651254,3,7
25870,28,37,1-28-2022-037-03,3,2,1FTEW1EP0KFB,17,460,1801,60,0,12,481,2019,34,5,31,0,1,F,3,2130,5,0,1,1,19,2,89,1,0,0,995,0,0,0,16901,1,2,3,4,2,1,2,1,1,1,1,2,3,3,1,1,0,0,1,0,1,4,62,1,1,1,4,J,69,0,0,0,0,0,0,0,0,0,0,250,60,0,0,0,1,1,42,-42,7,92407,998,-12,32,0,1,2,6,0,3,0,995,9.8,998,998,998,99.8,99.8,99.8,42.92651254,3,7
25871,28,38,1-28-2022-038-09,9,1,1G1JB5SHXC41,17,467,1835,13,0,20,28,2012,4,1,1,0,1,F,3,1237,5,0,1,1,11,2,89,1,1,1,135,2,0,1,16950,1,2,0,4,2,1,2,1,1,1,1,2,1,0,5,8,0,0,3,1,1,2,13,1,1,4,1,A,1,0,0,0,0,0,0,0,0,0,0,998,998,0,0,0,1,1,51,-50,-9,136488,998,-29,51,0,4,1,1,0,4,0,998,1.4,120,42,77,10.8,1.2,10.9,138.1147385,3,7
25872,13,69,1-13-2022-069-01,1,1,1ZVFT80NX552,17,460,1781,3,0,12,3,2005,2,1,3,0,1,R,9,1497,5,9999,9,0,998,2,72,1,8,1,0,2,7,2,76010,9,1,0,1,2,1,2,2,1,4,0,3,0,0,3,2,4,2,9,1,6,2,12,99,4,4,1,B,7,0,0,0,0,0,0,0,0,0,0,998,998,0,0,1,1,0,999,999,999,9999999,999,999,999,9,0,4,21,1,1,0,998,0.0,64,67,120,11.0,2.1,11.3,114.3285243,7,7
25874,13,71,1-13-2022-071-02,2,1,KNALD1258751,17,499,5500,13,0,63,35,2007,4,1,4,0,1,F,1,1710,5,0,1,1,7,2,72,1,8,0,995,0,7,0,75054,1,9,2,4,2,1,2,1,1,1,0,0,0,0,1,1,0,0,9,0,1,2,17,99,1,1,5,L,88,0,0,0,0,0,0,0,0,0,0,70,350,0,0,0,1,1,19,-14,-12,62685,998,-127,23,0,1,9,97,0,0,0,995,9.8,998,998,998,99.8,99.8,99.8,35.13615508,7,7
25874,13,71,1-13-2022-071-02,2,2,3N1CN7AP3JL8,17,478,1894,13,0,35,50,2018,4,1,2,0,1,L,2,1114,5,0,1,1,7,2,72,1,8,0,995,0,7,0,75134,3,2,2,1,3,1,2,1,2,1,0,3,0,0,1,1,0,0,9,0,14,4,66,4,1,1,5,L,89,1,4,1,2,1,1,61,1,1,999,350,70,0,0,0,1,1,28,-14,24,17444,998,-30,19,0,1,3,17,1,3,3,995,0.0,30,16,16,0.0,0.0,0.0,35.13615508,7,7
25875,66,36,1-66-2022-036-03,3,1,KL7CJLSB2JB6,17,467,10988,7,0,20,406,2018,14,3,14,0,1,L,1,1382,5,0,1,1,24,2,97,1,0,0,995,0,7,0,64873,9,9,2,4,2,1,2,2,2,1,1,2,0,0,1,2,2,2,9,0,11,2,15,2,1,1,4,K,82,0,0,0,0,0,0,0,0,0,0,135,245,0,0,0,1,1,23,-14,17,16557,998,39,16,0,4,2,4,0,4,0,995,9.8,998,998,998,99.8,99.8,99.8,127.8599504,6,7
25875,66,36,1-66-2022-036-03,3,2,JH4CL96845C0,17,475,1874,13,0,54,39,2005,4,1,3,0,1,F,1,1465,5,0,1,1,24,2,97,1,0,0,995,0,7,0,65708,1,2,2,4,3,2,2,2,1,1,1,2,1,3,1,2,0,0,9,1,1,4,67,7,1,2,4,K,83,0,0,0,0,0,0,0,0,0,0,245,135,0,0,0,1,1,23,-21,-8,55955,998,-69,27,0,4,0,0,0,4,0,995,9.8,998,998,998,99.8,99.8,99.8,127.8599504,6,7
25876,66,37,1-66-2022-037-07,7,1,1C3CCCAB7FN6,17,477,2053,13,0,6,18,2015,4,1,3,0,1,F,1,1575,5,0,1,1,23,2,113,1,0,0,995,0,7,0,63740,1,1,1,3,1,1,2,1,1,1,1,2,0,0,2,1,2,2,3,1,1,2,13,98,1,4,1,A,1,0,0,0,0,0,0,0,0,0,0,998,998,0,0,0,1,10,999,999,999,9999999,999,0,18,2,0,0,0,0,0,0,998,1.9,120,50,114,1.8,0.6,1.9,138.884824,6,7
25878,32,47,1-32-2022-047-07,7,1,5FRYD3H46EB0,17,475,2147,7,0,54,421,2014,15,3,15,0,1,L,9,1970,5,9999,9,0,998,2,72,1,0,0,995,0,0,0,76014,9,1,1,3,1,1,1,1,2,2,1,2,0,0,1,1,6,2,9,0,14,4,64,99,1,1,2,F,48,0,0,0,0,0,0,0,0,0,0,130,140,0,0,0,1,0,999,999,999,9999999,999,999,999,9,0,0,0,0,0,0,995,9.8,998,998,998,99.8,99.8,99.8,9968.581109,7,7
25878,32,47,1-32-2022-047-07,7,2,1N4AL21E18N5,17,478,1904,13,0,35,47,2008,4,1,4,0,1,R,9,1429,5,9999,9,0,998,5,72,1,0,0,995,0,0,0,75104,9,9,1,3,1,1,1,1,2,2,1,2,0,0,1,1,6,2,9,1,6,2,10,1,1,1,2,F,48,0,0,0,0,0,0,0,0,0,0,140,130,0,0,0,1,0,999,999,999,9999999,999,999,999,9,0,95,95,95,95,0,995,9.8,998,998,998,99.8,99.8,99.8,9968.581109,7,7
25879,27,36,1-27-2022-036-03,3,1,2GNAXUEV4K61,17,467,1847,7,0,20,404,2019,14,3,14,0,1,F,1,1593,5,0,2,1,37,2,56,1,9,1,231,2,0,1,01201,1,2,0,4,2,1,2,1,1,1,1,2,0,0,3,1,0,0,3,1,1,2,11,1,1,4,1,C,11,0,0,0,0,0,0,0,0,0,0,205,205,0,0,0,1,3,19,-19,-3,11677,998,13,13,0,4,1,1,0,4,0,995,9.8,998,998,998,99.8,99.8,99.8,80.42103478,3,7
25879,27,36,1-27-2022-036-03,3,2,1G2ZG5284541,17,536,4263,13,0,22,22,2005,4,1,4,0,2,B,1,1533,5,9999,9,0,998,,,,,,,,,,,,,,,,,,,,,,,,,,,,,,,,,,,,,,,,,,,,,,,,,,,,,,,,,,,,,,,,,,95,95,95,95,,,,,,,,,,80.42103478,3,7
25880,27,37,1-27-2022-037-06,6,1,5GAKVBKD1GJ3,17,468,1841,7,0,18,421,2016,15,3,15,0,1,F,1,2233,5,0,1,1,32,2,56,1,1,0,995,0,9,0,01220,1,2,0,4,2,1,2,1,2,4,0,2,0,0,2,1,0,0,3,1,14,2,12,2,1,4,1,B,6,0,0,0,0,0,0,0,0,0,0,998,998,0,0,5,2,10,999,999,999,9999999,999,23,14,2,0,1,2,0,4,0,998,0.0,73,120,-51,28.6,3.8,28.8,183.114468,3,7
25881,31,31,1-31-2022-031-03,3,1,3VWC57BU3KM0,17,482,3137,13,0,30,40,2019,4,1,3,0,1,L,1,1350,5,0,1,1,27,2,89,1,0,1,0,2,0,1,62954,1,2,0,4,2,1,2,1,1,1,1,4,0,0,2,1,0,0,9,1,1,6,87,4,2,4,1,B,7,1,1,2,6,5,4,31,4,2,8,997,997,0,0,0,1,6,999,999,999,9999999,999,999,999,6,0,1,1,0,4,2,997,9.8,998,998,998,99.8,99.8,99.8,344.5911579,6,7