CASEID,PSU,CASENO,CASENUMBER,CATEGORY,VEHNO,VIN,VINLENGTH,VPICMAKE,VPICMODEL,VPICBODYCLASS,ICFINALBODY,MAKE,MODEL,MODELYR,BODYTYPE,BODYCAT,VEHCLASS,SPECUSE,TRANSTAT,DAMPLANE,DAMSEV,CURBWT,CURBSRC,CARGOWT,CARGOSRC,INSPTYPE,INSPLAG,TOWED,SPEEDLIMIT,DRPRESENT,PARALCOHOL,ALCTEST,ALCTESTRESULT,ALCTESTSRC,PARDRUG,DRUGTEST,ZIP,RACE,ETHNICITY,RELTOJUNCT,TRAFFLOW,RDLANES,INITLANE,SURFTYPE,SURFCOND,ALIGNMENT,PROFILE,LINERIGHT,LINELEFT,RUMBINIT,RUMBROAD,LIGHTCOND,WEATHER,TRAFDEV,TRAFFUNCT,DISTRACT,PREFHE,PREMOVE,CRITCAT,CRITEVENT,MANEUVER,PRESTAB,PRELOC,CRASHCAT,CRASHCONF,CRASHTYPE,ROLLTYPE,ROLLTURN,ROLLINTRPT,ROLLPREMAN,ROLLINITYP,ROLLINLOC,ROLLOBJ,ROLLTRIP,ROLLDIR,ROLLDIST,DVANGTHIS,DVANGOTH,TOWHITCH,TRAJDOC,TREEPOLE,DVEVENT,DVBASIS,DVTOTAL,DVLONG,DVLAT,DVENERGY,DVSPEED,DVMOMENT,DVBES,DVEST,DVCONF,VAIS,VISS,VINJURED,VTREAT,INITOBJCLASS,HEADANGLECAT,SHLDRWIDTH,STRKLENGTH,STRKWIDTH,STRKHEIGHT,EDGEDISTX,EDGEDISTY,EDGEDISTZ,CASEWGT,PSUSTRAT,VERSION
26025,12,30,1-12-2022-030-03,3,1,1C4PJLCB6JD5,17,483,1945,7,0,2,404,2018,14,3,14,0,1,R,2,1669,5,0,1,1,36,2,105,1,0,0,995,0,0,0,73401,1,2,2,1,3,3,2,1,1,1,1,2,1,3,1,1,3,2,1,0,11,2,15,9,1,1,4,J,68,0,0,0,0,0,0,0,0,0,0,200,90,0,0,0,1,1,36,-18,-31,62290,998,75,27,0,4,1,1,0,4,0,995,2.4,60,15,17,0.0,0.0,0.0,1203.551624,9,7
26025,12,30,1-12-2022-030-03,3,2,1GTR2VE78DZ1,17,472,1857,60,0,23,481,2013,34,5,31,0,1,F,2,2408,5,0,1,1,9,2,105,1,0,0,995,0,0,0,73448,1,2,2,1,3,2,2,1,1,1,3,1,0,3,1,1,3,2,1,0,1,4,62,2,1,1,4,J,69,0,0,0,0,0,0,0,0,0,0,90,200,0,0,0,1,1,25,-25,4,110512,998,41,33,0,4,2,5,0,4,0,995,2.8,100,15,17,0.0,0.0,0.0,1203.551624,9,7
26026,26,66,1-26-2022-066-09,9,1,1G2NF52E24C2,17,536,8840,13,0,22,18,2004,4,1,3,0,1,F,3,1393,5,0,1,1,22,2,56,1,0,0,995,0,0,0,95817,2,9,0,4,4,2,2,1,2,1,3,2,0,0,1,8,0,0,3,1,14,2,12,1,1,4,1,B,6,0,0,0,0,0,0,0,0,0,0,998,998,0,1,7,3,10,999,999,999,9999999,999,999,999,8,0,1,1,0,0,0,998,1.6,19,14,16,0.0,0.0,0.0,5417.704177,10,7
26030,22,8,1-22-2022-008-08,8,1,1FMCU9DG3BKB,17,460,1798,7,0,12,402,2011,14,3,14,0,1,L,1,1609,5,0,2,1,16,2,48,1,0,0,995,0,0,0,83843,1,2,2,4,2,1,2,1,1,1,0,2,0,0,1,1,2,2,2,0,11,2,15,9,1,1,4,K,82,0,0,0,0,0,0,0,0,0,0,250,0,0,0,0,1,3,5,-3,3,3721,998,-173,5,0,4,2,4,0,4,0,995,9.8,998,998,998,99.8,99.8,99.8,159.6603588,12,7
26030,22,8,1-22-2022-008-08,8,2,JN1BJ1CRXHW1,17,478,17214,5,0,35,51,2017,6,1,3,0,1,F,1,1518,5,9999,9,0,998,5,56,1,0,0,995,0,0,0,83854,9,9,2,5,5,1,2,1,1,1,0,3,0,0,1,1,0,0,9,0,1,4,66,99,1,1,4,K,83,0,0,0,0,0,0,0,0,0,0,0,250,0,0,0,1,3,5,-4,-2,2059,998,-96,5,0,4,95,95,95,95,0,995,9.8,998,998,998,99.8,99.8,99.8,159.6603588,12,7
26032,20,91,1-20-2022-091-09,9,1,1GNDS13S8321,17,467,4548,7,0,20,403,2003,14,3,14,0,1,9,9,2099,5,9999,9,0,998,7,89,1,9,0,995,0,9,0,99999,9,9,0,4,2,1,2,1,1,1,1,4,0,0,1,1,0,0,9,1,1,2,12,99,9,4,1,B,6,1,2,2,6,5,4,31,6,1,8,997,997,9,0,0,99,0,999,999,999,9999999,999,999,999,9,0,99,99,0,0,2,997,0.5,999,120,-115,4.5,3.9,6.0,323.1607436,11,7
26033,20,92,1-20-2022-092-08,8,1,JHMCM56425C0,17,474,1861,13,0,37,32,2005,4,1,3,0,1,T,2,1504,5,0,1,1,11,2,89,1,0,0,995,0,0,0,93907,9,1,0,4,2,1,2,1,2,2,0,2,0,0,1,1,0,0,1,1,14,1,9,99,3,4,1,A,2,1,6,1,2,1,4,61,1,2,22,996,996,0,0,0,4,7,999,999,999,9999999,999,999,999,7,0,1,1,0,8,3,996,0.0,120,27,12,0.0,0.0,0.0,58.816498,11,7
26034,20,93,1-20-2022-093-04,4,1,3N1AB7APXKY3,17,478,1907,13,0,35,43,2019,4,1,3,0,1,F,1,1315,5,0,1,1,16,2,105,1,1,8,997,8,0,0,93955,1,9,1,3,1,1,2,1,3,1,1,2,0,0,3,1,0,0,1,1,14,2,13,99,1,4,1,A,1,0,0,0,0,0,0,0,0,0,0,998,998,0,1,2,3,10,999,999,999,9999999,999,-145,10,2,0,0,0,0,0,0,998,2.0,10,3,120,24.2,4.2,24.7,304.2677771,11,7
26037,76,46,1-76-2022-046-09,9,1,2HKRM4H51CH6,17,474,1865,7,0,37,402,2012,14,3,14,0,1,F,1,1583,5,0,2,4,27,2,89,1,8,9,998,8,7,9,12087,1,2,0,4,2,1,2,1,2,1,1,2,1,0,2,1,0,0,1,0,14,6,87,1,1,1,1,C,13,0,0,0,0,0,0,0,0,0,0,998,998,0,0,0,1,12,999,999,999,9999999,999,999,999,6,0,1,1,0,6,0,998,9.8,998,998,998,99.8,99.8,99.8,57.02800955,3,7
26038,15,9,1-15-2022-009-06,6,1,1J4NT1FA3BD1,17,483,1946,7,0,2,1,2011,6,1,2,0,1,R,2,1462,5,9999,9,0,998,2,48,1,8,9,998,8,7,9,11691,9,9,0,4,4,1,2,1,1,1,1,3,0,0,1,8,0,0,9,1,12,2,10,99,9,2,6,M,98,9,99,9,9,99,9,99,9,9,999,120,0,0,0,0,1,3,27,-21,-17,70602,998,80,29,0,4,1,1,0,4,9,995,9.8,998,998,998,99.8,99.8,99.8,446.3670114,1,7
26038,15,9,1-15-2022-009-06,6,2,2C3CDZBGXFH8,17,476,1893,3,0,7,28,2015,2,1,5,0,1,F,1,1785,5,9999,9,1,8,2,48,1,8,9,998,8,7,9,11691,9,9,0,4,4,2,2,1,1,1,3,2,0,0,1,8,0,0,9,0,1,4,62,99,9,1,6,M,98,0,0,0,0,0,0,0,0,0,0,0,120,0,0,0,1,3,21,-20,7,30306,998,74,18,0,4,99,99,0,8,0,995,9.8,998,998,998,99.8,99.8,99.8,446.3670114,1,7
26039,25,40,1-25-2022-040-03,3,1,19XFC1F37ME2,17,474,1863,13,0,37,31,2021,4,1,3,0,1,R,2,1252,5,0,1,1,14,2,64,1,8,0,995,0,7,0,04102,9,9,2,4,2,1,2,2,2,1,1,2,0,0,1,2,2,2,1,0,14,2,17,3,1,1,5,L,87,0,0,0,0,0,0,0,0,0,0,200,120,0,1,0,1,1,25,-9,-24,22225,998,-89,18,0,1,0,0,0,0,0,995,9.8,998,998,998,99.8,99.8,99.8,128.6189232,2,7
26039,25,40,1-25-2022-040-03,3,2,3GKALVEV2ML3,17,472,1858,7,0,23,402,2021,14,3,14,0,1,F,1,1643,5,0,1,1,14,2,56,1,8,1,0,2,7,0,04074,9,9,2,4,2,1,2,2,3,1,1,2,0,0,1,2,0,0,9,0,14,4,66,99,1,1,5,L,86,0,0,0,0,0,0,0,0,0,0,120,200,0,1,0,1,1,20,-17,10,59468,998,88,25,0,1,1,1,0,4,0,995,9.8,998,998,998,99.8,99.8,99.8,128.6189232,2,7
26040,52,69,1-52-2022-069-09,9,1,1FAFP444XYF1,17,460,1781,1,0,12,3,2000,1,1,2,0,1,F,1,1445,5,0,1,1,20,2,56,1,0,0,995,0,0,0,59102,1,9,2,4,3,1,2,2,1,1,0,1,0,0,3,8,1,2,9,0,1,2,17,8,1,1,5,L,86,0,0,0,0,0,0,0,0,0,0,195,255,0,0,0,1,12,999,999,999,9999999,999,999,999,6,0,1,1,0,4,0,995,9.8,998,998,998,99.8,99.8,99.8,37.4883339,12,7
26040,52,69,1-52-2022-069-09,9,2,1FMDU34X5TUC,17,460,1800,7,0,12,401,1996,14,3,14,0,1,R,9,1631,5,9999,9,0,998,5,56,1,0,0,995,0,0,0,59101,9,9,2,4,5,2,2,2,1,1,1,1,0,0,3,8,1,2,9,0,1,4,66,7,1,1,5,L,87,0,0,0,0,0,0,0,0,0,0,255,195,0,0,0,1,0,999,999,999,9999999,999,999,999,9,0,95,95,95,95,0,995,9.8,998,998,998,99.8,99.8,99.8,37.4883339,12,7
26041,30,49,1-30-2022-049-06,6,1,1FADP3H20HL3,17,460,1779,13,0,12,37,2017,4,1,3,0,1,R,1,1340,5,0,1,1,20,2,64,1,0,0,995,0,0,0,85302,9,9,3,5,5,3,2,1,1,1,4,4,0,0,1,1,0,0,1,0,11,2,15,1,1,1,4,J,68,0,0,0,0,0,0,0,0,0,0,280,180,0,0,0,1,3,8,-4,-7,9207,998,174,8,0,4,0,0,0,0,0,995,9.8,998,998,998,99.8,99.8,99.8,1532.543639,10,7
26041,30,49,1-30-2022-049-06,6,2,JN8AS58TX9W0,17,478,1913,7,0,35,51,2009,6,1,3,0,1,F,1,1485,5,9999,9,4,45,2,64,1,0,0,995,0,0,0,85304,9,9,3,5,5,1,2,1,1,1,0,3,0,0,1,1,0,0,1,0,1,4,62,99,1,1,4,J,69,0,0,0,0,0,0,0,0,0,0,180,280,0,0,0,1,3,7,-7,2,3969,998,73,7,0,4,9,97,0,99,0,995,9.8,998,998,998,99.8,99.8,99.8,1532.543639,10,7
26041,30,49,1-30-2022-049-06,6,3,5FNRL6H25JB0,17,474,1869,2,0,37,441,2018,20,4,20,0,1,F,9,2004,5,9999,9,0,998,5,999,1,0,0,995,0,0,0,85382,9,9,3,4,2,1,2,1,1,1,0,0,0,0,1,1,0,0,1,0,5,4,67,99,1,1,6,M,98,0,0,0,0,0,0,0,0,0,0,90,320,0,0,0,2,0,999,999,999,9999999,999,999,999,9,0,95,95,95,95,0,995,9.8,998,998,998,99.8,99.8,99.8,1532.543639,10,7
26043,26,68,1-26-2022-068-05,5,1,55SWF4JB4FU0,17,449,2085,13,0,42,42,2015,4,1,4,0,1,F,2,1625,5,0,1,1,23,2,105,1,0,1,0,2,0,2,95831,1,2,1,3,2,1,2,1,3,2,1,3,0,0,1,1,0,0,1,1,14,2,13,4,1,4,1,A,1,0,0,0,0,0,0,0,0,0,0,998,998,0,0,0,3,1,37,-36,6,94859,998,28,37,0,1,3,17,1,3,0,998,1.3,6,6,999,51.3,1.8,51.3,151.7761647,10,7
26044,20,94,1-20-2022-094-08,8,1,2G1FP22K9Y21,17,467,1829,3,0,20,9,2000,2,1,2,0,1,9,9,1568,5,9999,9,0,998,2,89,1,1,8,997,8,0,0,95012,9,1,0,4,2,1,2,1,3,1,1,2,0,0,1,1,0,0,9,1,14,2,13,99,1,4,1,A,1,1,12,1,6,1,4,61,1,2,51,999,999,0,0,9,99,0,999,999,999,9999999,999,999,999,9,0,9,0,0,8,3,999,0.6,120,120,-70,15.8,5.6,16.7,58.816498,11,7
26045,54,47,1-54-2022-047-04,4,1,1G1JC5SH0F41,17,467,1835,13,0,20,28,2015,4,1,1,0,1,F,1,1245,5,9999,9,0,998,5,72,1,0,0,995,0,0,0,35674,9,9,3,1,4,4,2,1,1,1,1,2,0,2,1,1,0,0,9,0,11,2,15,99,1,1,4,J,68,0,0,0,0,0,0,0,0,0,0,145,50,0,0,0,1,3,14,-13,-5,6508,998,-63,10,0,4,95,95,95,95,0,995,9.8,998,998,998,99.8,99.8,99.8,394.0644504,9,7
26045,54,47,1-54-2022-047-04,4,2,3KPF24AD2NE4,17,499,2462,13,0,63,38,2022,4,1,3,0,1,L,1,1256,5,0,1,1,32,2,72,1,0,0,995,0,0,0,35654,1,2,3,1,4,2,2,1,1,1,1,3,2,2,1,1,0,0,1,0,1,4,62,9,1,1,4,J,69,0,0,0,0,0,0,0,0,0,0,50,145,0,0,0,1,3,12,-4,11,15462,998,-60,15,0,4,1,3,0,4,0,995,0.3,96,54,52,0.0,0.0,0.0,394.0644504,9,7
26046,30,51,1-30-2022-051-02,2,1,19UDE2F34LA0,17,475,2150,13,0,54,41,2020,4,1,3,0,1,L,2,1415,5,9999,9,4,38,2,105,1,0,1,0,2,0,0,85138,9,9,1,2,4,1,2,1,1,1,1,3,0,0,1,1,0,0,3,0,15,2,11,4,1,1,2,D,25,0,0,0,0,0,0,0,0,0,0,190,270,0,0,0,3,98,999,999,999,9999999,999,999,999,7,0,1,2,0,3,0,995,9.7,999,999,999,0.0,0.0,0.0,53.14310501,10,7
26046,30,51,1-30-2022-051-02,2,2,5FNYF3H36FB0,17,474,1864,7,0,37,421,2015,15,3,15,0,1,F,9,1956,5,9999,9,0,998,2,105,1,0,0,995,0,0,0,85032,9,9,1,2,4,1,2,1,1,1,1,3,0,0,1,1,0,0,1,0,1,3,51,99,1,1,2,D,24,0,0,0,0,0,0,0,0,0,0,270,270,0,0,0,1,0,999,999,999,9999999,999,999,999,9,0,0,0,0,0,0,995,9.8,998,998,998,99.8,99.8,99.8,53.14310501,10,7
26046,30,51,1-30-2022-051-02,2,3,1FTEW1E40LKD,17,460,1801,60,0,12,481,2020,34,5,31,0,1,F,1,2130,5,9999,9,4,25,2,105,1,0,0,995,0,0,0,85251,9,9,1,2,4,4,2,1,1,1,1,2,0,0,1,1,0,0,1,0,1,4,61,99,1,1,6,M,98,0,0,0,0,0,0,0,0,0,0,270,190,0,0,0,3,98,999,999,999,9999999,999,999,999,6,0,0,0,0,0,0,995,9.8,998,998,998,99.8,99.8,99.8,53.14310501,10,7
26047,76,47,1-76-2022-047-06,6,1,JTDKARFU1G30,17,448,2209,5,0,49,46,2016,6,1,3,0,1,F,3,1383,8,0,1,1,8,2,89,1,8,1,0,2,7,2,12015,9,9,0,4,2,1,2,1,3,4,1,4,1,0,1,1,0,0,9,1,14,2,13,99,1,4,1,A,1,0,0,0,0,0,0,0,0,0,0,998,998,0,1,2,7,10,999,999,999,9999999,999,9,54,4,0,3,10,1,3,0,998,0.8,999,999,999,99.9,99.9,99.9,25.72850415,3,7
26048,29,7,1-29-2022-007-03,3,1,2T3P1RFV8MW1,17,448,2217,7,0,49,402,2021,14,3,14,0,1,F,9,1583,5,0,2,0,998,2,48,1,0,1,0,2,0,0,02703,2,2,0,4,2,1,2,1,1,1,0,2,0,0,3,99,0,0,3,1,1,2,13,1,1,4,1,A,1,1,2,2,1,6,4,53,3,2,7,999,999,0,0,9,1,0,999,999,999,9999999,999,999,999,9,0,1,1,0,4,3,999,0.0,999,999,999,2.7,0.6,2.8,791.0491186,2,7
26051,48,11,1-48-2022-011-04,4,1,WBA4W5C50JAE,17,452,13827,3,0,34,47,2018,2,1,4,0,1,L,1,1681,5,0,1,1,10,2,129,1,0,0,995,0,0,0,83201,3,2,0,1,2,1,1,2,1,9,1,3,2,3,1,2,0,0,1,1,1,1,6,2,3,4,1,A,2,0,0,0,0,0,0,0,0,0,0,998,998,0,0,0,1,10,999,999,999,9999999,999,161,8,1,0,0,0,0,0,0,998,2.7,6,52,75,11.6,1.5,11.7,253.4579135,12,7
26052,77,44,1-77-2022-044-09,9,1,1HGEJ6578YL0,17,474,1863,13,0,37,31,2000,4,1,2,0,1,F,1,1067,5,0,1,1,4,2,89,1,0,0,995,0,0,0,22840,9,9,2,1,3,1,2,1,2,4,1,1,0,0,1,1,3,2,1,0,14,6,87,99,1,1,1,C,13,0,0,0,0,0,0,0,0,0,0,998,998,0,0,0,1,10,999,999,999,9999999,999,-19,17,2,0,99,99,0,0,0,998,9.8,998,998,998,99.8,99.8,99.8,10865.36027,9,7
26053,77,45,1-77-2022-045-08,8,1,1FTCR11U8RTA,17,460,1803,60,0,12,471,1994,34,5,30,0,1,F,1,3268,5,9999,9,0,998,2,72,1,0,0,995,0,9,0,22940,9,9,0,4,3,2,2,1,1,1,1,2,0,0,1,1,0,0,1,1,1,2,10,99,1,2,3,I,64,0,0,0,0,0,0,0,0,0,0,270,95,0,0,0,1,3,7,-7,0,7742,998,0,8,0,4,1,1,0,4,0,995,9.8,998,998,998,99.8,99.8,99.8,1417.932411,9,7
26053,77,45,1-77-2022-045-08,8,2,5FNRL38628B4,17,474,1869,2,0,37,441,2008,20,4,20,0,1,L,1,2062,5,0,1,1,6,2,72,1,0,0,995,0,0,0,22911,9,9,0,4,2,1,2,1,1,1,0,2,0,0,1,1,0,0,1,0,1,4,62,99,1,1,3,I,65,0,0,0,0,0,0,0,0,0,0,95,270,0,1,0,1,3,11,-11,2,13452,998,-96,11,0,4,1,1,0,4,0,995,0.0,9,9,110,0.7,0.3,0.8,1417.932411,9,7
26054,59,32,1-59-2022-032-05,5,1,5J6YH28769L0,17,474,1868,7,0,37,403,2009,14,3,14,0,1,F,1,1535,5,0,1,1,29,2,48,1,0,0,995,0,0,0,47802,9,9,2,1,4,3,2,1,1,1,3,1,0,0,1,8,1,2,9,0,1,2,17,99,1,1,5,L,88,0,0,0,0,0,0,0,0,0,0,180,100,0,0,0,1,1,16,-12,-10,34807,998,-95,19,0,1,0,0,0,0,0,995,9.8,998,998,998,99.8,99.8,99.8,92.86111256,6,7
26054,59,32,1-59-2022-032-05,5,2,2HGFC2F50HH5,17,474,1863,13,0,37,31,2017,4,1,3,0,1,L,1,1244,5,0,1,1,6,2,48,1,0,0,995,0,0,0,46060,9,9,2,3,4,2,2,1,1,1,1,1,0,0,1,8,1,2,9,0,1,4,66,4,1,1,5,L,89,0,0,0,0,0,0,0,0,0,0,100,180,0,0,0,1,1,19,-9,16,7063,998,-23,12,0,1,0,0,0,4,0,995,9.8,998,998,998,99.8,99.8,99.8,92.86111256,6,7
26055,59,33,1-59-2022-033-02,2,1,JTDEPMAE0NJ2,17,448,2208,13,0,49,32,2022,4,1,3,0,1,L,1,1315,5,0,1,1,3,2,48,1,0,0,995,0,0,0,33411,9,9,2,4,2,1,2,1,1,1,0,0,0,0,1,1,2,2,9,0,1,2,17,99,1,1,5,L,89,0,0,0,0,0,0,0,0,0,0,280,10,0,0,0,1,1,20,-4,20,17083,998,101,14,0,1,3,17,1,3,0,995,9.8,998,998,998,99.8,99.8,99.8,55.91716894,6,7
26055,59,33,1-59-2022-033-02,2,2,1GNKRHKD3HJ2,17,467,1853,7,0,20,423,2017,15,3,15,0,1,F,1,2107,5,0,1,1,3,2,56,1,0,0,995,0,0,0,47854,1,2,2,4,2,1,2,1,1,1,0,1,0,0,1,1,0,0,1,0,1,4,66,1,1,1,5,L,88,0,0,0,0,0,0,0,0,0,0,10,280,0,0,0,1,1,13,-13,-2,33204,998,-17,19,0,1,0,0,0,0,0,995,9.8,998,998,998,99.8,99.8,99.8,55.91716894,6,7
26056,54,48,1-54-2022-048-04,4,1,5XXGT4L38KG3,17,499,2739,13,0,63,34,2019,4,1,4,0,1,F,1,1465,5,48,1,1,10,2,105,1,0,0,995,0,0,0,35653,1,2,0,1,2,1,2,1,1,1,1,3,2,3,4,1,0,0,9,1,1,2,13,1,1,4,1,A,1,0,0,0,0,0,0,0,0,0,0,998,998,0,1,5,1,10,999,999,999,9999999,999,23,21,2,0,0,0,0,0,0,998,3.1,40,40,110,95.0,25.0,98.0,339.9867161,9,7
26057,54,49,1-54-2022-049-07,7,1,1N4AL3AP5FN8,17,478,1904,13,0,35,47,2015,4,1,4,0,1,F,2,1416,5,0,1,1,9,2,72,1,0,0,995,0,0,0,35593,1,2,0,4,2,1,2,1,3,1,0,2,0,0,2,1,0,0,1,1,14,6,87,4,1,4,1,A,3,0,0,0,0,0,0,0,0,0,0,998,998,0,1,7,1,12,999,999,999,9999999,999,999,999,7,0,0,0,0,0,0,998,0.0,999,999,999,12.0,0.3,12.0,265.2249783,9,7
26058,12,31,1-12-2022-031-04,4,1,1FT8W3BT3HED,17,460,1806,60,0,12,880,2017,67,8,60,0,1,F,9,,,,,,,5,64,1,0,0,995,0,0,0,73401,9,9,2,1,4,3,1,1,1,1,1,2,0,0,1,1,1,2,1,1,15,3,50,99,1,2,2,D,20,,,,,,,,,,,,,,,,,,,,,,,,,,,95,95,95,95,,,9.8,998,998,998,99.8,99.8,99.8,678.5640582,9,7
26058,12,31,1-12-2022-031-04,4,2,KMHLP4AG4MU1,17,498,2735,13,0,55,35,2021,4,1,3,0,1,B,1,1236,5,0,1,1,14,2,64,1,0,0,995,0,0,0,73443,1,2,2,1,4,3,1,1,1,1,1,1,0,0,1,1,1,2,1,0,5,3,53,1,1,1,2,D,21,0,0,0,0,0,0,0,0,0,0,175,165,0,0,0,1,5,999,999,999,9999999,999,999,999,6,0,1,1,0,0,0,995,9.8,998,998,998,99.8,99.8,99.8,678.5640582,9,7
26058,12,31,1-12-2022-031-04,4,3,4T1BD1FK6GU1,17,448,2469,13,0,49,40,2016,4,1,4,0,1,L,9,1550,5,9999,9,0,998,5,64,1,0,0,995,0,0,0,73401,9,9,2,1,4,3,1,1,1,1,1,1,0,0,1,1,1,2,1,0,5,4,60,1,1,1,6,M,98,0,0,0,0,0,0,0,0,0,0,175,190,0,0,0,2,0,999,999,999,9999999,999,999,999,9,0,95,95,95,95,0,995,9.8,998,998,998,99.8,99.8,99.8,678.5640582,9,7
26059,17,46,1-17-2022-046-09,9,1,1GBEG25K8SF2,17,467,14462,9,0,20,461,1995,21,4,21,0,1,9,9,2199,5,9999,9,0,998,2,48,1,9,0,995,0,9,0,99999,9,9,0,4,2,1,2,1,2,1,1,2,0,0,3,1,0,0,9,1,14,2,10,99,3,2,6,M,98,1,2,2,5,1,1,61,1,2,9,997,997,0,0,0,99,0,999,999,999,9999999,999,999,999,9,0,99,99,0,99,3,997,9.8,998,998,998,99.8,99.8,99.8,990.3422069,4,7
26060,17,47,1-17-2022-047-05,5,1,2T3JFREV4GW4,17,448,2217,7,0,49,402,2016,14,3,14,0,1,R,3,1625,5,0,1,1,7,2,72,1,9,0,995,0,9,0,61244,1,2,2,1,6,5,1,1,1,1,1,1,0,0,1,1,1,2,1,0,11,2,15,1,1,1,4,J,68,0,0,0,0,0,0,0,0,0,0,205,115,0,0,0,1,1,49,-17,-46,200642,998,0,56,0,1,3,10,1,3,0,995,9.8,998,998,998,99.8,99.8,99.8,74.63199473,4,7
26060,17,47,1-17-2022-047-05,5,2,1GTCS19X2T85,17,472,11073,60,0,23,471,1996,34,5,30,0,1,F,3,1472,5,227,1,1,7,2,72,1,9,1,0,2,9,0,61244,1,9,2,1,6,2,1,1,1,1,1,3,0,0,1,1,1,2,9,0,1,4,62,99,1,1,4,J,69,0,0,0,0,0,0,0,0,0,0,115,205,0,0,0,1,1,46,-44,16,158816,998,93,41,0,1,2,5,0,4,0,995,9.8,998,998,998,99.8,99.8,99.8,74.63199473,4,7
26065,19,81,1-19-2022-081-01,1,1,1G1ZT52864F2,17,467,1834,13,0,20,37,2004,4,1,3,0,1,F,3,1495,5,0,1,1,8,2,89,1,8,8,997,8,7,3,35901,1,9,0,5,5,2,2,1,1,1,3,2,0,0,2,1,0,0,9,1,1,2,10,1,1,2,3,G,50,0,0,0,0,0,0,0,0,0,0,60,250,0,1,0,1,5,999,999,999,9999999,999,999,46,4,0,9,0,0,1,0,995,9.8,998,998,998,99.8,99.8,99.8,60.62443222,9,7
26065,19,81,1-19-2022-081-01,1,2,3AKJGLDR1KSK,17,450,2501,66,0,82,881,2019,66,8,68,0,1,F,9,,,,,,,2,89,1,0,0,995,0,0,0,37312,9,9,0,5,5,1,2,1,1,1,1,3,0,0,2,1,0,0,9,1,1,4,62,4,2,2,3,G,51,,,,,,,,,,,,,,,,,,,,,,,,,,,95,95,95,95,,,9.8,998,998,998,99.8,99.8,99.8,60.62443222,9,7
26066,19,82,1-19-2022-082-03,3,1,ZACCJABB3JPJ,17,483,6160,7,0,2,408,2018,14,3,14,0,1,F,1,1372,5,0,4,1,5,2,72,1,0,0,995,0,0,0,35906,1,9,2,4,5,2,2,1,1,1,3,2,0,0,3,1,1,2,3,0,1,3,50,8,1,1,2,D,20,0,0,0,0,0,0,0,0,0,0,250,240,0,0,0,1,1,19,-19,0,12244,998,-40,14,0,1,9,97,0,5,0,995,9.8,998,998,998,99.8,99.8,99.8,95.52063191,9,7
26066,19,82,1-19-2022-082-03,3,2,1N4AA5APXAC8,17,478,2302,13,0,35,39,2010,4,1,4,0,1,B,1,1630,5,0,1,1,5,2,72,1,0,0,995,0,0,0,35904,1,9,2,4,5,2,2,1,1,1,3,1,0,0,3,1,1,2,9,0,5,3,53,1,1,1,2,D,21,0,0,0,0,0,0,0,0,0,0,240,250,0,0,0,1,1,16,16,3,33609,998,-87,19,0,1,0,0,0,0,0,995,9.8,998,998,998,99.8,99.8,99.8,95.52063191,9,7
26069,19,80,1-19-2022-080-07,7,1,WBA2F9C55HV6,17,452,13825,3,0,34,48,2017,2,1,3,0,1,F,1,1608,5,0,1,1,9,3,56,1,1,1,160,1,9,0,35901,1,2,0,4,2,1,2,1,1,1,1,2,0,0,2,1,0,0,3,1,1,2,13,1,1,4,1,A,1,0,0,0,0,0,0,0,0,0,0,998,998,0,1,0,3,12,999,999,999,9999999,999,999,999,6,0,1,1,0,0,0,998,0.4,80,85,-33,7.2,2.2,7.7,646.3670101,9,7
26070,11,33,1-11-2022-033-07,7,1,5NPDH4AE8DH3,17,498,2735,13,0,55,35,2013,4,1,3,0,1,F,1,1265,5,0,1,1,6,2,97,1,0,0,995,0,9,0,23237,9,9,0,2,3,3,2,2,3,9,3,2,0,0,1,2,0,0,1,1,14,2,12,99,9,4,1,B,7,0,0,0,0,0,0,0,0,0,0,998,998,0,0,0,1,1,13,-13,0,11260,998,-51,13,0,4,0,0,0,0,0,998,2.6,999,999,999,0.0,0.0,0.0,14344.38017,8,7
26070,11,33,1-11-2022-033-07,7,2,3GYFNCE3XDS5,17,469,1844,7,0,19,20,2013,6,1,4,0,1,L,9,1940,5,9999,9,0,998,2,97,1,0,0,995,0,9,0,23234,9,9,0,2,3,2,2,2,3,9,3,3,0,0,1,2,0,0,1,0,14,4,60,99,1,1,6,M,98,0,0,0,0,0,0,0,0,0,0,155,190,0,0,0,2,0,999,999,999,9999999,999,999,999,9,0,0,0,0,0,0,995,9.8,998,998,998,99.8,99.8,99.8,14344.38017,8,7
26071,11,34,1-11-2022-034-02,2,1,3GCUYDED5LG3,17,467,1850,60,0,20,481,2020,34,5,31,0,1,F,2,2184,5,0,1,1,4,2,105,1,0,0,995,0,9,0,23139,9,9,0,2,2,1,2,1,1,9,1,3,2,3,1,1,0,0,1,0,1,3,52,1,1,1,2,D,28,0,0,0,0,0,0,0,0,0,0,315,315,0,0,0,1,3,26,-26,0,55592,998,0,25,0,4,9,97,0,8,0,995,9.8,998,998,998,99.8,99.8,99.8,68.95695677,8,7