CASEID,PSU,CASENO,CASENUMBER,CATEGORY,VEHNO,VIN,VINLENGTH,VPICMAKE,VPICMODEL,VPICBODYCLASS,ICFINALBODY,MAKE,MODEL,MODELYR,BODYTYPE,BODYCAT,VEHCLASS,SPECUSE,TRANSTAT,DAMPLANE,DAMSEV,CURBWT,CURBSRC,CARGOWT,CARGOSRC,INSPTYPE,INSPLAG,TOWED,SPEEDLIMIT,DRPRESENT,PARALCOHOL,ALCTEST,ALCTESTRESULT,ALCTESTSRC,PARDRUG,DRUGTEST,ZIP,RACE,ETHNICITY,RELTOJUNCT,TRAFFLOW,RDLANES,INITLANE,SURFTYPE,SURFCOND,ALIGNMENT,PROFILE,LINERIGHT,LINELEFT,RUMBINIT,RUMBROAD,LIGHTCOND,WEATHER,TRAFDEV,TRAFFUNCT,DISTRACT,PREFHE,PREMOVE,CRITCAT,CRITEVENT,MANEUVER,PRESTAB,PRELOC,CRASHCAT,CRASHCONF,CRASHTYPE,ROLLTYPE,ROLLTURN,ROLLINTRPT,ROLLPREMAN,ROLLINITYP,ROLLINLOC,ROLLOBJ,ROLLTRIP,ROLLDIR,ROLLDIST,DVANGTHIS,DVANGOTH,TOWHITCH,TRAJDOC,TREEPOLE,DVEVENT,DVBASIS,DVTOTAL,DVLONG,DVLAT,DVENERGY,DVSPEED,DVMOMENT,DVBES,DVEST,DVCONF,VAIS,VISS,VINJURED,VTREAT,INITOBJCLASS,HEADANGLECAT,SHLDRWIDTH,STRKLENGTH,STRKWIDTH,STRKHEIGHT,EDGEDISTX,EDGEDISTY,EDGEDISTZ,CASEWGT,PSUSTRAT,VERSION
26149,14,46,1-14-2022-046-07,7,1,5NPE24AF2HH5,17,498,2459,13,0,55,33,2017,4,1,4,0,1,R,1,1475,5,0,1,1,21,2,89,1,0,0,995,0,0,0,78260,9,1,3,4,2,1,2,1,1,1,1,2,3,3,1,1,0,0,9,0,11,2,15,1,1,1,4,J,68,0,0,0,0,0,0,0,0,0,0,50,300,0,1,0,1,3,3,-3,-2,16509,998,179,11,0,2,0,0,0,0,0,995,9.8,998,998,998,99.8,99.8,99.8,9397.378616,8,7
26149,14,46,1-14-2022-046-07,7,2,1GCEK19T4XE1,17,467,1850,60,0,20,481,1999,34,5,31,0,1,F,3,9999,9,9999,9,0,998,2,89,1,0,0,995,0,0,0,78163,9,1,3,4,2,1,2,1,1,1,1,2,3,3,1,1,0,0,9,0,1,4,62,99,1,1,4,J,69,0,0,0,0,0,0,0,0,0,0,300,50,0,1,0,1,3,62,-47,40,10262,998,181,39,0,4,0,0,0,0,0,995,9.8,998,998,998,99.8,99.8,99.8,9397.378616,8,7
26150,25,45,1-25-2022-045-06,6,1,2T1BURHE1GC4,17,448,2208,13,0,49,32,2016,4,1,3,0,1,F,2,1265,5,0,1,1,10,2,56,1,0,0,995,0,0,0,04072,9,9,0,4,2,1,2,1,2,1,1,2,0,0,2,1,0,0,9,1,14,2,13,3,1,4,1,A,1,0,0,0,0,0,0,0,0,0,0,998,998,0,1,0,1,1,25,-23,-9,37307,998,-53,25,0,4,1,1,0,0,0,998,0.3,120,120,-120,27.5,0.9,27.6,286.0115195,2,7
26151,25,46,1-25-2022-046-05,5,1,1G11B5SA4DF3,17,467,1834,13,0,20,37,2013,4,1,3,0,1,F,1,1539,5,0,1,1,8,2,56,1,9,8,997,8,7,0,04260,9,9,0,4,2,1,2,2,2,1,0,2,0,0,2,2,0,0,1,1,14,2,12,4,2,4,1,B,6,0,0,0,0,0,0,0,0,0,0,998,998,0,1,1,2,1,13,-13,0,13711,998,66,13,0,4,3,14,1,3,0,998,0.0,15,13,120,4.8,0.8,4.8,40.69477768,2,7
26152,25,47,1-25-2022-047-03,3,1,3N1CN7AP4KL8,17,478,1894,13,0,35,50,2019,4,1,2,0,1,F,1,1114,8,0,1,1,7,2,72,1,8,0,995,0,7,0,04079,1,9,0,4,2,1,2,1,1,2,1,2,0,0,2,1,0,0,1,0,1,6,87,7,1,1,1,C,13,0,0,0,0,0,0,0,0,0,0,998,998,0,0,0,1,10,999,999,999,9999999,999,999,999,6,0,0,0,0,4,0,998,9.8,998,998,998,99.8,99.8,99.8,123.8439325,2,7
26153,66,45,1-66-2022-045-06,6,1,5YFBURHE3FP3,17,448,2208,13,0,49,32,2015,4,1,3,0,1,L,1,1265,5,0,1,1,12,2,64,1,0,0,995,0,7,0,65705,9,9,0,4,2,1,2,1,2,1,0,0,0,0,2,1,0,0,9,1,14,1,6,4,3,4,1,B,7,0,0,0,0,0,0,0,0,0,0,998,998,0,1,1,2,1,13,-10,8,8962,998,14,13,0,4,9,97,0,99,0,998,0.0,20,20,85,33.5,2.0,33.6,336.5628657,6,7
26154,66,46,1-66-2022-046-08,8,1,1G1ZU57N77F2,17,467,1834,13,0,20,37,2007,4,1,4,0,1,F,3,1684,5,9999,9,1,28,2,32,1,0,0,995,0,7,0,65605,9,9,2,4,2,1,2,1,1,1,0,0,0,0,1,1,0,0,9,1,11,1,9,1,1,4,1,A,1,0,0,0,0,0,0,0,0,0,0,998,998,0,1,0,4,1,51,-50,9,193732,998,37,51,0,1,9,97,0,99,0,998,0.0,7,7,999,0.5,0.8,0.8,155.2898132,6,7
26155,10,80,1-10-2022-080-03,3,1,3GSCL33P28S6,17,1056,4595,7,0,24,401,2008,14,3,14,0,1,L,3,1735,5,0,1,1,5,2,56,1,0,0,995,0,0,0,45417,2,9,2,4,3,1,2,1,1,2,0,1,0,0,1,1,1,2,1,0,1,2,17,1,1,1,5,L,89,0,0,0,0,0,0,0,0,0,0,20,145,0,0,0,1,1,40,-26,30,25325,998,13,19,0,1,1,1,0,4,0,995,9.8,998,998,998,99.8,99.8,99.8,116.3486717,4,7
26155,10,80,1-10-2022-080-03,3,2,KNAE15LA9J60,17,499,21370,5,0,63,41,2018,5,1,4,0,1,F,3,1463,5,0,1,1,5,2,56,1,0,0,995,0,0,0,30084,9,9,2,4,5,1,2,1,1,4,0,1,0,0,1,1,1,2,1,0,1,4,66,3,1,1,5,L,88,0,0,0,0,0,0,0,0,0,0,145,20,0,0,0,1,1,47,-46,-8,222878,998,-35,60,0,1,1,3,0,4,0,995,9.8,998,998,998,99.8,99.8,99.8,116.3486717,4,7
26156,10,81,1-10-2022-081-09,9,1,1G2WK52J62F2,17,536,4262,13,0,22,20,2002,4,1,4,0,1,F,1,1531,5,0,1,1,7,2,40,1,0,0,995,0,0,0,45406,2,2,2,4,2,1,2,1,1,1,0,2,0,0,1,8,1,2,1,0,1,2,17,99,1,1,5,L,88,0,0,0,0,0,0,0,0,0,0,130,45,0,0,0,1,1,19,-18,-7,30080,998,-79,19,0,1,0,0,0,4,0,995,9.8,998,998,998,99.8,99.8,99.8,620.4731959,4,7
26156,10,81,1-10-2022-081-09,9,2,JTMZF4DV6AD0,17,448,2217,7,0,49,402,2010,14,3,14,0,1,L,1,1579,5,0,1,1,14,2,40,1,0,0,995,0,0,0,45417,9,9,2,4,2,1,2,1,1,1,0,2,0,0,1,8,1,2,1,0,1,4,66,99,1,1,5,L,89,0,0,0,0,0,0,0,0,0,0,45,130,0,0,0,1,1,18,-3,18,21684,998,-26,18,0,1,0,0,0,0,0,995,9.8,998,998,998,99.8,99.8,99.8,620.4731959,4,7
26156,10,81,1-10-2022-081-09,9,3,1G6KD57Y86U1,17,469,4308,13,0,19,22,2006,4,1,5,0,2,B,1,1948,5,9999,9,4,28,,,,,,,,,,,,,,,,,,,,,,,,,,,,,,,,,,,,,,,,,,,,,,,,,,,,,,,,,,,,,,,,,,95,95,95,95,,,,,,,,,,620.4731959,4,7
26158,10,83,1-10-2022-083-03,3,1,1N4AL3AP9DC1,17,478,1904,13,0,35,47,2013,4,1,4,0,1,R,2,1420,5,9999,9,4,38,2,64,1,0,0,995,0,0,0,43205,9,9,2,1,7,3,2,1,1,1,1,2,0,0,1,1,1,2,1,0,11,2,15,99,1,1,4,J,68,0,0,0,0,0,0,0,0,0,0,315,210,0,0,0,1,3,35,-18,-30,135303,998,-50,44,0,4,0,0,0,0,0,995,9.8,998,998,998,99.8,99.8,99.8,116.3486717,4,7
26158,10,83,1-10-2022-083-03,3,2,KM8K2CAA9KU1,17,498,22249,7,0,55,404,2019,14,3,14,0,1,F,2,1399,5,0,1,1,20,2,64,1,0,0,995,0,0,0,45459,9,9,2,1,4,3,2,1,1,1,3,1,0,0,1,1,1,2,1,0,1,4,62,4,1,1,4,J,69,0,0,0,0,0,0,0,0,0,0,210,315,0,0,0,1,3,38,-36,13,51321,998,65,27,0,4,99,99,0,5,0,995,9.8,998,998,998,99.8,99.8,99.8,116.3486717,4,7
26158,10,83,1-10-2022-083-03,3,3,5N1AT2MV2HC8,17,478,1913,8,0,35,51,2017,6,1,3,0,1,F,9,1610,5,9999,9,0,998,2,64,1,0,0,995,0,0,0,45440,9,9,2,1,4,3,2,1,1,1,3,1,0,0,1,1,1,2,1,0,1,3,51,99,1,1,6,M,98,0,0,0,0,0,0,0,0,0,0,210,210,0,0,0,2,0,999,999,999,9999999,999,999,999,9,0,0,0,0,0,0,995,9.8,998,998,998,99.8,99.8,99.8,116.3486717,4,7
26159,28,47,1-28-2022-047-09,9,1,5N1ED28YX3C6,17,478,1916,7,0,35,402,2003,14,3,14,0,1,T,2,1897,5,0,1,1,19,2,72,1,0,0,995,0,0,0,19464,9,9,0,4,2,1,2,1,3,1,1,2,0,0,1,1,6,2,1,1,14,6,87,3,4,2,6,M,98,1,4,2,5,1,1,61,1,1,11,997,997,0,0,0,1,6,999,999,999,9999999,999,999,999,7,0,1,2,0,4,3,997,9.8,998,998,998,99.8,99.8,99.8,350.7103977,3,7
26160,28,48,1-28-2022-048-07,7,1,3GNCJPSBXHL2,17,467,10988,7,0,20,406,2017,14,3,14,0,1,F,1,1476,5,0,1,1,36,2,89,1,0,0,995,0,0,0,16936,1,9,0,4,2,1,2,1,2,1,1,2,1,0,1,1,8,2,1,0,14,3,50,2,1,1,2,D,20,0,0,0,0,0,0,0,0,0,0,95,95,0,0,0,1,1,21,-21,0,29960,998,11,22,0,1,0,0,0,4,0,995,9.8,998,998,998,99.8,99.8,99.8,453.3331841,3,7
26160,28,48,1-28-2022-048-07,7,2,WDDGJ4HB8DG0,17,449,2085,3,0,42,42,2013,2,1,3,0,1,B,1,1550,5,0,1,1,13,2,89,1,0,0,995,0,0,0,16933,9,9,0,4,2,1,2,1,2,1,1,2,1,0,1,1,8,2,1,0,5,3,53,99,1,1,2,D,21,0,0,0,0,0,0,0,0,0,0,95,95,0,0,0,1,1,20,20,0,25448,998,38,19,0,1,0,0,0,0,0,995,9.8,998,998,998,99.8,99.8,99.8,453.3331841,3,7
26160,28,48,1-28-2022-048-07,7,3,1FTEW1EP5LFB,17,460,1801,60,0,12,481,2020,34,5,31,0,1,B,9,2130,5,9999,9,0,998,5,89,1,0,0,995,0,0,0,16901,9,9,0,4,2,1,2,1,2,1,1,2,1,0,1,1,8,2,1,0,14,3,52,11,1,1,6,M,98,0,0,0,0,0,0,0,0,0,0,110,95,0,0,0,2,0,999,999,999,9999999,999,999,999,9,0,95,95,95,95,0,995,9.8,998,998,998,99.8,99.8,99.8,453.3331841,3,7
26161,73,49,1-73-2022-049-09,9,1,1FMCU9EG4BKA,17,460,1798,7,0,12,402,2011,14,3,14,0,1,F,2,1609,5,0,1,1,16,2,56,1,8,0,995,0,7,0,04978,9,9,3,4,2,1,2,1,1,1,0,0,0,0,1,1,0,0,1,0,11,2,15,1,1,1,4,K,82,0,0,0,0,0,0,0,0,0,0,355,135,0,1,0,1,3,29,-22,18,40755,998,81,21,0,4,99,99,0,99,0,995,9.8,998,998,998,99.8,99.8,99.8,189.7331238,3,7
26161,73,49,1-73-2022-049-09,9,2,WBAGJ8320TDL,17,452,1721,13,0,34,37,1996,4,1,5,0,1,F,1,1945,5,9999,9,0,998,2,56,1,8,0,995,0,7,0,04978,9,9,3,4,2,1,2,1,1,1,1,2,0,0,1,1,0,0,1,1,1,4,72,3,1,1,4,K,83,0,0,0,0,0,0,0,0,0,0,135,355,0,0,0,1,3,24,-24,0,76553,998,10,31,0,4,0,0,0,0,0,995,9.8,998,998,998,99.8,99.8,99.8,189.7331238,3,7
26162,73,50,1-73-2022-050-03,3,1,JA4AZ3A39LZ0,17,481,2163,7,0,52,404,2020,14,3,14,0,1,F,1,1575,8,0,1,1,2,2,80,1,8,0,995,0,7,0,04976,1,2,0,4,2,1,2,1,3,4,1,2,0,0,2,1,0,0,1,1,14,2,13,7,4,4,1,A,3,1,4,2,6,1,4,61,1,2,14,998,998,0,1,0,1,1,21,-20,-7,37009,998,-72,21,0,4,1,1,0,5,3,998,1.6,120,120,999,44.7,3.2,44.8,32.78390084,3,7
26163,16,48,1-16-2022-048-04,4,1,1G1ZD5ST7LF0,17,467,1834,13,0,20,37,2020,4,1,4,0,1,F,1,1418,5,0,1,1,14,2,40,1,0,0,995,0,0,0,45224,9,9,2,4,2,1,2,1,1,2,1,2,0,0,1,8,1,2,1,0,1,3,52,99,1,1,2,D,28,0,0,0,0,0,0,0,0,0,0,105,105,0,0,0,1,3,15,-15,0,11994,998,0,14,0,4,0,0,0,0,0,995,9.8,998,998,998,99.8,99.8,99.8,2729.107117,5,7
26163,16,48,1-16-2022-048-04,4,2,1FMJU2AT2MEA,17,460,1799,7,0,12,422,2021,15,3,15,0,1,B,1,2551,5,9999,9,0,998,5,40,1,0,0,995,0,0,0,45243,9,9,2,4,2,1,2,1,1,2,1,2,0,0,1,8,1,2,1,0,2,3,53,99,1,1,2,D,29,0,0,0,0,0,0,0,0,0,0,105,105,0,0,0,1,3,9,9,0,9103,998,0,10,0,4,95,95,95,95,0,995,9.8,998,998,998,99.8,99.8,99.8,2729.107117,5,7
26164,31,40,1-31-2022-040-10,10,1,1J4FY19P9SP2,17,483,1943,7,0,2,403,1995,14,3,14,0,1,9,9,1335,5,9999,9,0,998,2,56,1,0,0,995,0,0,0,62859,1,9,2,4,2,1,1,2,1,2,0,4,0,0,1,2,2,2,9,1,11,1,8,99,2,4,1,A,2,1,2,2,6,3,4,31,1,1,5,997,997,0,1,0,1,0,999,999,999,9999999,999,999,999,9,0,1,1,0,4,2,997,9.8,998,998,998,99.8,99.8,99.8,317.610847,6,7
26165,31,41,1-31-2022-041-08,8,1,1FTNE24W37DA,17,460,1817,95,0,12,461,2007,21,4,21,0,1,T,3,2268,5,9999,9,1,6,2,113,1,0,0,995,0,0,0,29061,9,9,0,1,2,1,2,1,1,1,1,3,2,3,2,1,0,0,9,1,1,6,87,8,4,4,1,A,3,1,8,2,2,1,4,61,1,1,35,997,997,0,0,0,1,6,999,999,999,9999999,999,999,999,8,0,9,97,0,8,3,997,9.8,998,998,998,99.8,99.8,99.8,266.8338251,6,7
26167,20,102,1-20-2022-102-03,3,1,1HGCP2F45BA1,17,474,1861,13,0,37,32,2011,4,1,4,0,1,F,1,1523,5,0,1,1,22,2,105,1,0,0,995,0,0,0,95023,9,1,0,1,3,1,2,1,1,1,1,3,0,0,1,1,0,0,1,1,15,3,51,3,1,2,2,D,24,0,0,0,0,0,0,0,0,0,0,345,0,0,0,0,1,3,13,-13,0,13643,998,43,14,0,4,0,0,0,0,0,995,3.2,120,999,999,0.0,0.0,0.0,75.76236807,11,7
26167,20,102,1-20-2022-102-03,3,2,3KPF54AD0LE1,17,499,2462,13,0,63,38,2020,4,1,3,0,1,F,1,1256,5,0,1,1,21,2,105,1,9,9,998,8,0,9,95023,9,1,0,2,3,2,2,1,1,1,3,3,0,0,1,1,0,0,1,0,1,4,61,99,1,1,2,D,25,0,0,0,0,0,0,0,0,0,0,998,998,0,0,0,4,1,20,-20,3,21772,998,33,20,0,4,99,99,0,8,0,998,3.2,118,999,999,0.0,0.0,0.0,75.76236807,11,7
26168,20,103,1-20-2022-103-04,4,1,3VWC57BU4MM0,17,482,3137,13,0,30,40,2021,4,1,3,0,1,F,3,1350,5,0,1,1,26,2,89,1,0,0,995,0,0,0,21044,9,9,2,4,2,1,2,1,3,1,1,2,0,0,1,1,2,2,1,1,11,2,15,8,1,4,4,K,82,0,0,0,0,0,0,0,0,0,0,230,330,0,0,0,1,5,999,999,999,9999999,999,999,46,4,0,0,0,0,0,0,995,9.8,998,998,998,99.8,99.8,99.8,378.5759457,11,7
26168,20,103,1-20-2022-103-04,4,2,1FUJGLBG2ASA,17,450,2501,66,0,82,881,2010,66,8,68,0,1,F,9,,,,,,,5,89,1,0,0,995,0,0,0,92503,9,9,2,1,2,2,2,1,3,4,1,2,0,1,1,1,0,0,1,0,14,4,67,3,1,1,4,K,83,,,,,,,,,,,,,,,,,,,,,,,,,,,95,95,95,95,,,9.8,998,998,998,99.8,99.8,99.8,378.5759457,11,7
26168,20,103,1-20-2022-103-04,4,3,1GNUKBE0XAR2,17,467,1852,7,0,20,421,2010,15,3,15,0,1,F,9,2506,5,9999,9,0,998,7,89,1,0,0,995,0,0,0,95012,9,1,2,4,4,2,2,1,2,1,1,2,0,2,1,1,0,0,1,0,14,4,62,2,1,1,6,M,98,0,0,0,0,0,0,0,0,0,0,140,290,0,0,0,2,0,999,999,999,9999999,999,999,999,9,0,0,0,0,0,0,995,9.8,998,998,998,99.8,99.8,99.8,378.5759457,11,7
26170,27,45,1-27-2022-045-03,3,1,JF2SKAXC0MH5,17,523,2234,7,0,48,401,2021,14,3,14,0,1,F,2,1569,5,0,2,1,6,2,56,1,0,0,995,0,0,0,10128,1,9,2,4,3,2,2,1,1,1,1,2,0,0,1,1,0,0,1,0,11,2,15,1,1,1,4,J,68,0,0,0,0,0,0,0,0,0,0,75,285,0,0,0,1,1,35,-33,-12,99255,998,-67,35,0,3,2,6,0,4,0,995,9.8,998,998,998,99.8,99.8,99.8,166.6687251,3,7
26170,27,45,1-27-2022-045-03,3,2,1J4GL48K06W1,17,483,1944,7,0,2,405,2006,14,3,14,0,1,F,2,1819,5,54,1,1,6,2,56,1,0,1,0,2,0,0,01201,1,2,2,1,1,1,2,1,1,1,1,2,0,0,1,1,0,0,1,0,1,4,62,99,1,1,4,J,69,0,0,0,0,0,0,0,0,0,0,285,75,0,0,0,1,1,32,-31,5,80656,998,-5,33,0,1,1,1,0,4,0,995,1.2,120,44,79,0.0,0.0,0.0,166.6687251,3,7
26171,15,12,1-15-2022-012-07,7,1,999999999999,99,99999,99999,13,0,99,399,9999,4,1,9,0,1,9,9,9999,9,9999,9,0,998,7,48,1,9,9,998,8,7,9,11726,9,9,1,4,2,1,2,1,2,4,1,2,0,0,2,8,0,0,9,1,14,1,6,99,9,4,1,B,7,0,0,0,0,0,0,0,0,0,0,998,998,0,0,0,1,0,999,999,999,9999999,999,999,999,9,0,0,0,0,0,0,998,9.9,999,999,999,0.0,0.0,0.0,1862.636179,1,7
26173,26,71,1-26-2022-071-02,2,1,19XFC2F6XKE2,17,474,1863,13,0,37,31,2019,4,1,3,0,1,F,1,1252,5,0,1,1,31,2,40,1,1,1,296,2,1,2,95207,2,9,0,4,2,1,2,1,2,1,0,2,0,0,3,1,0,0,9,1,14,2,12,99,9,4,1,B,6,0,0,0,0,0,0,0,0,0,0,998,998,0,1,1,2,1,16,-16,3,13126,998,-21,16,0,4,3,10,1,3,0,998,0.0,100,16,16,0.0,0.0,0.0,44.55434956,10,7
26174,26,72,1-26-2022-072-08,8,1,1FAHP2EW1BG1,17,460,1782,13,0,12,17,2011,4,1,4,0,1,R,2,1822,5,0,1,1,15,2,72,1,0,0,995,0,0,0,95823,9,1,2,1,3,3,2,1,1,1,1,0,0,0,1,1,1,2,9,0,11,2,15,1,1,1,4,J,68,0,0,0,0,0,0,0,0,0,0,95,0,0,1,0,1,1,26,-16,-20,17723,998,-22,15,0,1,99,99,0,99,0,995,9.8,998,998,998,99.8,99.8,99.8,601.3477713,10,7
26174,26,72,1-26-2022-072-08,8,2,1NXBR32EX8Z9,17,448,2208,13,0,49,32,2008,4,1,2,0,1,F,2,1135,5,0,1,1,35,2,72,1,0,1,60,2,0,1,95824,3,9,2,1,3,3,2,1,1,1,3,0,0,0,1,1,1,2,1,0,1,4,62,8,1,1,4,J,69,0,0,0,0,0,0,0,0,0,0,0,95,0,1,0,1,1,39,-34,20,131427,998,77,45,0,1,2,5,0,4,0,995,9.8,998,998,998,99.8,99.8,99.8,601.3477713,10,7
26175,22,10,1-22-2022-010-03,3,1,5TDHBRCHXMS5,17,448,2213,7,0,49,403,2021,14,3,14,0,1,R,1,2015,5,0,2,1,14,2,48,1,0,0,995,0,0,0,83541,1,2,2,4,2,1,2,1,1,1,1,2,0,0,1,1,2,2,2,0,1,2,17,98,2,1,5,L,87,0,0,0,0,0,0,0,0,0,0,350,270,0,1,0,1,3,9,-3,-8,11991,998,-114,9,0,4,1,1,0,5,0,995,9.8,998,998,998,99.8,99.8,99.8,113.6399485,12,7
26175,22,10,1-22-2022-010-03,3,2,1GTP6DE19G11,17,472,4093,60,0,23,472,2016,34,5,31,0,1,F,1,2032,5,9999,9,1,25,2,48,1,0,0,995,0,0,0,99403,9,9,2,5,3,1,2,1,1,1,0,2,0,0,1,1,0,0,9,0,1,4,66,2,1,1,5,L,86,0,0,0,0,0,0,0,0,0,0,270,350,0,0,0,1,3,9,-8,4,7276,998,124,8,0,4,99,99,0,99,0,995,9.8,998,998,998,99.8,99.8,99.8,113.6399485,12,7
26176,76,50,1-76-2022-050-10,10,1,4T4BF1FK5CR1,17,448,2469,13,0,49,40,2012,4,1,3,0,1,F,9,1441,5,9999,9,0,998,2,89,1,8,9,998,8,7,9,12470,9,9,0,4,2,1,2,4,3,4,1,2,0,0,4,4,0,0,9,1,14,1,6,99,9,4,1,A,2,0,0,0,0,0,0,0,0,0,0,998,998,0,0,0,1,0,999,999,999,9999999,999,999,999,9,0,0,0,0,0,0,998,0.3,120,94,53,22.8,4.6,23.3,4847.896866,3,7
26178,52,78,1-52-2022-078-09,9,1,4T1BE46K97U5,17,448,2469,13,0,49,40,2007,4,1,3,0,1,F,9,1490,5,9999,9,0,998,2,56,1,1,8,997,8,0,9,59101,1,2,2,2,2,1,2,1,2,1,0,1,0,0,3,1,3,2,9,1,14,2,14,99,1,4,1,C,14,0,0,0,0,0,0,0,0,0,0,998,998,0,1,0,1,0,999,999,999,9999999,999,999,999,9,0,1,3,0,4,0,998,0.0,120,77,68,9.2,1.5,9.3,71.20544117,12,7
26180,24,78,1-24-2022-078-03,3,1,KNDERCAA6M70,17,499,26900,7,0,63,498,2021,14,3,14,0,1,F,1,1445,5,0,1,1,27,2,80,1,0,0,995,0,0,0,08234,1,2,2,4,2,1,2,1,1,1,1,2,0,0,1,1,0,0,2,0,11,2,15,1,1,1,4,J,68,0,0,0,0,0,0,0,0,0,0,350,200,0,0,0,1,3,21,-21,-4,25977,998,-33,20,0,4,0,0,0,0,0,995,9.8,998,998,998,99.8,99.8,99.8,105.3007053,1,7
26180,24,78,1-24-2022-078-03,3,2,JN8AZ28R99T1,17,478,2341,7,0,35,52,2009,6,1,2,0,1,F,1,1268,5,0,1,1,34,2,80,1,0,0,995,0,0,0,08324,9,9,2,4,3,2,2,1,1,1,1,2,0,0,1,1,0,0,9,0,1,4,62,99,1,1,4,J,69,0,0,0,0,0,0,0,0,0,0,200,350,0,0,0,1,3,24,-22,8,31089,998,4,25,0,4,0,0,0,0,0,995,9.8,998,998,998,99.8,99.8,99.8,105.3007053,1,7
26181,33,10,1-33-2022-010-03,3,1,1GTCS19WX181,17,472,11073,60,0,23,471,2001,34,5,30,0,1,R,2,1471,5,9999,9,0,998,2,72,1,9,0,995,0,9,0,95948,1,9,2,5,4,98,2,1,1,1,0,1,0,0,1,1,1,2,9,1,11,2,15,1,1,7,4,J,68,0,0,0,0,0,0,0,0,0,0,280,160,0,0,0,1,3,27,-21,-18,76082,998,-7,36,0,4,99,99,0,99,0,995,1.3,107,16,14,0.0,0.0,0.0,119.2246979,12,7
26181,33,10,1-33-2022-010-03,3,2,5UX43DT04N9J,17,452,5992,7,0,34,498,2022,14,3,14,0,1,F,1,1961,5,0,1,1,51,2,72,1,0,0,995,0,0,0,95917,9,1,2,5,4,2,2,1,1,1,3,2,0,0,1,1,1,2,9,0,1,4,62,2,2,1,4,J,69,0,0,0,0,0,0,0,0,0,0,160,280,0,0,0,1,3,21,-20,7,25462,998,116,14,0,4,9,97,0,99,0,995,9.8,998,998,998,99.8,99.8,99.8,119.2246979,12,7
26181,33,10,1-33-2022-010-03,3,3,1XPTDP9X2HD4,17,495,2791,66,0,87,881,2017,66,8,68,0,1,F,9,,,,,,,5,72,1,0,0,995,0,0,0,95963,9,9,2,5,4,1,2,1,1,1,1,3,0,0,1,1,1,2,9,0,1,3,52,2,2,1,6,M,98,,,,,,,,,,,,,,,,,,,,,,,,,,,95,95,95,95,,,9.8,998,998,998,99.8,99.8,99.8,119.2246979,12,7
26181,33,10,1-33-2022-010-03,3,4,5YFEPRAE5LP1,17,448,2208,13,0,49,32,2020,4,1,3,0,1,B,2,1315,5,0,2,4,57,2,72,1,0,0,995,0,0,0,80526,1,2,2,5,4,1,2,1,1,1,1,3,0,0,1,1,1,2,1,0,1,3,53,2,1,1,6,M,98,0,0,0,0,0,0,0,0,0,0,160,160,0,0,0,3,5,999,999,999,9999999,999,999,999,7,0,1,2,0,6,0,995,1.3,120,73,81,2.9,0.7,2.9,119.2246979,12,7
26182,30,52,1-30-2022-052-03,3,1,5YFEPRAE3LP0,17,448,2208,13,0,49,32,2020,4,1,3,0,1,F,1,1315,5,0,1,1,9,2,64,1,0,0,995,0,0,0,85308,9,2,0,1,3,1,2,1,1,1,1,3,0,0,3,1,0,0,9,1,15,2,10,1,1,2,2,F,48,0,0,0,0,0,0,0,0,0,0,80,90,0,0,0,1,3,21,-20,4,10487,998,-19,14,0,4,1,1,0,6,0,995,1.2,120,15,15,0.0,0.0,0.0,320.5141255,10,7
26182,30,52,1-30-2022-052-03,3,2,1GCRCPECXGZ3,17,467,1850,60,0,20,481,2016,34,5,30,0,1,R,1,2269,5,9999,9,0,998,5,64,1,0,0,995,0,0,0,85378,9,9,0,1,3,2,2,1,1,1,3,3,0,0,3,1,0,0,1,0,5,4,61,1,1,1,2,F,48,0,0,0,0,0,0,0,0,0,0,90,80,0,0,0,1,3,13,12,-4,27484,998,-17,18,0,4,95,95,95,95,0,995,9.8,998,998,998,99.8,99.8,99.8,320.5141255,10,7
26184,17,50,1-17-2022-050-03,3,1,1FMCU0G68LUB,17,460,1798,7,0,12,402,2020,14,3,14,0,1,F,1,1496,5,0,1,1,16,2,89,1,9,0,995,0,9,0,61275,1,2,0,1,2,1,2,1,2,1,1,3,2,3,1,1,0,0,1,1,14,1,8,99,1,4,1,A,1,0,0,0,0,0,0,0,0,0,0,998,998,0,0,0,1,12,999,999,999,9999999,999,999,999,6,0,2,4,0,3,0,998,9.8,998,998,998,99.8,99.8,99.8,136.5099898,4,7
26185,20,105,1-20-2022-105-07,7,1,19XFC2F55HE2,17,474,1863,13,0,37,31,2017,4,1,3,0,1,F,1,1244,5,0,1,1,44,7,105,1,0,0,995,0,0,0,93960,9,1,0,2,2,2,2,1,1,1,3,2,1,3,1,1,0,0,3,0,1,3,52,4,1,1,2,D,28,0,0,0,0,0,0,0,0,0,0,210,200,0,1,0,1,3,11,-10,6,3381,998,42,8,0,4,0,0,0,0,0,995,9.8,998,998,998,99.8,99.8,99.8,506.2815207,11,7
26185,20,105,1-20-2022-105-07,7,2,1MEFM50U75A6,17,465,2365,13,0,14,17,2005,4,1,3,0,1,B,1,1513,8,0,1,1,23,2,105,1,0,0,995,0,0,0,93901,1,9,0,2,2,2,2,1,1,1,3,2,1,3,1,1,0,0,1,0,2,3,53,1,1,1,2,D,29,0,0,0,0,0,0,0,0,0,0,200,210,0,1,0,1,3,9,9,-3,8911,998,36,12,0,4,0,0,0,0,0,995,9.8,998,998,998,99.8,99.8,99.8,506.2815207,11,7