CASEID,PSU,CASENO,CASENUMBER,CATEGORY,VEHNO,VIN,VINLENGTH,VPICMAKE,VPICMODEL,VPICBODYCLASS,ICFINALBODY,MAKE,MODEL,MODELYR,BODYTYPE,BODYCAT,VEHCLASS,SPECUSE,TRANSTAT,DAMPLANE,DAMSEV,CURBWT,CURBSRC,CARGOWT,CARGOSRC,INSPTYPE,INSPLAG,TOWED,SPEEDLIMIT,DRPRESENT,PARALCOHOL,ALCTEST,ALCTESTRESULT,ALCTESTSRC,PARDRUG,DRUGTEST,ZIP,RACE,ETHNICITY,RELTOJUNCT,TRAFFLOW,RDLANES,INITLANE,SURFTYPE,SURFCOND,ALIGNMENT,PROFILE,LINERIGHT,LINELEFT,RUMBINIT,RUMBROAD,LIGHTCOND,WEATHER,TRAFDEV,TRAFFUNCT,DISTRACT,PREFHE,PREMOVE,CRITCAT,CRITEVENT,MANEUVER,PRESTAB,PRELOC,CRASHCAT,CRASHCONF,CRASHTYPE,ROLLTYPE,ROLLTURN,ROLLINTRPT,ROLLPREMAN,ROLLINITYP,ROLLINLOC,ROLLOBJ,ROLLTRIP,ROLLDIR,ROLLDIST,DVANGTHIS,DVANGOTH,TOWHITCH,TRAJDOC,TREEPOLE,DVEVENT,DVBASIS,DVTOTAL,DVLONG,DVLAT,DVENERGY,DVSPEED,DVMOMENT,DVBES,DVEST,DVCONF,VAIS,VISS,VINJURED,VTREAT,INITOBJCLASS,HEADANGLECAT,SHLDRWIDTH,STRKLENGTH,STRKWIDTH,STRKHEIGHT,EDGEDISTX,EDGEDISTY,EDGEDISTZ,CASEWGT,PSUSTRAT,VERSION
26186,76,51,1-76-2022-051-06,6,1,1C4NJRBBXDD2,17,483,1947,7,0,2,407,2013,14,3,14,0,1,T,3,1485,5,0,1,1,45,2,89,1,1,1,114,2,7,0,13775,9,9,0,4,2,1,2,2,1,4,1,2,0,0,2,2,0,0,9,1,1,2,13,2,1,4,1,A,1,1,6,9,2,5,4,31,6,2,21,997,997,0,0,0,3,6,999,999,999,9999999,999,999,999,8,0,1,1,0,6,2,997,0.7,999,999,999,15.8,4.2,16.4,38.84549045,3,7
26187,76,52,1-76-2022-052-08,8,1,2FTRX17W02CA,17,460,1801,60,0,12,481,2002,34,5,31,0,1,F,1,1917,5,0,1,1,41,2,89,1,8,9,998,8,7,9,13842,9,9,0,4,2,1,5,1,3,2,0,0,0,0,1,1,0,0,9,1,14,1,1,99,3,4,1,A,2,0,0,0,0,0,0,0,0,0,0,998,998,0,1,1,2,12,999,999,999,9999999,999,999,999,6,0,2,5,0,4,0,998,0.0,999,999,119,5.9,2.8,6.5,23.06746826,3,7
26188,11,37,1-11-2022-037-02,2,1,4S3BWAA60L30,17,523,2232,13,0,48,34,2020,4,1,3,0,1,F,3,1606,5,0,1,4,22,2,72,1,0,1,149,2,0,2,23139,1,9,0,4,2,1,2,1,3,9,1,2,0,0,2,1,6,2,1,1,14,6,87,7,1,4,1,B,8,0,0,0,0,0,0,0,0,0,0,998,998,0,0,9,1,1,55,-55,0,193779,998,1,54,0,1,2,12,0,3,0,998,0.0,999,999,999,10.7,3.4,11.2,67.0889176,8,7
26189,11,38,1-11-2022-038-05,5,1,2HGFC2F53GH5,17,474,1863,13,0,37,31,2016,4,1,3,0,1,F,1,1244,5,0,1,1,11,3,72,1,1,1,200,1,0,0,23237,9,9,2,1,4,1,2,1,1,9,1,1,0,0,3,1,1,2,1,0,1,3,50,4,1,1,2,D,20,0,0,0,0,0,0,0,0,0,0,180,175,0,0,0,1,5,999,999,999,9999999,999,999,24,2,0,9,97,0,4,0,995,9.8,998,998,998,99.8,99.8,99.8,263.4272926,8,7
26189,11,38,1-11-2022-038-05,5,2,1HTKSSWM4KH8,17,526,20957,11,0,84,881,2019,62,8,60,0,1,B,9,,,,,,,5,72,1,0,0,995,0,0,0,23224,9,9,2,1,4,1,2,1,1,9,1,1,0,0,3,1,1,2,1,0,5,3,53,1,1,1,2,D,21,,,,,,,,,,,,,,,,,,,,,,,,,,,95,95,95,95,,,9.8,998,998,998,99.8,99.8,99.8,263.4272926,8,7
26190,48,13,1-48-2022-013-04,4,1,1FTEW1EG1JKF,17,460,1801,60,0,12,481,2018,34,5,31,0,1,F,1,2130,5,0,2,1,8,2,72,1,0,0,995,0,0,0,84337,1,2,0,4,2,1,2,2,1,1,1,2,0,0,4,2,0,0,1,0,1,6,87,3,1,1,1,C,13,0,0,0,0,0,0,0,0,0,0,998,998,0,0,0,1,10,999,999,999,9999999,999,2,19,2,0,0,0,0,0,0,998,9.8,998,998,998,99.8,99.8,99.8,920.6784709,12,7
26191,14,47,1-14-2022-047-04,4,1,JTEGF21AX301,17,448,2213,7,0,49,403,2003,14,3,14,0,1,F,2,1580,5,0,1,1,20,2,89,1,0,1,0,2,0,1,78133,1,2,0,4,2,1,2,1,3,4,1,2,0,0,2,1,0,0,3,0,14,3,50,99,1,1,2,D,20,0,0,0,0,0,0,0,0,0,0,40,40,0,0,0,1,1,29,-29,0,53969,998,0,29,0,1,3,10,1,3,0,995,9.8,998,998,998,99.8,99.8,99.8,13986.22441,8,7
26191,14,47,1-14-2022-047-04,4,2,JN1AZ36A76M4,17,478,2303,1,0,35,48,2006,1,1,3,0,1,B,2,1633,5,0,1,1,24,2,89,1,0,0,995,0,0,0,78133,1,9,0,4,2,1,2,1,3,4,1,2,0,0,2,1,0,0,9,0,5,3,53,99,1,1,2,D,21,0,0,0,0,0,0,0,0,0,0,40,40,0,0,0,1,1,27,27,0,52390,998,1,27,0,1,0,0,0,0,0,995,9.8,998,998,998,99.8,99.8,99.8,13986.22441,8,7
26191,14,47,1-14-2022-047-04,4,3,1FTEW1CP7JKG,17,460,1801,60,0,12,481,2018,34,5,31,0,1,B,1,2028,5,0,1,4,20,2,89,1,0,0,995,0,0,0,78382,1,9,0,4,2,1,2,1,3,4,1,2,0,0,2,1,0,0,9,0,5,3,53,99,1,1,6,M,98,0,0,0,0,0,0,0,0,0,0,40,40,0,0,0,2,12,999,999,999,9999999,999,999,999,6,0,0,0,0,0,0,995,9.8,998,998,998,99.8,99.8,99.8,13986.22441,8,7
26192,14,48,1-14-2022-048-02,2,1,WMWXJ1C05L2L,17,456,1765,5,0,69,54,2020,6,1,3,0,1,F,1,1563,5,0,1,1,25,2,89,1,0,1,396,2,0,2,78163,1,9,0,4,2,1,2,1,3,1,1,2,1,0,2,1,0,0,9,1,14,2,12,99,1,4,1,B,6,1,5,2,6,1,4,61,1,1,26,998,998,0,1,0,2,1,13,-13,0,12414,998,-48,13,0,1,3,14,1,3,3,998,1.2,999,999,999,24.5,7.7,26.4,248.5741733,8,7
26193,24,79,1-24-2022-079-03,3,1,3N1AB7AP7HY3,17,478,1907,13,0,35,43,2017,4,1,3,0,1,R,2,1300,5,0,1,1,16,2,40,1,0,0,995,0,0,0,08087,1,2,2,4,4,1,2,1,1,1,0,1,0,0,1,1,1,2,9,0,1,2,17,99,1,1,5,L,87,0,0,0,0,0,0,0,0,0,0,260,155,0,0,0,1,12,999,999,999,9999999,999,999,999,7,0,0,0,0,6,0,995,9.8,998,998,998,99.8,99.8,99.8,411.8326201,1,7
26193,24,79,1-24-2022-079-03,3,2,KMHLN4AJ7NU0,17,498,2735,13,0,55,35,2022,4,1,3,0,1,F,2,1345,5,0,1,1,16,2,40,1,0,0,995,0,0,0,08080,1,2,2,3,3,2,2,1,1,1,1,1,0,0,1,1,1,2,1,0,1,2,17,8,1,1,5,L,86,0,0,0,0,0,0,0,0,0,0,155,260,0,0,0,1,12,999,999,999,9999999,999,999,999,7,0,1,1,0,4,0,995,9.8,998,998,998,99.8,99.8,99.8,411.8326201,1,7
26194,24,80,1-24-2022-080-04,4,1,WBAFU7C52BC8,17,452,1716,13,0,34,35,2011,4,1,5,0,1,F,1,1920,5,0,1,5,13,2,80,1,0,0,995,0,0,0,08330,9,9,1,4,2,1,2,2,1,9,1,2,0,0,3,2,1,2,9,0,1,2,17,99,1,1,4,K,83,0,0,0,0,0,0,0,0,0,0,110,350,0,0,0,1,3,6,-6,-1,3173,998,-40,6,0,4,0,0,0,0,0,995,9.8,998,998,998,99.8,99.8,99.8,1738.543265,1,7
26194,24,80,1-24-2022-080-04,4,2,1GCHSBEN5N11,17,467,4086,60,0,20,473,2022,34,5,31,0,1,L,1,1791,5,0,1,1,36,2,105,1,0,0,995,0,0,0,08234,9,9,1,3,1,1,2,2,3,9,1,2,0,0,3,2,1,2,9,0,11,2,15,99,1,1,4,K,82,0,0,0,0,0,0,0,0,0,0,350,110,0,0,0,1,3,6,-4,5,8350,998,-210,6,0,4,0,0,0,0,0,995,9.8,998,998,998,99.8,99.8,99.8,1738.543265,1,7
26195,16,49,1-16-2022-049-03,3,1,1N4BL4CV3LC1,17,478,1904,13,0,35,47,2020,4,1,4,0,1,F,9,1545,5,9999,9,0,998,5,40,1,0,0,995,0,0,0,45230,9,9,2,4,2,1,2,1,1,2,0,2,0,0,1,8,2,2,1,0,1,2,17,99,1,1,5,L,88,0,0,0,0,0,0,0,0,0,0,105,15,0,0,0,1,0,999,999,999,9999999,999,999,999,9,0,95,95,95,95,0,995,9.8,998,998,998,99.8,99.8,99.8,389.123354,5,7
26195,16,49,1-16-2022-049-03,3,2,3VWCB7BU2LM0,17,482,3137,13,0,30,40,2020,4,1,3,0,1,F,1,1350,5,0,1,1,54,2,40,1,0,0,995,0,0,0,45208,9,9,2,4,2,1,2,1,1,1,0,2,0,0,1,8,0,0,1,0,1,4,66,98,1,1,5,L,89,0,0,0,0,0,0,0,0,0,0,998,998,0,0,0,3,1,24,-24,4,39265,998,63,24,0,4,0,0,0,0,0,998,0.0,3,3,999,3.9,0.6,4.0,389.123354,5,7
26196,16,50,1-16-2022-050-01,1,1,WDD5J4GB8LN0,17,449,2083,13,0,42,54,2020,4,1,3,0,1,F,3,1525,8,0,1,1,9,2,56,1,1,1,308,3,0,2,85042,1,9,0,4,2,1,2,1,2,1,1,2,0,0,3,8,0,0,9,1,14,2,13,8,1,4,1,A,1,0,0,0,0,0,0,0,0,0,0,998,998,0,0,0,1,1,76,-75,-13,362299,998,-9,76,0,4,5,38,1,1,0,998,0.0,72,82,100,27.0,0.6,27.0,51.61237491,5,7
26197,25,48,1-25-2022-048-06,6,1,6G3NS5U31EL9,17,467,1830,13,0,20,27,2014,4,1,5,0,1,F,2,1888,8,0,1,1,7,2,72,1,8,0,995,0,7,0,04287,9,9,0,4,2,1,2,1,1,1,1,2,0,0,1,1,0,0,3,1,1,2,12,1,2,4,1,B,6,1,2,2,2,1,1,61,1,1,6,998,998,0,0,1,1,12,999,999,999,9999999,999,999,999,7,0,0,0,0,4,3,998,1.1,41,31,120,14.8,3.4,15.0,1664.054521,2,7
26198,25,49,1-25-2022-049-10,10,1,1VWBP7A30CC0,17,482,3134,13,0,30,46,2012,4,1,4,0,1,F,1,1436,5,0,1,4,72,2,56,1,8,0,995,0,7,0,04358,9,9,2,4,3,2,2,1,1,2,1,2,0,0,3,1,1,2,1,0,11,2,15,99,1,1,4,J,68,0,0,0,0,0,0,0,0,0,0,300,180,0,0,0,1,12,999,999,999,9999999,999,999,999,6,0,0,0,0,0,0,995,9.8,998,998,998,99.8,99.8,99.8,11554.08906,2,7
26198,25,49,1-25-2022-049-10,10,2,WBADX7C52BE7,17,452,1711,1,0,34,34,2011,1,1,3,0,1,F,9,1620,5,9999,9,4,85,2,56,1,8,0,995,0,7,0,04105,9,9,2,4,2,1,2,1,1,2,1,2,0,0,3,1,1,2,1,0,1,4,62,99,1,1,4,J,69,0,0,0,0,0,0,0,0,0,0,180,300,0,0,0,1,12,999,999,999,9999999,999,999,999,9,0,0,0,0,0,0,995,9.8,998,998,998,99.8,99.8,99.8,11554.08906,2,7
26199,25,50,1-25-2022-050-02,2,1,WAUFNCF53JA0,17,582,3787,5,0,32,49,2018,5,1,4,0,1,F,9,1680,5,0,1,4,52,2,40,1,1,1,274,2,7,2,04103,1,9,0,4,2,1,2,1,3,2,1,0,0,0,1,1,0,0,9,1,14,2,13,99,1,4,1,A,1,0,0,0,0,0,0,0,0,0,0,998,998,0,1,1,2,12,999,999,999,9999999,999,999,999,9,0,3,27,1,3,0,998,1.5,25,25,81,8.8,3.2,9.4,133.7343505,2,7
26199,25,50,1-25-2022-050-02,2,2,1GCUYDED1MZ3,17,467,1850,60,0,20,481,2021,34,5,30,0,1,F,9,2208,5,9999,9,0,998,5,40,1,8,0,995,0,7,0,04062,9,9,0,4,2,1,2,1,2,2,1,0,0,0,1,1,0,0,9,0,14,4,64,99,1,1,6,M,98,0,0,0,0,0,0,0,0,0,0,125,165,0,0,0,3,0,999,999,999,9999999,999,999,999,9,0,95,95,95,95,0,995,9.8,998,998,998,99.8,99.8,99.8,133.7343505,2,7
26200,52,79,1-52-2022-079-03,3,1,3N1CN7APXKL8,17,478,1894,13,0,35,50,2019,4,1,2,0,1,F,3,1194,5,0,1,1,47,2,105,1,0,0,995,0,0,0,59101,1,9,0,2,2,1,2,1,1,1,3,2,1,3,1,1,6,2,9,0,1,3,51,2,1,1,2,D,24,0,0,0,0,0,0,0,0,0,0,90,90,0,0,0,1,3,61,-61,0,126536,998,0,51,0,4,2,9,0,4,0,995,9.8,998,998,998,99.8,99.8,99.8,59.0778943,12,7
26200,52,79,1-52-2022-079-03,3,2,1FTFX1EFXBKD,17,460,1801,60,0,12,481,2011,34,5,31,0,1,B,2,2586,5,9999,9,0,998,5,105,1,0,0,995,0,0,0,59101,9,9,0,2,2,1,2,1,1,1,3,2,1,3,1,1,6,2,9,0,1,3,53,99,1,1,2,D,25,0,0,0,0,0,0,0,0,0,0,90,90,0,0,0,1,3,30,30,0,141284,998,0,38,0,4,95,95,95,95,0,995,9.8,998,998,998,99.8,99.8,99.8,59.0778943,12,7
26201,52,80,1-52-2022-080-10,10,1,1G4HP52K25U1,17,468,8842,13,0,18,2,2005,4,1,4,0,1,F,2,1618,5,0,1,1,39,2,113,1,0,0,995,0,0,0,59457,9,9,0,4,2,1,2,1,1,1,1,4,3,3,2,1,0,0,9,0,1,6,87,1,1,1,1,C,13,0,0,0,0,0,0,0,0,0,0,998,998,0,0,0,1,10,999,999,999,9999999,999,999,999,7,0,0,0,0,0,0,998,9.8,998,998,998,99.8,99.8,99.8,2146.859676,12,7
26202,52,81,1-52-2022-081-06,6,1,1C6RR7XT6GS1,17,496,13620,60,0,7,482,2016,34,5,31,5,1,T,1,2336,5,220,1,1,27,2,113,1,0,0,995,0,0,0,59068,1,2,0,4,2,1,5,1,2,2,0,0,0,0,2,1,6,2,3,1,14,1,6,4,3,4,1,B,7,1,3,1,2,1,4,61,1,2,15,997,997,0,0,0,1,6,999,999,999,9999999,999,999,999,6,0,1,1,0,6,3,997,0.0,120,10,87,10.8,8.1,13.5,134.5172593,12,7
26203,52,82,1-52-2022-082-09,9,1,JS3TD62V7Y41,17,509,10291,7,0,53,402,2000,14,3,14,0,1,T,2,1450,5,0,1,1,34,2,72,1,8,1,313,2,0,9,59106,9,9,0,4,2,1,2,1,1,1,1,4,0,0,2,1,0,0,9,1,1,2,13,99,9,4,1,A,1,1,4,2,2,1,3,61,1,2,16,997,997,0,0,0,2,6,999,999,999,9999999,999,999,999,7,0,2,5,0,3,3,997,9.8,998,998,998,99.8,99.8,99.8,328.968273,12,7
26204,10,85,1-10-2022-085-08,8,1,1G1ND52J02M5,17,467,1834,13,0,20,37,2002,4,1,3,0,1,L,3,1384,5,0,1,1,18,2,64,1,0,1,85,2,0,0,45315,2,9,2,2,2,1,2,2,1,1,0,3,0,0,2,2,1,2,1,1,1,2,13,99,9,4,1,A,1,0,0,0,0,0,0,0,0,0,0,998,998,0,0,0,1,1,40,0,40,90094,998,-16,40,0,4,4,21,1,3,0,998,0.0,120,120,80,18.5,10.7,21.8,474.1034228,4,7
26205,10,86,1-10-2022-086-02,2,1,5NPD84LF1LH5,17,498,2735,13,0,55,35,2020,4,1,3,0,1,F,1,1280,5,0,1,1,13,2,89,1,0,1,0,2,0,2,45248,1,2,2,4,2,1,2,1,1,1,1,1,0,0,1,1,1,2,1,0,1,2,17,99,1,1,5,L,86,0,0,0,0,0,0,0,0,0,0,200,290,0,0,0,1,5,999,999,999,9999999,999,999,22,2,0,4,18,2,3,0,995,0.0,120,25,47,5.9,4.8,7.9,19.15348845,4,7
26205,10,86,1-10-2022-086-02,2,2,1FT7W2B61DEA,17,460,1805,60,0,12,481,2013,34,5,31,0,1,R,1,3148,5,0,1,1,13,2,56,1,0,0,995,0,0,0,45405,9,9,2,4,4,1,2,1,1,1,0,1,0,0,1,1,1,2,1,0,1,4,66,7,1,1,5,L,87,0,0,0,0,0,0,0,0,0,0,290,200,1,0,0,1,5,999,999,999,9999999,999,999,999,1,0,1,1,0,4,0,995,9.8,998,998,998,99.8,99.8,99.8,19.15348845,4,7
26206,10,87,1-10-2022-087-09,9,1,2G1FP32K8T21,17,467,1829,1,0,20,9,1996,1,1,2,0,1,F,1,1572,5,0,1,1,10,2,40,1,0,0,995,0,0,0,45378,9,9,0,4,2,1,2,1,1,1,0,0,0,0,1,1,0,0,1,1,1,2,13,99,1,4,1,A,1,0,0,0,0,0,0,0,0,0,0,998,998,0,0,1,1,1,18,-18,0,23669,998,55,18,0,1,0,0,0,0,0,998,0.0,25,25,90,0.0,0.0,0.0,2057.001789,4,7
26207,10,88,1-10-2022-088-03,3,1,3MW5P9J03M8B,17,452,9569,13,0,34,398,2021,4,1,4,0,1,F,1,1770,5,0,1,1,6,2,56,1,0,0,995,0,0,0,45385,9,9,2,4,3,1,2,1,1,1,0,1,0,0,1,1,1,2,1,0,1,2,17,99,1,1,4,J,69,0,0,0,0,0,0,0,0,0,0,285,65,0,0,0,1,1,19,-19,0,28863,998,45,19,0,1,1,1,0,4,0,995,9.8,998,998,998,99.8,99.8,99.8,385.7208137,4,7
26207,10,88,1-10-2022-088-03,3,2,2T3RFREV3JW8,17,448,2217,7,0,49,402,2018,14,3,14,0,1,R,1,1610,5,0,1,1,6,2,56,1,0,0,995,0,0,0,45011,1,2,2,4,3,2,2,1,1,1,1,2,0,0,1,1,1,2,1,0,11,4,63,99,1,1,4,J,68,0,0,0,0,0,0,0,0,0,0,65,285,0,0,0,1,1,19,-15,-12,36900,998,92,19,0,1,0,0,0,4,0,995,9.8,998,998,998,99.8,99.8,99.8,385.7208137,4,7
26207,10,88,1-10-2022-088-03,3,3,4JGDA5HBXJB1,17,449,5886,7,0,42,404,2018,14,3,14,0,1,L,9,2235,5,9999,9,0,998,5,56,1,0,0,995,0,0,0,45429,9,9,2,4,3,1,2,1,1,1,0,1,0,0,1,1,1,2,1,0,5,4,62,1,1,1,6,M,98,0,0,0,0,0,0,0,0,0,0,205,205,0,0,0,3,0,999,999,999,9999999,999,999,999,9,0,95,95,95,95,0,995,9.8,998,998,998,99.8,99.8,99.8,385.7208137,4,7
26208,28,49,1-28-2022-049-09,9,1,1FTCR14A9NTA,17,460,1803,60,0,12,471,1992,34,5,30,0,1,R,2,1422,5,0,1,1,4,2,89,1,0,0,995,0,0,0,16922,1,2,0,4,2,1,2,2,3,1,1,2,0,0,1,2,0,0,1,1,14,6,87,4,2,4,1,A,2,1,1,2,2,1,4,61,1,1,10,997,997,0,0,0,2,6,999,999,999,9999999,999,999,999,7,0,1,1,0,6,3,997,1.1,120,38,69,15.7,1.9,15.9,145.1404651,3,7
26209,28,50,1-28-2022-050-03,3,1,NM0LS6E79J13,17,460,1811,95,0,12,444,2018,20,4,20,0,1,B,2,1590,8,0,2,4,7,2,64,1,0,0,995,0,0,0,16915,1,2,3,4,2,1,2,1,1,1,1,2,0,0,1,1,0,0,1,0,11,3,53,1,1,1,2,D,30,0,0,0,0,0,0,0,0,0,0,315,315,0,0,0,1,5,999,999,999,9999999,999,999,999,7,0,1,3,0,6,0,995,9.8,998,998,998,99.8,99.8,99.8,121.9321881,3,7
26209,28,50,1-28-2022-050-03,3,2,3C7WRLEL7JG1,17,496,13624,63,11,7,881,2018,61,8,60,0,1,F,9,,,,,,,2,64,1,0,0,995,0,0,0,17740,9,9,3,4,2,1,2,1,1,1,1,2,0,0,1,1,0,0,3,0,1,3,52,1,1,1,2,D,28,,,,,,,,,,,,,,,,,,,,,,,,,,,95,95,95,95,,,9.8,998,998,998,99.8,99.8,99.8,121.9321881,3,7
26210,54,52,1-54-2022-052-03,3,1,1FTMF1CB3JKF,17,460,1801,60,0,12,481,2018,34,5,31,0,1,F,9,1837,5,9999,9,0,998,2,89,1,0,0,995,0,0,0,35630,2,9,3,4,2,1,2,1,1,1,1,2,2,2,1,1,0,0,9,0,1,3,51,99,1,1,2,D,24,0,0,0,0,0,0,0,0,0,0,345,345,0,0,0,1,0,999,999,999,9999999,999,999,999,9,0,1,1,0,4,0,995,0.3,44,44,110,21.0,16.0,26.0,160.5922444,9,7
26210,54,52,1-54-2022-052-03,3,2,1D7RV1GT1BS6,17,476,1938,60,0,7,482,2011,34,5,31,0,1,B,9,2385,5,9999,9,0,998,2,89,1,0,0,995,0,0,0,35581,1,9,3,4,2,1,2,1,1,1,1,2,2,2,1,1,0,0,9,0,1,3,53,99,1,1,2,D,25,0,0,0,0,0,0,0,0,0,0,345,345,0,0,0,1,0,999,999,999,9999999,999,999,999,9,0,2,4,0,4,0,995,9.8,998,998,998,99.8,99.8,99.8,160.5922444,9,7
26211,54,53,1-54-2022-053-01,1,1,1FTYR10C5XPA,17,460,1803,60,0,12,471,1999,34,5,30,0,1,F,2,1347,5,0,1,1,8,2,56,1,0,0,995,0,0,0,35582,1,9,0,4,2,1,2,1,3,2,0,0,0,0,4,1,0,0,9,1,14,2,13,7,4,4,1,B,7,0,0,0,0,0,0,0,0,0,0,998,998,0,1,1,1,1,25,-19,-16,47490,998,-85,25,0,4,9,0,0,1,0,998,0.0,95,95,110,5.0,7.5,9.0,179.7587124,9,7
26212,66,47,1-66-2022-047-03,3,1,1GNERGKW6LJ1,17,467,1853,7,0,20,423,2020,15,3,15,0,1,F,1,1978,5,0,1,1,41,2,113,1,0,0,995,0,7,0,45420,9,9,0,2,2,2,2,1,1,3,3,2,1,3,2,1,0,0,9,1,1,6,87,3,9,4,1,B,8,0,0,0,0,0,0,0,0,0,0,998,998,0,0,0,1,10,999,999,999,9999999,999,999,999,6,0,1,1,0,4,0,998,2.4,999,999,999,99.9,5.3,99.9,127.8599504,6,7
26213,66,48,1-66-2022-048-10,10,1,3GNBABFW0BS5,17,467,4586,7,0,20,23,2011,6,1,2,0,1,L,2,1431,5,0,1,1,34,2,89,1,0,0,995,0,7,0,65769,9,9,0,4,2,1,2,2,3,1,1,2,3,3,2,2,6,2,9,1,14,1,6,2,4,4,1,B,7,1,6,1,2,1,4,61,1,1,34,996,996,0,0,1,3,7,999,999,999,9999999,999,999,999,7,0,99,99,0,99,3,996,0.2,999,7,120,5.8,2.7,6.4,208.9379154,6,7
26214,31,42,1-31-2022-042-07,7,1,19UUB2F54HA0,17,475,5354,13,0,54,44,2017,4,1,4,0,1,F,1,1579,5,0,1,1,5,2,113,1,0,0,995,0,0,0,66210,1,2,0,1,2,1,2,1,1,1,1,3,2,3,1,1,0,0,1,0,1,6,90,1,1,1,1,C,15,0,0,0,0,0,0,0,0,0,0,998,998,0,0,0,1,12,999,999,999,9999999,999,999,999,6,0,0,0,0,0,0,998,9.8,998,998,998,99.8,99.8,99.8,208.9861084,6,7
26215,31,43,1-31-2022-043-07,7,1,1C3CCBAB3EN1,17,477,2053,13,0,6,18,2014,4,1,3,0,1,F,1,1544,5,0,1,1,3,2,89,1,0,0,995,0,0,0,62837,9,9,0,4,2,1,2,1,1,4,0,0,0,0,2,1,0,0,9,1,1,6,89,8,1,4,1,A,3,0,0,0,0,0,0,0,0,0,0,998,998,0,0,0,1,12,999,999,999,9999999,999,999,999,6,0,0,0,0,0,0,998,0.0,116,120,999,5.8,2.6,6.2,208.9861084,6,7
26216,59,34,1-59-2022-034-08,8,1,JTEHF21A8100,17,448,2213,7,0,49,403,2001,14,3,14,0,1,F,1,1760,5,0,1,1,8,2,64,1,0,0,995,0,0,0,47802,9,9,2,4,3,1,2,1,1,1,1,1,2,2,1,1,1,2,9,0,1,4,62,99,1,1,4,J,69,0,0,0,0,0,0,0,0,0,0,30,140,0,0,0,1,1,14,-12,7,35475,998,84,18,0,1,1,1,0,4,0,995,9.8,998,998,998,99.8,99.8,99.8,467.2728743,6,7
26216,59,34,1-59-2022-034-08,8,2,KL1TD5DE6BB1,17,467,1828,13,0,20,39,2011,4,1,1,0,1,F,1,1170,5,0,1,1,8,2,64,1,0,0,995,0,0,0,47802,9,9,2,4,4,3,2,1,1,1,1,2,0,1,1,1,1,2,9,0,11,2,15,1,1,1,4,J,68,0,0,0,0,0,0,0,0,0,0,140,30,0,0,0,1,1,21,-16,-14,14443,998,-62,15,0,4,2,5,0,4,0,995,9.8,998,998,998,99.8,99.8,99.8,467.2728743,6,7
26217,59,35,1-59-2022-035-05,5,1,1G1ZT64865F3,17,467,1834,5,0,20,37,2005,5,1,3,0,1,L,1,1495,5,0,1,1,7,2,48,1,0,0,995,0,0,0,46901,1,9,2,4,2,1,2,1,1,1,0,2,0,0,1,1,1,2,9,0,1,2,17,8,1,1,5,L,89,0,0,0,0,0,0,0,0,0,0,0,80,0,0,0,1,1,24,-4,23,29511,998,36,21,0,1,1,1,0,4,0,995,9.8,998,998,998,99.8,99.8,99.8,62.23050513,6,7
26217,59,35,1-59-2022-035-05,5,2,1FM5K7D82FGA,17,460,1800,7,0,12,401,2015,14,3,14,0,1,F,1,2067,5,0,1,1,15,2,48,1,0,0,995,0,0,0,47802,1,9,2,3,4,2,2,1,1,1,1,1,0,0,1,1,1,2,1,1,1,4,66,7,1,2,5,L,88,0,0,0,0,0,0,0,0,0,0,80,0,0,0,0,1,1,17,-16,-6,35914,998,-69,19,0,1,2,4,0,4,0,995,9.8,998,998,998,99.8,99.8,99.8,62.23050513,6,7
26219,18,47,1-18-2022-047-01,1,1,2G4WS52J6Y11,17,468,8843,13,0,18,7,2000,4,1,3,0,1,T,1,1528,5,0,1,1,14,3,89,1,0,1,0,3,0,1,54739,1,9,0,4,2,1,2,1,1,1,1,4,0,0,1,1,0,0,9,1,1,1,9,99,3,4,1,A,2,1,2,2,2,1,4,61,1,2,6,997,997,0,0,0,1,6,999,999,999,9999999,999,999,999,6,0,5,35,2,1,3,997,9.8,998,998,998,99.8,99.8,99.8,60.60379946,6,7
26220,19,85,1-19-2022-085-03,3,1,3KPA24AB2JE0,17,499,2299,13,0,63,32,2018,4,1,2,0,1,L,1,1201,5,0,1,1,4,2,72,1,0,0,995,0,0,0,35146,1,2,2,4,3,1,2,1,1,1,1,1,0,0,1,1,2,2,3,0,11,2,15,1,1,1,4,K,82,0,0,0,0,0,0,0,0,0,0,10,110,0,0,0,1,1,20,-10,17,5978,998,-88,9,0,4,1,1,0,4,0,995,9.8,998,998,998,99.8,99.8,99.8,87.95865055,9,7
26220,19,85,1-19-2022-085-03,3,2,3FAHP0HA3CR1,17,460,1780,13,0,12,23,2012,4,1,3,0,1,F,1,1490,5,0,1,1,4,2,72,1,0,0,995,0,0,0,35956,1,9,2,1,4,2,2,1,2,1,1,3,0,0,1,1,0,0,9,0,14,4,67,3,1,1,4,K,83,0,0,0,0,0,0,0,0,0,0,110,10,0,0,0,1,1,16,-15,-6,41857,998,-69,24,0,4,1,1,0,4,0,995,9.8,998,998,998,99.8,99.8,99.8,87.95865055,9,7