CASEID,PSU,CASENO,CASENUMBER,CATEGORY,VEHNO,VIN,VINLENGTH,VPICMAKE,VPICMODEL,VPICBODYCLASS,ICFINALBODY,MAKE,MODEL,MODELYR,BODYTYPE,BODYCAT,VEHCLASS,SPECUSE,TRANSTAT,DAMPLANE,DAMSEV,CURBWT,CURBSRC,CARGOWT,CARGOSRC,INSPTYPE,INSPLAG,TOWED,SPEEDLIMIT,DRPRESENT,PARALCOHOL,ALCTEST,ALCTESTRESULT,ALCTESTSRC,PARDRUG,DRUGTEST,ZIP,RACE,ETHNICITY,RELTOJUNCT,TRAFFLOW,RDLANES,INITLANE,SURFTYPE,SURFCOND,ALIGNMENT,PROFILE,LINERIGHT,LINELEFT,RUMBINIT,RUMBROAD,LIGHTCOND,WEATHER,TRAFDEV,TRAFFUNCT,DISTRACT,PREFHE,PREMOVE,CRITCAT,CRITEVENT,MANEUVER,PRESTAB,PRELOC,CRASHCAT,CRASHCONF,CRASHTYPE,ROLLTYPE,ROLLTURN,ROLLINTRPT,ROLLPREMAN,ROLLINITYP,ROLLINLOC,ROLLOBJ,ROLLTRIP,ROLLDIR,ROLLDIST,DVANGTHIS,DVANGOTH,TOWHITCH,TRAJDOC,TREEPOLE,DVEVENT,DVBASIS,DVTOTAL,DVLONG,DVLAT,DVENERGY,DVSPEED,DVMOMENT,DVBES,DVEST,DVCONF,VAIS,VISS,VINJURED,VTREAT,INITOBJCLASS,HEADANGLECAT,SHLDRWIDTH,STRKLENGTH,STRKWIDTH,STRKHEIGHT,EDGEDISTX,EDGEDISTY,EDGEDISTZ,CASEWGT,PSUSTRAT,VERSION
26221,19,86,1-19-2022-086-10,10,1,1FMRU17L4XLC,17,460,1799,7,0,12,422,1999,15,3,15,0,1,F,9,2177,5,0,1,3,9,2,56,1,0,0,995,0,0,0,35954,1,2,2,4,4,1,1,1,1,2,0,1,0,0,1,1,1,2,1,0,1,3,50,1,1,1,2,D,20,0,0,0,0,0,0,0,0,0,0,160,160,0,0,0,1,5,999,999,999,9999999,999,999,999,9,0,0,0,0,0,0,995,9.8,998,998,998,99.8,99.8,99.8,3072.829608,9,7
26221,19,86,1-19-2022-086-10,10,2,2FWYGXYB0XA9,17,9271,9602,66,0,98,809,1999,66,8,67,0,1,B,9,,,,,,,5,56,1,8,0,995,0,0,0,35901,9,9,2,4,4,1,1,1,1,2,1,1,0,0,1,1,1,2,9,0,5,3,53,1,1,1,2,D,21,,,,,,,,,,,,,,,,,,,,,,,,,,,95,95,95,95,,,9.8,998,998,998,99.8,99.8,99.8,3072.829608,9,7
26222,18,46,1-18-2022-046-04,4,1,2GNAXSEV1J61,17,467,1847,7,0,20,404,2018,14,3,14,0,1,F,9,1580,5,0,1,1,40,2,40,1,0,0,995,0,0,0,54724,1,9,2,4,2,1,1,1,1,1,0,2,0,0,1,1,1,2,2,1,11,2,10,1,1,2,4,K,82,0,0,0,0,0,0,0,0,0,0,95,270,0,0,0,1,12,999,999,999,9999999,999,999,999,9,0,0,0,0,0,0,995,9.8,998,998,998,99.8,99.8,99.8,1704.941106,6,7
26222,18,46,1-18-2022-046-04,4,2,1B3CB3HA6BD2,17,476,1896,5,0,7,25,2011,5,1,2,0,1,F,9,1334,5,9999,9,0,998,2,40,1,0,0,995,0,0,0,54724,1,9,2,4,2,1,1,1,1,1,0,0,0,0,1,1,2,2,1,0,5,4,62,1,1,1,4,K,83,0,0,0,0,0,0,0,0,0,0,270,95,0,0,0,1,0,999,999,999,9999999,999,999,999,9,0,0,0,0,0,0,995,9.8,998,998,998,99.8,99.8,99.8,1704.941106,6,7
26223,12,33,1-12-2022-033-09,9,1,JM3ER2W52A03,17,473,2076,7,0,41,53,2010,5,1,3,0,1,T,2,1588,5,0,1,1,4,2,72,1,0,0,995,0,0,0,73481,9,1,0,4,2,1,2,1,3,1,1,2,0,0,1,1,0,0,1,1,14,1,6,99,4,4,1,B,7,1,8,2,2,1,4,61,1,1,30,997,997,0,0,0,1,6,999,999,999,9999999,999,999,999,7,0,1,2,0,4,3,997,9.8,998,998,998,99.8,99.8,99.8,2326.262675,9,7
26224,73,51,1-73-2022-051-06,6,1,2C4RDGCG6GR1,17,476,14832,2,0,7,442,2016,20,4,20,0,1,L,1,2050,5,0,1,1,8,2,72,1,8,0,995,0,7,0,04937,9,9,2,4,2,1,2,1,1,1,0,0,0,0,1,1,2,2,1,0,11,2,15,99,1,1,4,K,82,0,0,0,0,0,0,0,0,0,0,105,195,0,1,0,1,3,19,-3,19,40500,998,20,22,0,4,99,99,0,99,0,995,9.8,998,998,998,99.8,99.8,99.8,33.64467684,3,7
26224,73,51,1-73-2022-051-06,6,2,5TDZK3DC5BS1,17,448,2468,2,0,49,442,2011,20,4,20,0,1,F,1,1990,5,9999,9,0,998,2,72,1,8,0,995,0,7,0,04950,9,9,2,4,2,1,2,1,3,4,1,2,0,0,1,1,0,0,1,0,14,4,67,99,1,1,4,K,83,0,0,0,0,0,0,0,0,0,0,195,105,0,1,0,1,3,17,-17,-3,17539,998,-39,13,0,4,1,1,0,4,0,995,9.8,998,998,998,99.8,99.8,99.8,33.64467684,3,7
26225,73,52,1-73-2022-052-03,3,1,1FTEW1EP4LFC,17,460,1801,60,0,12,481,2020,34,5,31,0,1,F,1,2130,5,0,1,1,10,2,56,1,8,0,995,0,7,0,04468,9,9,3,4,3,1,2,1,1,1,1,2,9,9,1,1,0,0,1,0,1,4,72,7,1,1,4,K,83,0,0,0,0,0,0,0,0,0,0,245,155,0,0,0,1,8,999,999,999,9999999,999,999,999,6,0,9,97,0,0,0,995,9.8,998,998,998,99.8,99.8,99.8,54.77769328,3,7
26225,73,52,1-73-2022-052-03,3,2,1J8GR48K57C5,17,483,1949,7,0,2,404,2007,14,3,14,0,1,L,9,2116,5,9999,9,0,998,2,56,1,8,0,995,0,7,0,04930,9,9,3,3,1,1,2,1,1,1,0,0,0,0,1,1,0,0,1,0,11,2,15,99,1,1,4,K,82,0,0,0,0,0,0,0,0,0,0,155,245,0,0,0,1,0,999,999,999,9999999,999,999,999,9,0,9,97,0,0,0,995,9.8,998,998,998,99.8,99.8,99.8,54.77769328,3,7
26226,27,46,1-27-2022-046-06,6,1,19XFC2F53HE2,17,474,1863,13,0,37,31,2017,4,1,3,0,1,F,2,1244,5,0,1,1,8,2,56,1,0,0,995,0,0,0,01201,2,2,2,4,2,1,2,1,1,1,1,2,0,0,1,1,1,2,9,0,1,3,50,1,1,1,2,D,20,0,0,0,0,0,0,0,0,0,0,195,195,0,0,0,1,3,28,-28,0,38425,998,-13,27,0,4,2,6,0,6,0,995,9.8,998,998,998,99.8,99.8,99.8,108.5700239,3,7
26226,27,46,1-27-2022-046-06,6,2,999999999999,99,467,14457,65,997,25,401,2000,22,4,28,0,1,B,2,1383,5,9999,9,0,998,5,56,1,0,0,995,0,0,0,01247,9,9,2,4,2,1,2,1,1,1,1,2,0,0,1,1,1,2,1,0,5,3,53,99,1,1,2,D,21,0,0,0,0,0,0,0,0,0,0,195,195,0,0,0,1,3,26,26,0,40105,998,0,27,0,4,95,95,95,95,0,995,9.8,998,998,998,99.8,99.8,99.8,108.5700239,3,7
26226,27,46,1-27-2022-046-06,6,3,JM3KE4BE9E03,17,473,2369,7,0,41,403,2014,14,3,14,0,1,B,9,1533,5,9999,9,0,998,5,56,1,0,0,995,0,0,0,01201,9,9,2,4,2,1,2,1,1,1,1,2,0,0,1,1,1,2,1,0,5,3,53,99,1,1,6,M,98,0,0,0,0,0,0,0,0,0,0,195,195,0,0,0,2,0,999,999,999,9999999,999,999,999,9,0,95,95,95,95,0,995,9.8,998,998,998,99.8,99.8,99.8,108.5700239,3,7
26227,27,47,1-27-2022-047-07,7,1,3N1CE2CP1FL3,17,478,1898,5,0,35,50,2015,5,1,2,0,1,F,1,1096,5,0,1,1,16,2,48,1,0,0,995,0,0,0,01201,9,9,2,4,2,1,2,1,1,4,1,2,0,0,1,1,0,0,9,0,1,3,50,4,1,1,2,D,20,0,0,0,0,0,0,0,0,0,0,290,290,0,0,0,1,3,21,-21,0,11887,998,-43,15,0,4,0,0,0,0,0,995,9.8,998,998,998,99.8,99.8,99.8,372.2208992,3,7
26227,27,47,1-27-2022-047-07,7,2,4T3BA3BB4DU0,17,448,3005,7,0,49,53,2013,5,1,4,0,1,B,1,1705,5,9999,9,0,998,5,48,1,0,0,995,0,0,0,01201,9,9,2,4,2,1,2,1,1,4,1,2,0,0,1,1,0,0,1,0,5,3,53,99,1,1,2,D,22,0,0,0,0,0,0,0,0,0,0,290,290,0,0,0,1,3,14,14,0,23104,998,0,18,0,4,95,95,95,95,0,995,9.8,998,998,998,99.8,99.8,99.8,372.2208992,3,7
26228,17,51,1-17-2022-051-06,6,1,KNDJT2A50D76,17,499,2460,7,0,63,37,2013,6,1,2,0,1,F,1,1220,5,0,1,1,22,2,89,1,9,0,995,0,9,0,61238,9,9,0,4,2,1,2,1,1,4,1,4,0,0,4,1,0,0,9,0,1,6,87,99,1,1,1,C,13,0,0,0,0,0,0,0,0,0,0,998,998,0,0,0,1,10,999,999,999,9999999,999,999,999,6,0,99,99,0,8,0,998,9.8,998,998,998,99.8,99.8,99.8,364.5556549,4,7
26229,17,52,1-17-2022-052-04,4,1,1C4NJRBB2GD6,17,483,1947,7,0,2,407,2016,14,3,14,0,1,R,1,1480,5,0,1,1,32,2,72,1,9,0,995,0,9,0,61265,9,9,2,1,3,3,2,1,1,1,1,2,0,0,1,1,1,2,9,0,12,2,21,1,1,1,6,M,98,0,0,0,0,0,0,0,0,0,0,240,200,0,0,0,1,3,20,10,-17,31608,998,-15,23,0,4,0,0,0,0,0,995,9.8,998,998,998,99.8,99.8,99.8,480.5197385,4,7
26229,17,52,1-17-2022-052-04,4,2,5NMS5CAA9LH2,17,498,2057,7,0,55,401,2020,14,3,14,0,1,F,1,1843,5,0,1,1,6,2,72,1,9,0,995,0,9,0,61240,1,2,2,1,3,2,2,1,1,1,3,1,0,0,1,1,1,2,1,0,1,4,62,1,1,1,6,M,98,0,0,0,0,0,0,0,0,0,0,200,240,0,0,0,1,3,16,-15,5,15337,998,73,13,0,4,2,5,0,4,0,995,0.0,999,999,999,99.9,99.9,99.9,480.5197385,4,7
26231,26,73,1-26-2022-073-01,1,1,3N1CB51D14L4,17,478,1907,13,0,35,43,2004,4,1,1,0,1,L,3,1149,5,0,1,1,156,2,89,1,1,8,997,8,1,2,94589,2,9,0,4,2,1,2,1,2,4,1,2,3,3,2,1,0,0,9,1,14,2,11,99,9,2,2,F,48,0,0,0,0,0,0,0,0,0,0,295,345,0,1,0,1,3,56,28,48,191429,998,30,62,0,4,9,0,0,1,0,995,9.8,998,998,998,99.8,99.8,99.8,116.802962,10,7
26231,26,73,1-26-2022-073-01,1,2,JTEZU14R7600,17,448,2216,7,0,49,401,2006,14,3,14,0,1,F,2,1950,5,9999,9,4,160,2,89,1,0,0,995,0,0,0,94561,1,9,0,4,2,1,2,1,2,4,1,2,3,3,2,1,0,0,1,0,14,4,64,3,9,1,2,F,48,0,0,0,0,0,0,0,0,0,0,345,295,0,1,0,1,3,34,-34,-6,64018,998,-37,28,0,4,99,99,0,99,0,995,9.8,998,998,998,99.8,99.8,99.8,116.802962,10,7
26232,26,74,1-26-2022-074-08,8,1,JN1CV6AP9CM6,17,480,2337,13,0,58,37,2012,4,1,4,0,1,F,3,1681,5,9999,9,4,44,2,105,1,0,1,112,2,0,1,95765,9,1,0,2,5,1,2,2,1,9,1,3,0,0,2,2,0,0,1,0,1,4,60,1,1,1,2,F,45,0,0,0,0,0,0,0,0,0,0,260,300,0,0,0,1,12,999,999,999,9999999,999,999,999,8,0,4,29,1,3,0,995,3.2,999,999,999,16.1,3.2,16.2,749.8559853,10,7
26232,26,74,1-26-2022-074-08,8,2,999999999999,99,99999,99999,999,0,99,399,9999,9,1,9,99,1,R,9,9999,9,9999,9,0,998,5,105,1,9,0,995,0,9,0,99999,9,9,0,2,5,4,2,2,1,9,3,3,0,0,2,2,0,0,9,1,15,2,11,99,9,2,2,F,46,0,0,0,0,0,0,0,0,0,0,300,260,0,0,0,1,0,999,999,999,9999999,999,999,999,9,0,95,95,95,95,0,995,9.8,998,998,998,99.8,99.8,99.8,749.8559853,10,7
26234,21,36,1-21-2022-036-02,2,1,1GCGTDEN6M12,17,467,4086,60,0,20,473,2021,34,5,31,0,1,F,3,2001,5,9999,9,4,40,2,105,1,0,0,995,0,0,0,92548,1,9,0,2,4,2,1,1,1,9,3,3,0,0,1,1,0,0,9,0,1,3,50,99,1,1,2,D,20,0,0,0,0,0,0,0,0,0,0,100,90,0,0,0,1,98,999,999,999,9999999,999,999,999,8,0,4,21,1,3,0,995,9.8,998,998,998,99.8,99.8,99.8,45.84342387,11,7
26234,21,36,1-21-2022-036-02,2,2,2C3CDXBG5FH7,17,476,1895,13,0,7,24,2015,4,1,5,0,1,B,9,1785,5,9999,9,0,998,5,105,1,0,0,995,0,0,0,92408,9,9,0,2,4,2,1,1,1,9,3,3,0,0,1,1,0,0,1,0,5,3,53,7,1,1,2,D,21,0,0,0,0,0,0,0,0,0,0,90,100,0,0,0,1,0,999,999,999,9999999,999,999,999,9,0,95,95,95,95,0,995,9.8,998,998,998,99.8,99.8,99.8,45.84342387,11,7
26234,21,36,1-21-2022-036-02,2,3,5NPE24AF3HH5,17,498,2459,13,0,55,33,2017,4,1,4,0,1,B,9,1475,5,9999,9,0,998,2,105,1,0,0,995,0,0,0,92324,2,9,0,2,4,1,2,1,1,9,1,3,0,0,1,1,0,0,1,0,5,3,53,1,1,1,6,M,98,0,0,0,0,0,0,0,0,0,0,90,90,0,0,0,2,0,999,999,999,9999999,999,999,999,9,0,1,1,0,4,0,995,9.8,998,998,998,99.8,99.8,99.8,45.84342387,11,7
26234,21,36,1-21-2022-036-02,2,4,19UDE2F35KA0,17,475,2150,13,0,54,41,2019,4,1,3,0,1,B,9,1415,5,9999,9,0,998,2,105,1,0,0,995,0,0,0,92376,9,9,0,2,4,1,2,1,1,9,1,3,0,0,1,1,0,0,1,0,1,3,53,1,1,1,6,M,98,0,0,0,0,0,0,0,0,0,0,90,90,0,0,0,3,0,999,999,999,9999999,999,999,999,9,0,0,0,0,0,0,995,9.8,998,998,998,99.8,99.8,99.8,45.84342387,11,7
26234,21,36,1-21-2022-036-02,2,5,1HGEJ6225TL0,17,474,1863,3,0,37,31,1996,2,1,2,0,1,B,9,1051,5,9999,9,0,998,5,105,1,0,0,995,0,0,0,92404,9,9,0,2,4,1,2,1,1,9,1,3,0,0,1,1,0,0,1,0,5,3,53,1,1,1,6,M,98,0,0,0,0,0,0,0,0,0,0,90,90,0,0,0,5,0,999,999,999,9999999,999,999,999,9,0,95,95,95,95,0,995,9.8,998,998,998,99.8,99.8,99.8,45.84342387,11,7
26234,21,36,1-21-2022-036-02,2,6,5XXGT4L39HG1,17,499,2739,13,0,63,34,2017,4,1,4,0,1,B,9,1463,5,9999,9,0,998,5,105,1,0,0,995,0,0,0,92405,9,9,0,2,4,1,2,1,1,9,1,3,0,0,1,1,0,0,1,0,5,3,53,1,1,1,6,M,98,0,0,0,0,0,0,0,0,0,0,90,90,0,0,0,6,0,999,999,999,9999999,999,999,999,9,0,95,95,95,95,0,995,9.8,998,998,998,99.8,99.8,99.8,45.84342387,11,7
26234,21,36,1-21-2022-036-02,2,7,3C3CFFDRXDT5,17,492,2055,1,0,36,38,2013,3,1,1,0,1,B,9,1068,5,9999,9,0,998,5,105,1,0,0,995,0,0,0,92325,9,9,0,2,4,1,2,1,1,9,1,3,0,0,1,1,0,0,1,0,5,3,53,1,1,1,6,M,98,0,0,0,0,0,0,0,0,0,0,90,90,0,0,0,7,0,999,999,999,9999999,999,999,999,9,0,95,95,95,95,0,995,9.8,998,998,998,99.8,99.8,99.8,45.84342387,11,7
26235,21,37,1-21-2022-037-04,4,1,3N1CN7AP4JK4,17,478,1894,13,0,35,50,2018,4,1,2,0,1,F,9,1090,8,9999,9,0,998,2,56,1,0,0,995,0,0,0,92346,9,9,2,1,1,1,2,1,1,1,0,2,0,0,1,1,2,2,3,0,10,2,16,99,1,1,4,K,78,0,0,0,0,0,0,0,0,0,0,270,340,0,0,0,1,0,999,999,999,9999999,999,999,999,9,0,0,0,0,0,0,995,9.8,998,998,998,99.8,99.8,99.8,2291.280716,11,7
26235,21,37,1-21-2022-037-04,4,2,1GNFC13087R3,17,467,1852,7,0,20,421,2007,15,3,15,0,1,F,9,2469,5,9999,9,0,998,5,64,1,0,0,995,0,0,0,92410,9,9,2,1,6,1,2,1,1,1,0,1,0,0,1,1,1,2,9,0,1,4,65,99,1,1,4,K,79,0,0,0,0,0,0,0,0,0,0,999,999,0,0,9,2,0,999,999,999,9999999,999,999,999,9,0,95,95,95,95,0,999,0.0,999,999,999,1.9,0.3,1.9,2291.280716,11,7
26236,22,12,1-22-2022-012-09,9,1,1FTZX18W4WKB,17,460,1801,60,0,12,481,1998,34,5,31,0,1,F,1,2093,5,9999,9,0,998,5,40,1,0,0,995,0,0,0,83540,9,9,2,4,4,2,2,1,1,1,1,2,0,0,1,1,1,2,9,0,11,2,15,99,1,1,4,K,76,0,0,0,0,0,0,0,0,0,0,340,240,0,0,0,1,3,15,-13,-8,20186,998,-142,12,0,4,95,95,95,95,0,995,9.8,998,998,998,99.8,99.8,99.8,389.4727093,12,7
26236,22,12,1-22-2022-012-09,9,2,3VWWJ71K36M7,17,482,3137,13,0,30,40,2006,4,1,2,0,1,L,1,1465,5,9999,9,1,7,2,40,1,0,0,995,0,0,0,83535,9,9,2,3,2,2,2,1,3,1,3,0,0,0,1,1,1,2,9,0,14,4,65,99,1,1,4,K,77,0,0,0,0,0,0,0,0,0,0,240,340,0,0,0,1,3,20,-13,16,34439,998,12,24,0,4,0,0,0,0,0,995,9.8,998,998,998,99.8,99.8,99.8,389.4727093,12,7
26239,20,107,1-20-2022-107-02,2,1,1GNSCBKC7KR1,17,467,1852,7,0,20,421,2019,15,3,15,0,1,T,3,2408,5,0,1,1,23,2,89,1,0,1,0,2,0,0,93927,1,1,0,4,2,1,2,1,3,4,1,2,0,0,1,1,0,0,9,1,14,2,13,99,9,4,1,A,1,1,10,2,6,5,4,31,1,1,32,997,997,0,0,0,2,6,999,999,999,9999999,999,999,999,8,0,2,9,0,3,2,997,0.6,120,10,55,4.6,0.7,4.7,32.06628341,11,7
26240,20,108,1-20-2022-108-05,5,1,4T3ZA3BB0BU0,17,448,3005,7,0,49,53,2011,5,1,4,0,1,L,2,1705,5,0,1,1,15,2,89,1,0,0,995,0,0,0,92028,1,9,0,4,2,1,2,1,1,4,1,4,1,0,1,1,0,0,2,1,15,2,10,1,1,2,2,F,48,1,3,2,6,5,4,31,1,1,16,997,997,0,1,0,3,6,999,999,999,9999999,999,999,999,7,0,9,97,0,0,2,997,9.8,998,998,998,99.8,99.8,99.8,117.5669927,11,7
26240,20,108,1-20-2022-108-05,5,2,WBS8M9C5XH5G,17,452,1710,13,0,34,34,2017,4,1,4,0,1,R,3,1606,5,0,1,1,11,2,89,1,9,1,0,2,9,1,00646,1,2,0,4,2,1,2,1,1,4,1,3,1,0,1,1,0,0,1,1,6,4,61,1,1,2,2,F,48,1,10,2,4,1,1,61,1,2,100,997,997,0,1,0,2,6,999,999,999,9999999,999,999,999,8,0,1,2,0,4,3,997,9.8,998,998,998,99.8,99.8,99.8,117.5669927,11,7
26241,20,109,1-20-2022-109-04,4,1,1FTEW1CG1JKD,17,460,1801,60,0,12,481,2018,34,5,31,0,1,L,1,2028,5,0,1,1,9,2,89,1,0,0,995,0,0,0,95076,1,9,0,4,2,1,2,1,1,1,1,2,0,0,1,1,0,0,1,1,1,2,13,7,1,4,1,A,3,1,1,2,4,5,4,31,1,2,4,997,997,0,1,0,1,6,999,999,999,9999999,999,999,999,6,0,0,0,0,0,2,997,9.8,998,998,998,99.8,99.8,99.8,2974.320433,11,7
26242,30,53,1-30-2022-053-09,9,1,1HGCG2252XA0,17,474,1861,3,0,37,32,1999,2,1,3,0,1,F,1,1480,5,0,1,5,21,2,72,1,0,0,995,0,0,0,85339,9,9,2,4,2,1,2,1,1,1,1,2,0,0,1,1,2,2,9,0,1,2,17,1,1,1,5,L,88,0,0,0,0,0,0,0,0,0,0,0,270,0,0,0,1,3,9,-6,-7,5700,998,-144,7,0,4,9,97,0,8,0,995,9.8,998,998,998,99.8,99.8,99.8,10361.13425,10,7
26242,30,53,1-30-2022-053-09,9,2,5TDZT38A95S2,17,448,2827,7,0,49,422,2005,15,3,15,0,1,L,1,2390,5,0,1,1,27,2,72,1,0,0,995,0,0,0,85051,9,9,2,4,5,1,2,1,1,1,1,3,0,0,1,1,0,0,9,0,1,4,66,1,1,1,5,L,89,0,0,0,0,0,0,0,0,0,0,270,0,0,0,0,1,3,6,-4,4,7122,998,14,9,0,4,9,97,0,99,0,995,9.8,998,998,998,99.8,99.8,99.8,10361.13425,10,7
26243,20,106,1-20-2022-106-05,5,1,WMWXP5C59GT7,17,456,1862,5,0,69,54,2016,3,1,1,0,1,F,1,1182,5,0,1,1,21,2,105,1,0,0,995,0,0,0,93905,9,1,0,2,2,2,2,1,1,2,3,2,0,0,1,1,0,0,1,0,5,3,53,1,1,1,2,D,21,0,0,0,0,0,0,0,0,0,0,150,150,0,0,0,2,3,18,-18,0,11457,998,6,15,0,4,1,1,0,99,0,995,9.8,998,998,998,99.8,99.8,99.8,117.5669927,11,7
26243,20,106,1-20-2022-106-05,5,2,1C4RJFLG7KC5,17,483,1949,7,0,2,422,2019,15,3,15,0,1,B,1,2211,5,9999,9,0,998,5,105,1,0,0,995,0,0,0,93901,9,9,0,2,2,2,2,1,1,2,3,2,0,0,1,1,0,0,1,0,5,3,53,1,1,1,6,M,98,0,0,0,0,0,0,0,0,0,0,150,150,0,0,0,2,3,10,10,0,14270,998,0,13,0,4,95,95,95,95,0,995,9.8,998,998,998,99.8,99.8,99.8,117.5669927,11,7
26243,20,106,1-20-2022-106-05,5,3,1HGCV1F38KA0,17,474,1861,13,0,37,32,2019,4,1,4,0,1,F,9,1433,5,9999,9,0,998,5,105,1,0,0,995,0,0,0,93703,9,9,0,2,2,2,2,1,1,2,3,2,0,0,1,1,0,0,9,0,1,3,50,2,1,1,2,D,20,0,0,0,0,0,0,0,0,0,0,150,150,9,0,0,1,0,999,999,999,9999999,999,999,999,9,0,95,95,95,95,0,995,9.8,998,998,998,99.8,99.8,99.8,117.5669927,11,7
26244,15,14,1-15-2022-014-03,3,1,JTDKB20U2877,17,448,2209,5,0,49,46,2008,5,1,3,0,1,F,9,1335,5,9999,9,0,998,2,89,1,8,9,998,8,7,9,11580,9,9,0,2,3,1,2,1,2,9,1,3,0,0,1,8,0,0,9,1,15,3,51,99,9,9,2,D,24,0,0,0,0,0,0,0,0,0,0,20,30,0,0,0,1,0,999,999,999,9999999,999,999,999,9,0,0,0,0,0,0,995,9.8,998,998,998,99.8,99.8,99.8,875.974825,1,7
26244,15,14,1-15-2022-014-03,3,2,WDDSJ4EB9KN7,17,449,2083,3,0,42,54,2019,4,1,3,0,1,B,2,1485,8,9999,9,4,66,2,89,1,8,0,995,0,7,0,11208,9,9,0,2,3,1,2,1,2,9,1,3,0,0,1,8,0,0,9,0,14,3,53,99,1,1,2,D,25,0,0,0,0,0,0,0,0,0,0,30,20,0,0,0,1,12,999,999,999,9999999,999,999,999,7,0,99,99,0,8,0,995,9.8,998,998,998,99.8,99.8,99.8,875.974825,1,7
26244,15,14,1-15-2022-014-03,3,3,2HKRW2H89JH6,17,474,1865,7,0,37,402,2018,14,3,14,0,1,B,9,1580,5,9999,9,0,998,5,89,1,8,0,995,0,7,0,11693,9,9,0,2,3,1,2,1,2,9,1,3,0,0,1,8,0,0,9,0,14,3,53,99,1,1,6,M,98,0,0,0,0,0,0,0,0,0,0,30,20,0,0,0,2,0,999,999,999,9999999,999,999,999,9,0,95,95,95,95,0,995,9.8,998,998,998,99.8,99.8,99.8,875.974825,1,7
26247,48,14,1-48-2022-014-06,6,1,1G1PC5SB9E73,17,467,1832,13,0,20,25,2014,4,1,3,0,1,F,1,1407,5,0,1,1,7,2,129,1,0,0,995,0,0,0,83440,1,2,0,2,2,2,1,2,1,2,3,2,1,3,1,2,0,0,1,1,1,1,6,2,4,4,1,B,7,0,0,0,0,0,0,0,0,0,0,998,998,0,0,0,1,12,999,999,999,9999999,999,999,999,6,0,1,1,0,0,0,998,1.2,999,999,999,99.9,99.9,99.9,456.9297201,12,7
26248,77,48,1-77-2022-048-09,9,1,1FTRF18W6YNC,17,460,1801,60,0,12,481,2000,34,5,31,0,1,F,1,1927,5,9999,9,0,998,5,72,1,0,0,995,0,0,0,22902,9,9,0,4,2,1,2,1,1,3,1,2,1,1,1,1,6,2,1,0,1,3,50,4,1,1,2,D,20,0,0,0,0,0,0,0,0,0,0,120,120,0,1,0,1,3,16,-16,0,16337,998,0,15,0,4,95,95,95,95,0,995,9.8,998,998,998,99.8,99.8,99.8,2079.575378,9,7
26248,77,48,1-77-2022-048-09,9,2,1ZVHT82H3652,17,460,1781,3,0,12,3,2006,2,1,3,0,1,B,1,1582,5,0,1,1,7,2,72,1,0,0,995,0,0,0,24590,9,9,0,4,2,1,2,1,1,3,1,2,1,1,1,1,6,2,1,0,5,3,53,1,1,1,2,D,21,0,0,0,0,0,0,0,0,0,0,120,120,0,0,0,1,3,18,18,0,26540,998,-22,20,0,4,99,99,0,0,0,995,9.8,998,998,998,99.8,99.8,99.8,2079.575378,9,7
26249,77,49,1-77-2022-049-02,2,1,1N4BL4DV4MN3,17,478,1904,13,0,35,47,2021,4,1,4,0,1,F,2,1545,5,0,1,1,33,2,89,1,0,0,995,0,0,0,19145,2,2,0,2,3,2,2,2,3,1,3,2,1,3,1,1,0,0,1,1,14,2,12,1,2,4,1,B,6,0,0,0,0,0,0,0,0,0,0,998,998,0,0,0,1,10,999,999,999,9999999,999,101,27,3,0,1,1,0,0,0,998,0.4,120,41,80,1.8,0.6,1.9,90.06596167,9,7
26250,59,36,1-59-2022-036-03,3,1,1FTEW1EP9JKE,17,460,1801,60,0,12,481,2018,34,5,31,0,1,L,1,2130,5,9999,9,0,998,5,56,1,0,0,995,0,0,0,46171,9,9,2,4,2,1,2,1,1,1,0,0,0,0,1,1,2,2,2,0,1,2,17,99,1,1,5,L,89,0,0,0,0,0,0,0,0,0,0,90,140,0,0,0,1,3,23,8,22,82742,998,22,31,0,4,95,95,95,95,0,995,9.8,998,998,998,99.8,99.8,99.8,197.6771511,6,7
26250,59,36,1-59-2022-036-03,3,2,3GNAXJEV5JS5,17,467,1847,7,0,20,404,2018,14,3,14,0,1,F,2,1508,5,0,1,1,4,2,72,1,0,0,995,0,0,0,47802,1,2,2,1,4,3,2,1,1,1,3,1,0,0,1,1,0,0,1,0,1,4,66,3,1,1,5,L,88,0,0,0,0,0,0,0,0,0,0,140,90,0,0,0,1,3,31,-29,-11,27691,998,-45,20,0,4,1,2,0,6,0,995,9.8,998,998,998,99.8,99.8,99.8,197.6771511,6,7