CASEID,PSU,CASENO,CASENUMBER,CATEGORY,VEHNO,VIN,VINLENGTH,VPICMAKE,VPICMODEL,VPICBODYCLASS,ICFINALBODY,MAKE,MODEL,MODELYR,BODYTYPE,BODYCAT,VEHCLASS,SPECUSE,TRANSTAT,DAMPLANE,DAMSEV,CURBWT,CURBSRC,CARGOWT,CARGOSRC,INSPTYPE,INSPLAG,TOWED,SPEEDLIMIT,DRPRESENT,PARALCOHOL,ALCTEST,ALCTESTRESULT,ALCTESTSRC,PARDRUG,DRUGTEST,ZIP,RACE,ETHNICITY,RELTOJUNCT,TRAFFLOW,RDLANES,INITLANE,SURFTYPE,SURFCOND,ALIGNMENT,PROFILE,LINERIGHT,LINELEFT,RUMBINIT,RUMBROAD,LIGHTCOND,WEATHER,TRAFDEV,TRAFFUNCT,DISTRACT,PREFHE,PREMOVE,CRITCAT,CRITEVENT,MANEUVER,PRESTAB,PRELOC,CRASHCAT,CRASHCONF,CRASHTYPE,ROLLTYPE,ROLLTURN,ROLLINTRPT,ROLLPREMAN,ROLLINITYP,ROLLINLOC,ROLLOBJ,ROLLTRIP,ROLLDIR,ROLLDIST,DVANGTHIS,DVANGOTH,TOWHITCH,TRAJDOC,TREEPOLE,DVEVENT,DVBASIS,DVTOTAL,DVLONG,DVLAT,DVENERGY,DVSPEED,DVMOMENT,DVBES,DVEST,DVCONF,VAIS,VISS,VINJURED,VTREAT,INITOBJCLASS,HEADANGLECAT,SHLDRWIDTH,STRKLENGTH,STRKWIDTH,STRKHEIGHT,EDGEDISTX,EDGEDISTY,EDGEDISTZ,CASEWGT,PSUSTRAT,VERSION
26251,59,37,1-59-2022-037-08,8,1,1B7GG22NX1S2,17,476,1941,60,0,7,472,2001,34,5,31,0,1,F,1,1833,5,0,1,1,2,2,64,1,0,0,995,0,0,2,47885,1,9,0,4,2,1,2,1,3,1,1,2,0,0,1,1,6,2,9,1,14,2,13,1,1,4,1,A,1,0,0,0,0,0,0,0,0,0,0,998,998,0,1,1,3,1,14,-13,-5,16226,998,-58,14,0,1,1,1,0,3,0,998,0.0,17,999,999,37.4,3.2,37.8,207.6759697,6,7
26252,54,54,1-54-2022-054-01,1,1,1GNDS13SX422,17,467,4548,7,0,20,403,2004,14,3,14,0,1,T,2,2165,5,0,1,1,5,2,64,1,0,8,997,8,0,3,35654,1,9,0,4,2,1,2,1,3,1,1,2,0,0,1,1,0,0,9,1,14,2,13,3,4,2,6,M,98,1,4,1,5,1,1,61,1,1,12,997,997,0,0,0,1,6,999,999,999,9999999,999,999,999,7,0,4,17,1,1,3,997,0.1,8,8,46,9.0,4.0,9.8,179.7587124,9,7
26253,54,55,1-54-2022-055-06,6,1,1G1JC5SH2E41,17,467,1835,13,0,20,28,2014,4,1,1,0,1,R,1,1245,5,0,1,1,28,2,48,1,0,0,995,0,0,0,35760,1,2,0,4,2,1,2,1,3,1,1,2,0,0,4,1,6,2,3,1,14,2,13,99,2,4,1,A,1,0,0,0,0,0,0,0,0,0,0,998,998,0,1,7,4,10,999,999,999,9999999,999,-37,9,1,0,1,3,0,4,0,998,0.8,5,9,80,26.0,3.0,26.0,307.1989873,9,7
26254,12,34,1-12-2022-034-09,9,1,1B3LC46KX8N1,17,476,1892,13,0,7,26,2008,4,1,3,0,1,B,1,1542,5,0,1,1,7,3,56,1,0,0,995,0,0,0,73401,9,9,0,4,4,1,1,1,1,1,0,3,0,0,1,1,0,0,1,0,1,4,60,99,1,1,2,F,48,0,0,0,0,0,0,0,0,0,0,270,270,0,0,0,1,98,999,999,999,9999999,999,999,999,6,0,99,99,0,0,0,995,9.8,998,998,998,99.8,99.8,99.8,2647.29422,9,7
26254,12,34,1-12-2022-034-09,9,2,1FTCR10A9RPB,17,460,1803,60,0,12,471,1994,34,5,30,0,1,F,9,1326,5,9999,9,0,998,5,56,1,0,0,995,0,0,0,73078,9,9,0,4,4,2,1,1,1,1,3,2,0,0,1,1,0,0,1,1,15,3,52,99,1,2,2,F,48,0,0,0,0,0,0,0,0,0,0,270,270,0,0,0,1,0,999,999,999,9999999,999,999,999,9,0,95,95,95,95,0,995,9.8,998,998,998,99.8,99.8,99.8,2647.29422,9,7
26256,19,88,1-19-2022-088-09,9,1,1G1AK55F3771,17,467,4234,13,0,20,22,2007,4,1,2,0,1,F,2,1265,5,0,1,1,9,2,89,1,0,0,995,0,0,0,35952,1,9,0,4,2,1,2,1,3,4,1,2,2,3,2,1,0,0,9,1,14,1,6,99,3,4,1,A,2,0,0,0,0,0,0,0,0,0,0,998,998,0,1,0,1,1,27,-25,9,46419,998,66,27,0,4,9,97,0,8,0,998,0.5,120,120,-2,8.1,6.7,10.7,159.8779247,9,7
26257,19,89,1-19-2022-089-07,7,1,JTDJT9231750,17,448,2464,5,0,49,51,2007,3,1,1,0,1,R,1,1050,5,0,1,1,4,2,56,1,0,0,995,0,0,0,35901,1,9,3,4,4,2,2,1,1,1,1,2,0,0,3,1,0,0,9,0,11,2,15,99,1,1,4,J,68,0,0,0,0,0,0,0,0,0,0,290,170,0,0,0,1,1,17,-6,-16,7209,998,13,12,0,4,1,2,0,4,0,995,9.8,998,998,998,99.8,99.8,99.8,206.6604502,9,7
26257,19,89,1-19-2022-089-07,7,2,1G11E5SL1EF1,17,467,1834,13,0,20,37,2014,4,1,3,0,1,F,1,1620,5,0,1,1,4,2,56,1,0,0,995,0,0,0,35901,2,9,3,4,3,1,2,1,1,2,0,2,0,0,3,1,0,0,9,0,1,4,62,7,1,1,4,J,69,0,0,0,0,0,0,0,0,0,0,170,290,0,0,0,1,1,12,-12,-2,15086,998,-4,15,0,4,0,0,0,0,0,995,9.8,998,998,998,99.8,99.8,99.8,206.6604502,9,7
26258,19,90,1-19-2022-090-07,7,1,1C6RR7PT9FS7,17,496,13620,60,0,7,482,2015,34,5,31,0,1,F,1,2336,5,0,2,1,2,2,40,1,0,0,995,0,0,0,35903,2,2,2,4,3,2,2,1,1,2,1,2,0,0,1,1,1,2,3,0,11,3,50,2,1,1,2,D,20,0,0,0,0,0,0,0,0,0,0,210,205,0,0,0,1,98,999,999,999,9999999,999,999,999,6,0,0,0,0,0,0,995,9.8,998,998,998,99.8,99.8,99.8,206.6604502,9,7
26258,19,90,1-19-2022-090-07,7,2,1C4NJDEB7GD7,17,483,1946,7,0,2,1,2016,6,1,2,0,1,B,9,1479,5,9999,9,0,998,5,40,1,0,0,995,0,0,0,35903,9,9,2,4,3,2,2,1,1,2,1,2,0,0,1,1,1,2,1,0,5,3,53,1,1,1,2,D,22,0,0,0,0,0,0,0,0,0,0,205,210,0,0,0,1,0,999,999,999,9999999,999,999,999,9,0,95,95,95,95,0,995,9.8,998,998,998,99.8,99.8,99.8,206.6604502,9,7
26259,19,87,1-19-2022-087-04,4,1,1GKS2HKJ8JR2,17,472,4579,7,0,23,422,2018,15,3,15,0,1,F,1,2713,5,0,1,1,3,2,113,1,0,0,995,0,0,0,75904,1,2,0,2,2,2,2,1,1,1,3,2,1,3,1,1,0,0,3,1,1,2,12,1,1,4,1,B,6,0,0,0,0,0,0,0,0,0,0,998,998,0,0,0,1,11,999,999,999,9999999,999,999,999,6,0,0,0,0,0,0,998,1.0,999,999,999,99.9,99.9,99.9,119.9140763,9,7
26260,11,39,1-11-2022-039-04,4,1,1GNFC16037R3,17,467,1851,7,0,20,422,2007,15,3,15,0,1,L,9,2611,5,9999,9,0,998,2,56,1,1,2,996,1,0,0,23832,9,9,2,5,5,2,2,1,2,9,3,2,0,0,1,1,0,0,9,1,14,2,10,99,9,2,3,I,64,0,0,0,0,0,0,0,0,0,0,999,999,0,0,0,99,0,999,999,999,9999999,999,999,999,9,0,0,0,0,0,0,995,9.8,998,998,998,99.8,99.8,99.8,4374.359766,8,7
26260,11,39,1-11-2022-039-04,4,2,1FM5K7DH9HGD,17,460,1800,7,0,12,401,2017,14,3,14,0,1,L,9,2067,5,9999,9,0,998,2,56,1,0,0,995,0,0,0,23836,9,9,2,4,5,2,2,1,3,9,3,2,0,0,1,1,1,2,1,0,14,4,62,99,9,1,3,I,65,0,0,0,0,0,0,0,0,0,0,999,999,0,0,0,99,0,999,999,999,9999999,999,999,999,9,0,0,0,0,0,0,995,9.8,998,998,998,99.8,99.8,99.8,4374.359766,8,7
26260,11,39,1-11-2022-039-04,4,3,5TEUU42N78Z5,17,448,2223,60,0,49,472,2008,34,5,31,0,1,L,9,1837,5,9999,9,0,998,5,56,1,0,0,995,0,0,0,23834,9,9,2,4,5,1,2,1,3,9,1,3,0,0,1,1,1,2,1,0,14,4,60,99,1,1,6,M,98,0,0,0,0,0,0,0,0,0,0,70,70,0,0,0,3,0,999,999,999,9999999,999,999,999,9,0,95,95,95,95,0,995,9.8,998,998,998,99.8,99.8,99.8,4374.359766,8,7
26260,11,39,1-11-2022-039-04,4,4,KMHH55LC6LU1,17,498,11447,5,0,55,35,2020,5,1,3,0,1,R,9,1335,5,9999,9,4,135,2,56,1,0,0,995,0,0,0,23831,9,9,2,4,5,2,2,1,3,9,1,2,0,0,1,1,1,2,1,0,14,4,63,99,9,1,6,M,98,0,0,0,0,0,0,0,0,0,0,70,260,0,0,0,2,12,999,999,999,9999999,999,999,999,9,0,0,0,0,0,0,995,9.8,998,998,998,99.8,99.8,99.8,4374.359766,8,7
26261,11,40,1-11-2022-040-05,5,1,2FMDK3GC5EBB,17,460,1797,7,0,12,24,2014,6,1,4,0,1,F,2,1852,5,9999,9,1,7,2,97,1,1,0,995,0,0,0,23112,9,9,1,2,2,1,2,1,2,9,1,3,2,3,2,1,0,0,9,1,14,2,13,99,9,4,1,A,1,1,2,1,6,1,4,61,1,2,8,998,998,0,0,9,1,11,999,999,999,9999999,999,999,999,7,0,3,17,1,3,3,998,3.3,999,999,999,99.9,99.9,99.9,249.1799012,8,7
26262,24,81,1-24-2022-081-03,3,1,1FTZF1727XNB,17,460,1801,60,0,12,481,1999,34,5,31,0,1,F,1,1837,5,9999,9,0,998,5,80,1,0,0,995,0,0,0,08205,9,9,2,1,1,1,2,1,1,1,1,2,0,0,1,1,0,0,1,0,1,4,67,99,1,1,4,K,83,0,0,0,0,0,0,0,0,0,0,240,80,0,0,0,1,3,13,-13,-2,14748,998,-46,14,0,4,95,95,95,95,0,995,9.8,998,998,998,99.8,99.8,99.8,485.1741449,1,7
26262,24,81,1-24-2022-081-03,3,2,1VWBA7A36JC0,17,482,3134,13,0,30,46,2018,4,1,4,0,1,L,1,1480,5,0,1,1,16,2,80,1,0,0,995,0,0,0,08330,9,9,2,4,2,1,2,1,1,1,0,0,0,0,1,1,2,2,2,0,11,2,15,1,1,1,4,K,82,0,0,0,0,0,0,0,0,0,0,80,240,0,0,0,1,3,15,-15,3,22256,998,-110,15,0,4,0,0,0,5,0,995,9.8,998,998,998,99.8,99.8,99.8,485.1741449,1,7
26263,24,82,1-24-2022-082-06,6,1,1ZVBP8AM3D52,17,460,1781,3,0,12,3,2013,2,1,3,0,1,F,3,1701,5,0,1,1,17,2,80,1,0,0,995,0,0,0,08330,1,2,0,4,2,1,2,1,1,1,1,4,0,0,4,1,0,0,1,1,1,2,12,4,1,4,1,B,9,0,0,0,0,0,0,0,0,0,0,998,998,0,0,1,2,1,55,-55,0,210025,998,-10,55,0,1,2,8,0,3,0,998,1.7,52,15,15,16.2,5.4,16.9,1209.790078,1,7
26264,76,53,1-76-2022-053-03,3,1,1J4GW48S81C5,17,483,1949,7,0,2,404,2001,14,3,14,0,1,F,9,1800,5,9999,9,0,998,2,72,1,8,9,998,8,7,9,12413,9,9,2,4,2,1,2,1,3,1,0,0,0,0,1,1,2,2,9,0,14,2,17,99,1,1,5,L,88,0,0,0,0,0,0,0,0,0,0,205,100,0,0,0,1,0,999,999,999,9999999,999,999,999,9,0,0,0,0,0,0,995,9.8,998,998,998,99.8,99.8,99.8,22.38500086,3,7
26264,76,53,1-76-2022-053-03,3,2,1N4BL4BV7NN3,17,478,1904,13,0,35,47,2022,4,1,4,0,1,L,2,1558,5,0,1,4,46,2,89,1,8,9,998,8,7,9,12058,9,9,2,4,2,1,2,1,2,1,1,2,1,0,1,1,0,0,9,0,14,4,66,99,1,1,5,L,89,0,0,0,0,0,0,0,0,0,0,100,205,0,0,0,1,12,999,999,999,9999999,999,999,999,7,0,1,2,0,4,0,995,0.6,999,999,999,99.9,99.9,99.9,22.38500086,3,7
26266,23,34,1-23-2022-034-02,2,1,2NKHHM7X9CM3,17,532,2722,11,0,85,881,2012,63,8,60,0,1,R,9,,,,,,,2,999,1,0,0,995,0,0,0,43074,9,9,2,4,2,1,2,1,3,1,0,2,0,0,1,1,2,2,9,0,14,2,17,1,1,1,5,L,87,,,,,,,,,,,,,,,,,,,,,,,,,,,95,95,95,95,,,9.8,998,998,998,99.8,99.8,99.8,97.62661063,5,7
26266,23,34,1-23-2022-034-02,2,2,NM0LS7F29L14,17,460,1811,95,0,12,444,2020,20,4,20,0,1,F,1,1624,5,9999,9,1,22,2,97,1,8,0,995,0,7,0,43223,1,2,2,1,2,1,2,1,1,1,1,3,0,0,1,1,0,0,1,0,1,4,66,2,9,1,5,L,86,0,0,0,0,0,0,0,0,0,0,120,210,0,0,0,1,5,999,999,999,9999999,999,999,16,2,0,2,9,0,3,0,995,9.8,998,998,998,99.8,99.8,99.8,97.62661063,5,7
26267,14,49,1-14-2022-049-02,2,1,19XFC2F86KE0,17,474,1863,13,0,37,31,2019,4,1,3,0,1,T,3,1312,5,0,1,1,14,2,97,1,0,1,0,2,0,0,78133,9,1,2,4,4,2,2,1,1,4,1,1,0,0,1,1,0,0,9,1,1,2,12,7,1,4,1,B,8,2,98,8,8,98,8,32,8,8,998,997,997,0,0,0,2,6,999,999,999,9999999,999,999,999,8,0,1,1,0,4,8,997,0.0,999,999,999,99.9,99.9,99.9,225.3101455,8,7
26268,14,50,1-14-2022-050-03,3,1,3C4NJCBB2KT7,17,483,1946,7,0,2,1,2019,6,1,2,0,1,L,2,1444,5,9999,9,4,20,2,48,1,0,0,995,0,0,0,78132,1,9,2,4,2,1,2,1,1,2,0,0,0,0,1,1,2,2,9,0,11,2,15,99,1,1,4,K,82,0,0,0,0,0,0,0,0,0,0,280,40,0,0,0,1,12,999,999,999,9999999,999,999,999,7,0,99,99,0,0,0,995,9.8,998,998,998,99.8,99.8,99.8,5504.372015,8,7
26268,14,50,1-14-2022-050-03,3,2,5N1DR2MN4JC6,17,478,1911,8,0,35,401,2018,14,3,14,0,1,F,2,1939,5,9999,9,4,27,2,48,1,0,0,995,0,0,0,78130,1,9,2,4,2,1,2,1,1,2,0,0,0,0,1,1,0,0,9,0,1,4,67,99,1,1,4,K,83,0,0,0,0,0,0,0,0,0,0,40,280,0,0,0,1,12,999,999,999,9999999,999,999,999,7,0,0,0,0,0,0,995,9.8,998,998,998,99.8,99.8,99.8,5504.372015,8,7
26270,10,90,1-10-2022-090-06,6,1,1FADP3F23DL2,17,460,1779,13,0,12,37,2013,4,1,3,0,1,R,1,1340,5,0,1,1,6,2,40,1,0,0,995,0,0,0,45432,9,9,2,4,2,1,2,1,2,1,0,2,0,0,1,1,1,2,1,0,14,2,17,7,1,1,5,L,87,0,0,0,0,0,0,0,0,0,0,55,325,0,0,0,1,1,16,-6,-15,15829,998,191,10,0,1,0,0,0,4,0,995,9.8,998,998,998,99.8,99.8,99.8,335.6658122,4,7
26270,10,90,1-10-2022-090-06,6,2,3FAHP0HAXBR2,17,460,1780,13,0,12,23,2011,4,1,3,0,1,F,1,1563,5,0,1,1,7,2,56,1,0,0,995,0,0,0,45424,9,9,2,4,5,2,2,1,1,1,1,1,0,0,1,1,1,2,1,0,1,4,66,1,1,1,5,L,86,0,0,0,0,0,0,0,0,0,0,325,55,0,0,0,1,1,14,-13,5,43262,998,73,23,0,1,0,0,0,0,0,995,9.8,998,998,998,99.8,99.8,99.8,335.6658122,4,7
26271,10,91,1-10-2022-091-01,1,1,1G4HP52K3341,17,468,8842,13,0,18,2,2003,4,1,4,0,1,T,3,1618,5,0,1,1,19,2,89,1,0,1,0,3,0,2,45347,1,9,0,4,2,1,2,1,2,1,1,2,0,0,1,1,0,0,9,1,14,1,6,99,3,4,1,A,2,1,3,1,2,1,4,61,1,2,10,997,997,0,0,0,1,6,999,999,999,9999999,999,999,999,8,0,4,24,1,1,3,997,0.1,999,999,999,18.9,5.5,19.8,25.05502883,4,7
26272,10,92,1-10-2022-092-06,6,1,1G1PA5SH0D72,17,467,1832,13,0,20,25,2013,4,1,3,0,1,F,1,1407,5,0,1,1,9,2,56,1,0,0,995,0,0,0,45322,9,9,2,1,3,2,2,1,1,1,1,1,0,0,1,1,1,2,1,0,1,2,17,5,1,1,4,J,69,0,0,0,0,0,0,0,0,0,0,195,345,0,0,0,1,3,24,-22,8,27332,998,38,21,0,4,0,0,0,0,0,995,9.8,998,998,998,99.8,99.8,99.8,335.6658121,4,7
26272,10,92,1-10-2022-092-06,6,2,5FNYF18648B0,17,474,1864,7,0,37,421,2008,15,3,15,0,1,F,1,2021,5,9999,9,0,998,5,56,1,0,0,995,0,0,0,45315,9,9,2,4,4,3,2,1,1,1,1,2,0,0,1,1,1,2,1,0,11,4,63,99,1,1,4,J,68,0,0,0,0,0,0,0,0,0,0,345,195,0,0,0,1,3,17,-16,-3,31081,998,-40,19,0,4,95,95,95,95,0,995,9.8,998,998,998,99.8,99.8,99.8,335.6658121,4,7
26273,52,83,1-52-2022-083-08,8,1,3GKFK16Z92G2,17,472,4579,7,0,23,431,2002,16,3,16,0,1,F,1,2601,5,9999,9,0,998,5,56,1,0,0,995,0,0,0,59034,9,9,2,4,5,1,2,1,1,1,0,1,0,0,1,1,1,2,9,0,1,3,50,99,1,1,2,D,20,0,0,0,0,0,0,0,0,0,0,180,180,0,0,0,1,3,12,-12,0,10575,998,0,10,0,4,95,95,95,95,0,995,9.8,998,998,998,99.8,99.8,99.8,30.32984103,12,7
26273,52,83,1-52-2022-083-08,8,2,1B3AL46T96N2,17,476,5879,13,0,7,43,2006,4,1,3,0,1,B,1,1472,8,0,1,1,19,2,56,1,0,0,995,0,0,0,59022,5,2,2,4,5,1,2,1,1,1,0,1,0,0,1,1,1,2,9,0,5,3,53,1,1,1,2,D,21,0,0,0,0,0,0,0,0,0,0,180,180,0,0,0,1,3,18,18,0,27497,998,16,20,0,4,1,1,0,4,0,995,9.8,998,998,998,99.8,99.8,99.8,30.32984103,12,7
26273,52,83,1-52-2022-083-08,8,3,JF1SG65663H7,17,523,2234,7,0,48,401,2003,14,3,14,0,1,B,9,1385,5,9999,9,0,998,5,56,1,0,0,995,0,0,0,59101,9,9,2,4,5,1,2,1,1,1,0,1,0,0,1,1,1,2,9,0,5,3,53,1,1,1,6,M,98,0,0,0,0,0,0,0,0,0,0,180,180,0,0,0,2,0,999,999,999,9999999,999,999,999,9,0,95,95,95,95,0,995,9.8,998,998,998,99.8,99.8,99.8,30.32984103,12,7
26274,52,84,1-52-2022-084-04,4,1,2HGES16593H5,17,474,1863,13,0,37,31,2003,4,1,2,0,1,F,9,1151,5,9999,9,0,998,5,56,1,0,0,995,0,0,0,59101,9,9,2,4,4,3,2,1,1,1,1,2,0,0,1,1,1,2,9,0,11,2,15,99,1,1,4,K,76,0,0,0,0,0,0,0,0,0,0,60,20,0,0,0,1,0,999,999,999,9999999,999,999,999,9,0,95,95,95,95,0,995,9.8,998,998,998,99.8,99.8,99.8,117.9108803,12,7
26274,52,84,1-52-2022-084-04,4,2,KNMAT2MV6KP5,17,478,1913,7,0,35,404,2019,14,3,14,0,1,L,9,1610,5,0,1,1,17,2,56,1,0,0,995,0,0,0,59105,9,9,2,4,5,2,2,1,1,1,1,1,0,0,1,1,1,2,9,0,1,4,65,4,1,1,4,K,77,0,0,0,0,0,0,0,0,0,0,20,60,0,0,0,1,12,999,999,999,9999999,999,999,999,9,0,0,0,0,0,0,995,9.8,998,998,998,99.8,99.8,99.8,117.9108803,12,7
26275,52,85,1-52-2022-085-07,7,1,3GCPKSE32BG3,17,467,1850,60,0,20,481,2011,34,5,31,0,1,F,1,2397,5,9999,9,0,998,5,56,1,0,0,995,0,0,0,59442,9,9,2,4,2,1,2,1,1,1,0,0,0,0,1,1,5,2,9,0,10,2,16,99,1,1,4,K,78,0,0,0,0,0,0,0,0,0,0,115,180,0,0,0,1,3,5,-4,2,2338,998,134,4,0,4,95,95,95,95,0,995,9.8,998,998,998,99.8,99.8,99.8,207.7965041,12,7
26275,52,85,1-52-2022-085-07,7,2,2C3CCASG1HH5,17,477,1878,13,0,6,51,2017,4,1,5,0,1,R,1,2047,5,0,1,1,13,2,56,1,0,0,995,0,0,0,59044,1,1,2,1,3,3,2,1,1,1,1,0,0,0,1,1,1,2,9,0,1,4,65,1,1,1,4,K,79,0,0,0,0,0,0,0,0,0,0,180,115,0,0,0,1,3,5,-1,-5,4809,998,145,5,0,4,0,0,0,6,0,995,9.8,998,998,998,99.8,99.8,99.8,207.7965041,12,7
26275,52,85,1-52-2022-085-07,7,3,1GHDX03E81D1,17,4162,8921,2,0,21,441,2001,20,4,20,0,1,L,3,1791,5,0,1,1,13,2,56,1,0,0,995,0,0,0,59101,1,9,2,1,3,2,2,1,1,1,1,1,0,0,1,1,1,2,9,0,5,4,60,1,1,1,6,M,98,0,0,0,0,0,0,0,0,0,0,180,190,0,0,0,2,8,999,999,999,9999999,999,999,999,8,0,1,2,0,4,0,995,9.8,998,998,998,99.8,99.8,99.8,207.7965041,12,7
26275,52,85,1-52-2022-085-07,7,4,1C6RR7FT8FS5,17,496,13620,60,0,7,482,2015,34,5,31,0,1,B,9,2305,5,9999,9,0,998,5,56,1,0,0,995,0,0,0,59101,9,9,2,1,3,2,2,1,1,1,1,1,0,0,1,1,1,2,9,0,5,3,53,1,1,1,6,M,98,0,0,0,0,0,0,0,0,0,0,180,190,0,0,0,4,0,999,999,999,9999999,999,999,999,9,0,95,95,95,95,0,995,9.8,998,998,998,99.8,99.8,99.8,207.7965041,12,7
26276,52,86,1-52-2022-086-03,3,1,JF2GTAEC5L82,17,523,13580,7,0,48,403,2020,14,3,14,0,1,F,2,1481,5,0,1,1,7,2,56,1,0,0,995,0,0,0,59101,9,9,2,4,5,1,2,1,1,1,0,1,0,0,1,1,1,2,9,0,1,2,17,4,1,1,4,K,77,0,0,0,0,0,0,0,0,0,0,0,50,0,0,0,1,3,39,-39,0,40432,998,-11,26,0,4,9,97,0,99,0,995,9.8,998,998,998,99.8,99.8,99.8,28.86957301,12,7
26276,52,86,1-52-2022-086-03,3,2,2GCEC19V5Y13,17,467,1850,60,0,20,481,2000,34,5,31,0,1,R,2,2160,5,9999,9,0,998,2,56,1,0,0,995,0,0,0,59101,9,9,2,4,2,1,1,1,1,1,0,0,0,0,1,1,1,2,9,0,11,2,15,99,1,1,4,K,76,0,0,0,0,0,0,0,0,0,0,50,0,0,0,0,1,3,27,17,-20,120813,998,-53,35,0,4,9,97,0,99,0,995,9.8,998,998,998,99.8,99.8,99.8,28.86957301,12,7
26278,66,50,1-66-2022-050-08,8,1,2HKRL18632H5,17,474,1869,2,0,37,441,2002,20,4,20,0,1,F,2,1980,5,68,1,1,22,2,89,1,0,1,25,2,7,0,64756,1,2,0,4,2,1,2,2,3,1,0,2,0,0,1,2,0,0,3,1,14,2,13,99,1,4,1,A,1,0,0,0,0,0,0,0,0,0,0,998,998,0,0,0,1,11,999,999,999,9999999,999,999,999,7,0,2,5,0,4,0,998,0.0,999,7,120,19.3,7.7,21.1,149.5089471,6,7
26279,16,51,1-16-2022-051-08,8,1,1N4AL11E05N9,17,478,1904,13,0,35,47,2005,4,1,4,0,1,F,9,1378,5,9999,9,0,998,5,56,1,0,0,995,0,0,0,45215,9,9,2,4,2,1,2,1,1,1,0,2,0,0,1,1,2,2,1,0,11,2,15,8,1,1,4,K,82,0,0,0,0,0,0,0,0,0,0,165,130,0,0,0,1,0,999,999,999,9999999,999,999,999,9,0,95,95,95,95,0,995,9.8,998,998,998,99.8,99.8,99.8,259.9409329,5,7
26279,16,51,1-16-2022-051-08,8,2,2T1BR32E18C8,17,448,2208,13,0,49,32,2008,4,1,2,0,1,L,2,1135,5,0,1,1,7,2,56,1,0,1,0,2,0,0,45215,2,9,2,4,3,1,2,1,1,1,1,2,0,0,1,1,0,0,1,0,1,4,67,7,1,1,4,K,83,1,1,2,5,7,1,1,2,2,2,997,997,0,0,0,2,6,999,999,999,9999999,999,999,999,7,0,4,16,1,3,1,997,9.8,998,998,998,99.8,99.8,99.8,259.9409329,5,7
26281,28,51,1-28-2022-051-04,4,1,5TFUM5F17JX0,17,448,2467,60,0,49,482,2018,34,5,31,0,1,U,9,2450,5,9999,9,3,29,2,56,1,0,0,995,0,0,0,19320,1,2,0,4,2,1,2,1,2,2,0,2,0,0,1,1,6,2,1,0,14,6,90,1,1,1,1,C,15,0,0,0,0,0,0,0,0,0,0,996,996,1,0,0,1,5,999,999,999,9999999,999,999,999,9,0,0,0,0,0,0,996,9.8,998,998,998,99.8,99.8,99.8,112.7550135,3,7
26282,28,52,1-28-2022-052-04,4,1,1GC1YNEY3LF3,17,467,1850,60,0,20,481,2020,34,5,31,0,1,L,1,3009,5,363,8,1,6,2,80,1,0,0,995,0,0,0,16928,1,2,0,4,2,1,2,1,3,1,1,2,1,0,1,5,6,2,3,1,14,2,13,1,2,4,1,A,1,0,0,0,0,0,0,0,0,0,0,998,998,0,1,1,3,1,9,-8,4,12187,998,-86,9,0,3,0,0,0,0,0,998,0.2,999,999,999,39.5,2.9,39.7,112.7550135,3,7
26284,31,44,1-31-2022-044-04,4,1,2C3CCABG4MH5,17,477,1878,13,0,6,51,2021,4,1,5,0,1,F,1,1820,5,0,1,1,3,2,113,1,0,0,995,0,0,0,47111,9,9,0,1,2,1,2,1,1,1,1,3,2,3,2,1,0,0,9,0,1,6,87,99,1,1,1,C,13,0,0,0,0,0,0,0,0,0,0,998,998,0,0,0,1,10,999,999,999,9999999,999,26,13,2,0,0,0,0,0,0,998,9.8,998,998,998,99.8,99.8,99.8,241.5072062,6,7
26285,31,45,1-31-2022-045-07,7,1,2G1FA1E37D91,17,467,1829,3,0,20,9,2013,2,1,4,0,1,F,1,1700,5,9999,9,5,3,2,113,1,0,0,995,0,0,0,42303,9,9,0,1,2,1,2,1,1,1,1,3,2,3,1,1,0,0,9,0,1,6,90,99,1,1,1,C,12,0,0,0,0,0,0,0,0,0,0,998,998,0,0,0,1,12,999,999,999,9999999,999,999,999,6,0,0,0,0,0,0,998,9.8,998,998,998,99.8,99.8,99.8,452.8813313,6,7
26286,76,55,1-76-2022-055-04,4,1,1C6SRFJT0LN3,17,496,13620,60,0,7,482,2020,34,5,31,0,1,F,1,2327,5,0,1,1,44,2,89,1,8,9,998,8,7,9,11518,9,9,0,4,2,1,2,1,3,2,1,2,0,0,1,1,6,2,9,1,14,2,13,3,2,4,1,A,3,0,0,0,0,0,0,0,0,0,0,998,998,0,0,0,1,12,999,999,999,9999999,999,999,14,2,0,0,0,0,0,0,998,1.2,999,999,999,5.9,1.4,6.1,30.11477827,3,7
26287,73,53,1-73-2022-053-04,4,1,3GCUKREC9JG4,17,467,1850,60,0,20,481,2018,34,5,31,5,1,F,3,2431,5,500,1,1,9,2,72,1,8,0,995,0,7,0,04950,9,9,0,4,2,1,2,1,1,4,1,2,0,0,2,1,0,0,1,0,1,6,87,2,1,1,1,C,13,0,0,0,0,0,0,0,0,0,0,998,998,0,0,0,1,5,999,999,999,9999999,999,999,999,8,0,0,0,0,0,0,998,9.8,998,998,998,99.8,99.8,99.8,264.5835058,3,7