CASEID,PSU,CASENO,CASENUMBER,CATEGORY,VEHNO,VIN,VINLENGTH,VPICMAKE,VPICMODEL,VPICBODYCLASS,ICFINALBODY,MAKE,MODEL,MODELYR,BODYTYPE,BODYCAT,VEHCLASS,SPECUSE,TRANSTAT,DAMPLANE,DAMSEV,CURBWT,CURBSRC,CARGOWT,CARGOSRC,INSPTYPE,INSPLAG,TOWED,SPEEDLIMIT,DRPRESENT,PARALCOHOL,ALCTEST,ALCTESTRESULT,ALCTESTSRC,PARDRUG,DRUGTEST,ZIP,RACE,ETHNICITY,RELTOJUNCT,TRAFFLOW,RDLANES,INITLANE,SURFTYPE,SURFCOND,ALIGNMENT,PROFILE,LINERIGHT,LINELEFT,RUMBINIT,RUMBROAD,LIGHTCOND,WEATHER,TRAFDEV,TRAFFUNCT,DISTRACT,PREFHE,PREMOVE,CRITCAT,CRITEVENT,MANEUVER,PRESTAB,PRELOC,CRASHCAT,CRASHCONF,CRASHTYPE,ROLLTYPE,ROLLTURN,ROLLINTRPT,ROLLPREMAN,ROLLINITYP,ROLLINLOC,ROLLOBJ,ROLLTRIP,ROLLDIR,ROLLDIST,DVANGTHIS,DVANGOTH,TOWHITCH,TRAJDOC,TREEPOLE,DVEVENT,DVBASIS,DVTOTAL,DVLONG,DVLAT,DVENERGY,DVSPEED,DVMOMENT,DVBES,DVEST,DVCONF,VAIS,VISS,VINJURED,VTREAT,INITOBJCLASS,HEADANGLECAT,SHLDRWIDTH,STRKLENGTH,STRKWIDTH,STRKHEIGHT,EDGEDISTX,EDGEDISTY,EDGEDISTZ,CASEWGT,PSUSTRAT,VERSION
26322,23,35,1-23-2022-035-04,4,2,1GTG6EEN1L11,17,472,4093,60,0,23,472,2020,34,5,31,0,1,F,1,1891,5,0,1,1,13,2,89,1,0,0,995,0,0,0,43320,1,9,3,4,2,1,2,1,1,1,0,0,0,0,1,1,0,0,9,1,1,3,52,7,1,2,2,D,28,0,0,0,0,0,0,0,0,0,0,170,160,0,0,0,1,5,999,999,999,9999999,999,999,12,2,0,0,0,0,0,0,995,9.8,998,998,998,99.8,99.8,99.8,1002.735802,5,7
26324,28,54,1-28-2022-054-09,9,1,2A4GF48406R7,17,477,3628,7,0,6,54,2006,6,1,5,0,1,T,2,2141,5,0,1,1,12,2,89,1,0,0,995,0,0,0,16920,1,2,0,4,2,1,2,1,2,1,1,2,0,0,4,8,6,2,1,1,14,6,87,98,3,4,1,A,3,1,2,2,2,2,4,44,4,2,9,997,997,0,0,0,2,6,999,999,999,9999999,999,999,999,7,0,1,2,0,4,3,997,1.2,120,120,80,2.9,1.5,3.2,106.3645321,3,7
26325,66,52,1-66-2022-052-07,7,1,5FPYK3F78HB0,17,474,1866,60,0,37,471,2017,34,5,31,0,1,L,1,2015,5,0,1,1,34,2,105,1,0,0,995,0,7,0,64784,1,2,2,4,2,1,2,1,1,4,0,4,1,0,1,1,0,0,1,1,1,4,66,4,1,2,5,L,89,1,2,1,2,1,4,61,1,1,6,100,180,0,0,0,1,3,7,-6,4,15014,998,-132,11,0,4,0,0,0,0,3,995,0.0,999,999,999,5.6,0.5,5.6,138.884824,6,7
26325,66,52,1-66-2022-052-07,7,2,1GCEC14T81E1,17,467,1850,60,0,20,481,2001,34,5,31,99,1,F,1,1876,5,9999,9,0,998,5,999,1,0,0,995,0,7,0,65785,9,9,2,4,3,2,2,1,1,1,1,2,0,0,1,1,2,2,3,0,1,2,17,1,1,1,5,L,88,0,0,0,0,0,0,0,0,0,0,180,100,0,0,0,1,3,8,-3,-7,5620,998,-237,5,0,4,95,95,95,95,0,995,9.8,998,998,998,99.8,99.8,99.8,138.884824,6,7
26326,66,53,1-66-2022-053-03,3,1,1G1BE5SM8J71,17,467,1832,13,0,20,25,2018,4,1,3,0,1,F,2,1250,5,0,1,1,10,2,56,1,0,0,995,0,7,0,65712,9,9,2,4,6,2,2,1,1,1,1,1,0,0,1,1,1,2,9,1,1,2,13,1,1,4,1,A,1,0,0,0,0,0,0,0,0,0,0,998,998,0,0,1,1,1,38,-38,0,72969,998,5,38,0,1,1,2,0,4,0,998,0.1,70,70,75,6.2,1.5,6.2,127.8599504,6,7
26327,77,50,1-77-2022-050-08,8,1,2T1BR32E85C3,17,448,2208,13,0,49,32,2005,4,1,2,0,1,R,1,1135,5,0,1,1,31,2,97,1,0,0,995,0,0,0,24502,9,9,0,2,2,1,2,1,1,9,1,3,2,3,1,1,0,0,3,1,1,2,13,99,1,4,1,A,1,0,0,0,0,0,0,0,0,0,0,998,998,0,0,0,2,1,4,-2,-3,2128,998,216,4,0,1,9,97,0,99,0,998,0.4,999,999,999,99.9,99.9,99.9,388.7784326,9,7
26328,77,51,1-77-2022-051-08,8,1,1HGCP2F48AA0,17,474,1861,13,0,37,32,2010,4,1,4,0,1,R,3,1468,5,0,1,1,3,2,72,1,0,1,0,2,0,0,22936,9,9,0,4,3,1,2,1,2,1,0,2,0,0,2,1,0,0,1,1,14,2,12,99,1,4,1,B,8,0,0,0,0,0,0,0,0,0,0,998,998,0,0,4,4,7,999,999,999,9999999,999,999,999,8,0,2,5,0,4,0,998,0.0,999,999,999,5.8,3.4,6.6,388.7784326,9,7
26329,10,94,1-10-2022-094-10,10,1,JTDKN3DU8A01,17,448,2209,5,0,49,46,2010,4,1,3,0,1,F,1,1380,5,0,1,4,10,2,72,1,0,0,995,0,0,0,45401,9,9,2,4,5,3,2,1,1,1,1,2,0,0,1,1,1,2,1,0,1,4,66,99,1,1,5,L,86,0,0,0,0,0,0,0,0,0,0,280,20,0,0,0,1,3,9,-8,5,3737,998,105,6,0,4,0,0,0,0,0,995,9.8,998,998,998,99.8,99.8,99.8,1798.463874,4,7
26329,10,94,1-10-2022-094-10,10,2,1B3BD2FG8BN5,17,476,1892,13,0,7,26,2011,4,1,3,0,1,R,1,1539,5,0,1,1,9,2,56,1,0,0,995,0,0,0,45401,9,9,2,1,3,1,2,1,1,1,0,1,0,0,1,1,1,2,1,0,1,2,17,2,1,1,5,L,87,0,0,0,0,0,0,0,0,0,0,20,280,0,0,0,1,3,8,-5,-6,8669,998,-52,11,0,4,0,0,0,0,0,995,9.8,998,998,998,99.8,99.8,99.8,1798.463874,4,7
26330,10,95,1-10-2022-095-03,3,1,2C3CDZC98NH1,17,476,1893,13,0,7,28,2022,2,1,5,0,1,F,3,1891,5,0,1,1,37,2,105,1,0,0,995,0,0,0,45371,1,2,0,2,3,2,2,1,1,1,3,3,0,3,2,1,0,0,9,0,1,3,51,3,1,1,2,D,24,0,0,0,0,0,0,0,0,0,0,355,0,0,0,0,1,3,46,-45,-8,143652,998,6,43,0,4,2,5,0,3,0,995,1.9,999,999,999,0.0,0.0,0.0,102.2419775,4,7
26330,10,95,1-10-2022-095-03,3,2,1GDFG15T6312,17,472,1856,9,0,23,461,2003,21,4,21,0,1,B,2,2367,5,9999,9,0,998,2,105,1,0,0,995,0,0,0,40508,9,9,0,2,3,2,2,1,1,1,3,3,0,3,2,1,0,0,1,0,1,3,53,1,1,1,2,D,25,1,4,1,2,1,4,61,1,2,29,0,355,0,0,0,1,3,36,35,6,150558,998,-53,37,0,4,9,97,0,8,3,995,4.1,999,999,999,99.9,99.9,99.9,102.2419775,4,7
26331,10,96,1-10-2022-096-03,3,1,1C4RJFBG1LC1,17,483,1949,7,0,2,422,2020,15,3,15,0,1,F,2,2211,5,0,1,1,12,2,56,1,0,0,995,0,0,0,45322,9,9,2,4,5,2,2,1,1,1,3,1,0,0,1,1,1,2,9,0,1,2,17,3,1,1,5,L,86,0,0,0,0,0,0,0,0,0,0,170,285,0,0,0,1,3,35,-33,12,90066,998,60,29,0,4,0,0,0,4,0,995,9.8,998,998,998,99.8,99.8,99.8,102.2419774,4,7
26331,10,96,1-10-2022-096-03,3,2,4M2EU48836UJ,17,465,1816,7,0,14,401,2006,14,3,14,0,1,R,2,2100,5,0,1,4,12,2,56,1,0,0,995,0,0,0,45406,1,9,2,4,4,2,2,1,1,4,3,1,0,0,1,1,1,2,1,0,1,4,66,99,9,1,5,L,87,0,0,0,0,0,0,0,0,0,0,285,170,0,0,0,1,3,36,-23,-28,166013,998,65,41,0,4,1,1,0,4,0,995,9.8,998,998,998,99.8,99.8,99.8,102.2419774,4,7
26332,10,97,1-10-2022-097-09,9,1,1B7FL26XXWS6,17,476,1941,60,0,7,472,1998,34,5,31,0,1,F,9,1613,5,9999,9,0,998,2,56,1,0,0,995,0,0,0,45415,9,9,3,4,2,1,2,1,1,1,1,2,0,0,2,1,0,0,1,0,1,4,71,99,1,1,5,L,88,0,0,0,0,0,0,0,0,0,0,140,50,0,0,0,1,0,999,999,999,9999999,999,999,999,9,0,99,99,0,0,0,995,9.8,998,998,998,99.8,99.8,99.8,545.2439255,4,7
26332,10,97,1-10-2022-097-09,9,2,1GNDS13SX722,17,467,4548,7,0,20,403,2007,14,3,14,0,1,L,9,2004,5,9999,9,0,998,2,56,1,0,0,995,0,0,0,45414,9,9,3,3,1,1,2,1,1,1,0,0,0,0,2,1,0,0,1,0,1,2,19,99,1,1,5,L,89,0,0,0,0,0,0,0,0,0,0,50,140,1,0,0,1,0,999,999,999,9999999,999,999,999,9,0,0,0,0,0,0,995,9.8,998,998,998,99.8,99.8,99.8,545.2439255,4,7
26333,52,87,1-52-2022-087-03,3,1,3GNCJNSB8LL1,17,467,10988,7,0,20,406,2020,14,3,14,0,1,L,2,1476,5,0,1,1,13,2,40,1,0,0,995,0,0,0,99654,9,9,2,4,2,1,2,1,1,1,0,2,0,0,1,1,0,0,3,1,1,2,13,1,1,4,1,C,11,1,1,2,5,7,1,2,2,2,2,997,997,0,0,0,2,6,999,999,999,9999999,999,999,999,7,0,9,97,0,99,1,997,9.8,998,998,998,99.8,99.8,99.8,20.11207086,12,7
26333,52,87,1-52-2022-087-03,3,2,2HGFB2F82CH5,17,474,1863,13,0,37,31,2012,4,1,3,0,2,9,9,1311,5,9999,9,0,998,,,,,,,,,,,,,,,,,,,,,,,,,,,,,,,,,,,,,,,,,,,,,,,,,,,,,,,,,,,,,,,,,,95,95,95,95,,,,,,,,,,20.11207086,12,7
26334,52,88,1-52-2022-088-09,9,1,1D7HU18N92S5,17,476,1938,60,0,7,482,2002,34,5,31,0,1,F,1,2328,8,9999,9,0,998,5,40,1,0,0,995,0,0,0,59106,9,9,3,4,2,1,2,1,1,1,0,0,0,0,1,1,0,0,2,0,10,2,16,99,1,1,4,K,78,0,0,0,0,0,0,0,0,0,0,60,140,0,0,0,1,3,8,-6,5,6855,998,162,6,0,4,95,95,95,95,0,995,9.8,998,998,998,99.8,99.8,99.8,38.13468449,12,7
26334,52,88,1-52-2022-088-09,9,2,1FAFP4448YF1,17,460,1781,1,0,12,3,2000,1,1,2,0,1,R,1,1445,5,0,1,1,13,2,40,1,0,0,995,0,0,0,59101,9,9,3,4,2,1,2,1,1,1,0,0,0,0,1,1,0,0,9,0,1,4,70,99,2,1,4,K,79,0,0,0,0,0,0,0,0,0,0,140,60,0,0,0,1,3,12,-6,-11,18326,998,-100,14,0,4,1,1,0,99,0,995,9.8,998,998,998,99.8,99.8,99.8,38.13468449,12,7
26335,52,89,1-52-2022-089-09,9,1,1GCDT1367682,17,467,4086,60,0,20,473,2006,34,5,31,0,1,F,2,1815,5,0,1,1,13,2,40,1,0,0,995,0,0,0,59102,9,9,0,4,2,1,2,1,1,1,0,0,0,0,3,1,0,0,3,1,1,2,11,1,1,4,1,C,11,0,0,0,0,0,0,0,0,0,0,185,180,0,0,0,1,3,29,-27,-10,44544,998,-45,24,0,4,9,97,0,99,0,995,9.8,998,998,998,99.8,99.8,99.8,38.13468449,12,7
26335,52,89,1-52-2022-089-09,9,2,1FTRF12W44NB,17,460,1801,60,0,12,481,2004,34,5,31,0,2,B,2,2118,8,9999,9,0,998,,,,,,,,,,,,,,,,,,,,,,,,,,,,,,,,,,,,,,,,,,,,,,,,,,,,,,,,,,,,,,,,,,95,95,95,95,,,,,,,,,,38.13468449,12,7
26337,59,38,1-59-2022-038-08,8,1,1GTEK19B06Z1,17,472,1857,60,0,23,481,2006,34,5,31,0,1,F,2,2151,5,0,1,1,1,2,48,1,1,1,168,2,0,0,47802,2,2,0,4,2,1,2,1,1,1,0,0,0,0,2,1,0,0,9,1,1,2,12,99,9,4,1,B,8,0,0,0,0,0,0,0,0,0,0,998,998,0,1,1,1,1,31,-31,0,101005,998,-48,31,0,1,2,8,0,3,0,998,0.0,80,80,40,5.2,1.3,5.3,134.3686653,6,7
26338,59,39,1-59-2022-039-10,10,1,1J4GR48K36C2,17,483,1949,7,0,2,404,2006,14,3,14,0,1,R,1,2014,5,9999,9,0,998,5,48,1,0,0,995,0,0,0,47804,9,9,2,4,2,1,2,1,1,1,0,2,0,0,3,1,2,2,1,0,1,2,17,99,1,1,5,L,87,0,0,0,0,0,0,0,0,0,0,85,10,0,0,0,1,3,8,0,-8,14274,998,211,8,0,4,95,95,95,95,0,995,9.8,998,998,998,99.8,99.8,99.8,4202.424325,6,7
26338,59,39,1-59-2022-039-10,10,2,JTHBJ46G6821,17,515,2475,13,0,59,31,2008,4,1,4,0,1,F,1,1624,5,0,1,1,3,2,48,1,0,0,995,0,0,0,47802,9,9,2,1,4,2,2,1,1,1,3,3,0,0,3,1,0,0,1,0,1,4,66,2,1,1,5,L,86,0,0,0,0,0,0,0,0,0,0,10,85,0,0,0,1,3,9,-9,3,8829,998,34,11,0,4,0,0,0,0,0,995,9.8,998,998,998,99.8,99.8,99.8,4202.424325,6,7
26340,25,54,1-25-2022-054-08,8,1,9BWPH61J9240,17,482,3140,5,0,30,42,2002,3,1,1,0,1,T,2,1330,5,0,1,1,23,2,72,1,8,1,76,2,7,3,04071,9,9,0,4,2,1,2,1,2,4,1,2,0,0,2,1,0,0,1,1,14,2,13,99,9,4,1,A,1,1,2,1,6,2,4,60,4,1,11,997,997,0,0,0,2,6,999,999,999,9999999,999,999,999,7,0,3,17,1,3,3,997,2.1,999,999,999,18.0,1.3,18.1,282.3434127,2,7
26344,28,55,1-28-2022-055-04,4,1,4S3BNAN6XF30,17,523,2232,13,0,48,34,2015,4,1,3,0,1,F,1,1543,5,0,1,5,10,2,89,1,0,0,995,0,0,0,16920,1,2,0,4,2,1,2,1,1,1,1,2,1,0,1,1,0,0,1,0,1,6,87,2,1,1,1,C,13,0,0,0,0,0,0,0,0,0,0,998,998,0,0,0,1,10,999,999,999,9999999,999,111,14,2,0,0,0,0,0,0,998,9.8,998,998,998,99.8,99.8,99.8,71.49160409,3,7
26345,25,53,1-25-2022-053-03,3,1,KNDPNCAC2J74,17,499,2770,7,0,63,401,2018,14,3,14,0,1,F,2,1696,5,0,1,1,5,2,64,1,8,1,0,2,7,1,04011,9,9,0,4,2,1,2,1,3,3,1,2,0,0,1,1,0,0,3,1,14,2,13,99,2,4,1,A,1,0,0,0,0,0,0,0,0,0,0,998,998,0,1,1,1,1,35,-35,0,93378,998,36,35,0,4,2,5,0,3,0,998,0.7,35,35,73,23.9,2.4,24.0,229.7088054,2,7
26346,31,46,1-31-2022-046-09,9,1,1D7HE28N65S1,17,476,1941,60,0,7,472,2005,34,5,31,0,1,F,1,1979,5,0,2,1,6,3,89,1,0,0,995,0,0,0,62837,1,2,0,4,2,1,2,1,1,2,1,2,0,0,1,1,0,0,1,1,1,2,13,3,4,4,1,B,7,0,0,0,0,0,0,0,0,0,0,998,998,0,1,0,1,1,13,-11,-6,17207,998,-100,13,0,1,1,2,0,4,0,998,0.4,120,53,999,8.0,4.0,8.9,451.1889371,6,7
26347,31,47,1-31-2022-047-07,7,1,1C6RR7LT7ES4,17,496,13620,60,0,7,482,2014,34,5,31,0,1,R,1,2407,5,0,1,5,6,2,48,1,0,0,995,0,0,0,62844,1,2,0,4,2,1,2,1,1,1,0,0,0,0,1,1,0,0,3,1,1,2,13,1,1,4,1,A,1,0,0,0,0,0,0,0,0,0,0,998,998,0,0,1,1,12,999,999,999,9999999,999,999,999,6,0,0,0,0,0,0,998,0.0,21,21,120,0.6,0.4,0.7,583.2131548,6,7
26348,12,35,1-12-2022-035-10,10,1,1GKLRMED8AJ1,17,472,1855,7,0,23,8,2010,6,1,5,0,1,F,2,2142,5,0,1,1,34,2,121,1,8,8,997,8,0,0,73109,9,9,0,2,2,2,2,1,1,1,3,2,1,3,1,1,0,0,1,1,1,2,11,1,1,2,2,D,32,0,0,0,0,0,0,0,0,0,0,10,10,0,0,0,1,5,999,999,999,9999999,999,999,999,7,0,0,0,0,0,0,995,1.5,999,999,999,6.2,3.1,7.1,361.6125935,9,7
26348,12,35,1-12-2022-035-10,10,2,3ALXFB00XFDG,17,450,2498,64,999,82,881,2015,78,8,78,0,1,B,9,,,,,,,5,121,1,0,0,995,0,0,0,76351,9,9,0,2,2,1,2,1,1,1,1,3,2,3,1,1,0,0,1,0,1,4,60,1,1,1,2,D,32,,,,,,,,,,,,,,,,,,,,,,,,,,,95,95,95,95,,,9.8,998,998,998,99.8,99.8,99.8,361.6125935,9,7
26349,33,12,1-33-2022-012-08,8,1,JF1GH61648G8,17,523,2235,5,0,48,38,2008,5,1,2,0,1,R,1,1385,5,0,1,1,50,2,89,1,1,8,997,8,0,0,95928,1,9,0,4,2,1,2,1,3,1,1,2,0,0,1,1,6,2,1,1,14,1,6,99,4,4,1,A,2,0,0,0,0,0,0,0,0,0,0,998,998,0,0,1,1,1,24,-21,-12,35694,998,12,24,0,1,2,8,0,4,0,998,1.1,44,44,106,81.2,12.5,81.7,119.0385756,12,7
26350,76,56,1-76-2022-056-06,6,1,1FD8X3FT1LED,17,460,1806,70,11,12,880,2020,67,8,60,0,1,F,9,,,,,,,5,89,1,8,9,998,8,7,9,12526,9,9,2,4,2,1,2,1,1,1,1,2,1,0,1,1,0,0,9,0,1,3,52,2,2,1,2,D,28,,,,,,,,,,,,,,,,,,,,,,,,,,,95,95,95,95,,,9.8,998,998,998,99.8,99.8,99.8,30.22603932,3,7
26350,76,56,1-76-2022-056-06,6,2,1C4PJMCSXHD2,17,483,1945,7,0,2,404,2017,14,3,14,0,1,B,1,1788,5,0,1,1,36,2,89,1,8,0,995,0,7,0,12414,1,2,2,4,2,1,2,1,1,1,1,2,1,0,1,1,0,0,1,0,2,3,53,1,1,1,2,D,29,0,0,0,0,0,0,0,0,0,0,160,160,0,0,0,1,5,999,999,999,9999999,999,999,24,2,0,1,2,0,4,0,995,9.8,998,998,998,99.8,99.8,99.8,30.22603932,3,7
26351,76,57,1-76-2022-057-09,9,1,1FAFP34P83W2,17,460,1779,13,0,12,37,2003,4,1,2,0,1,T,2,1163,5,0,1,1,19,2,89,1,8,9,998,8,7,9,33880,1,2,2,4,2,1,2,1,3,1,1,2,1,0,5,1,0,0,9,1,10,2,12,99,1,4,1,B,6,1,6,2,6,1,4,61,1,2,15,997,997,0,1,0,2,6,999,999,999,9999999,999,999,999,7,0,0,0,0,5,3,997,0.5,35,23,65,1.9,0.6,2.0,66.99693263,3,7
26352,27,50,1-27-2022-050-10,10,1,5XYZKDAG6BG0,17,498,2057,7,0,55,401,2011,14,3,14,0,1,F,1,1868,5,0,1,1,6,2,72,1,8,9,998,8,7,9,01247,9,9,2,1,3,1,2,1,1,1,1,1,0,0,1,1,1,2,9,0,1,3,50,99,1,1,2,D,20,0,0,0,0,0,0,0,0,0,0,5,5,0,0,0,1,3,14,-14,0,15168,998,-11,14,0,4,0,0,0,0,0,995,9.8,998,998,998,99.8,99.8,99.8,330.1763933,3,7
26352,27,50,1-27-2022-050-10,10,2,SHSRD78576U4,17,474,1865,7,0,37,402,2006,14,3,14,0,1,B,1,1585,5,9999,9,0,998,5,72,1,8,9,998,8,7,9,01810,9,9,2,1,3,1,2,1,1,1,1,1,0,0,1,1,1,2,1,0,5,3,53,99,1,1,2,D,21,0,0,0,0,0,0,0,0,0,0,5,5,0,0,0,1,3,16,16,0,16097,998,0,16,0,4,95,95,95,95,0,995,9.8,998,998,998,99.8,99.8,99.8,330.1763933,3,7
26352,27,50,1-27-2022-050-10,10,3,1C4PJMDBXGW1,17,483,1945,7,0,2,404,2016,14,3,14,0,1,B,9,1788,5,9999,9,0,998,5,72,1,8,9,998,8,7,9,01220,9,9,2,1,3,1,2,1,1,1,1,1,0,0,1,1,1,2,1,0,5,3,53,99,1,1,6,M,98,0,0,0,0,0,0,0,0,0,0,5,5,0,0,0,2,0,999,999,999,9999999,999,999,999,9,0,95,95,95,95,0,995,9.8,998,998,998,99.8,99.8,99.8,330.1763933,3,7
26353,27,51,1-27-2022-051-04,4,1,1HGCV1F3XKA0,17,474,1861,13,0,37,32,2019,4,1,4,0,1,R,9,1462,5,9999,9,0,998,2,80,1,0,0,995,0,0,0,01201,9,9,3,4,2,1,2,1,1,1,1,4,0,0,1,1,0,0,1,0,11,2,15,99,1,1,4,J,68,0,0,0,0,0,0,0,0,0,0,130,20,0,0,0,1,0,999,999,999,9999999,999,999,999,9,0,0,0,0,0,0,995,9.8,998,998,998,99.8,99.8,99.8,37.10913993,3,7
26353,27,51,1-27-2022-051-04,4,2,1HD1FBW196Y6,17,3888,8508,81,0,72,706,2006,80,9,80,0,1,F,9,,,,,,,2,80,1,0,0,995,0,0,0,06811,9,9,3,4,2,1,2,1,1,1,1,4,0,0,1,1,0,0,1,0,1,4,62,99,1,1,4,J,69,,,,,,,,,,,,,,,,,,,,,,,,,,,95,95,95,95,,,9.8,998,998,998,99.8,99.8,99.8,37.10913993,3,7
26354,19,91,1-19-2022-091-08,8,1,1G1PF5SC6C73,17,467,1832,13,0,20,25,2012,4,1,3,0,1,T,1,1407,5,0,1,1,3,2,56,1,0,0,995,0,0,2,35956,1,9,2,4,2,1,2,1,1,1,0,0,0,0,1,1,2,2,9,1,1,2,14,1,1,4,1,C,14,1,2,1,6,2,4,60,4,1,14,997,997,0,0,0,3,6,999,999,999,9999999,999,999,999,6,0,2,9,0,3,3,997,0.0,120,120,-10,4.6,0.0,4.6,75.29228732,9,7
26355,19,92,1-19-2022-092-04,4,1,JN8AZ2NF9L97,17,480,1909,7,0,58,422,2020,15,3,15,0,1,F,1,2671,5,0,2,1,10,2,113,1,0,0,995,0,0,0,35213,1,2,0,1,2,1,2,2,3,1,1,3,2,3,1,2,0,0,1,1,14,4,60,4,3,4,1,A,2,0,0,0,0,0,0,0,0,0,0,998,998,0,1,0,1,1,12,-11,2,15365,998,43,12,0,4,0,0,0,0,0,998,2.9,999,999,999,99.9,99.9,99.9,281.3944374,9,7
26356,19,93,1-19-2022-093-08,8,1,5TFRM5F11AX0,17,448,2467,60,0,49,482,2010,34,5,31,0,1,F,2,2375,5,0,1,1,3,2,89,1,0,0,995,0,0,0,35972,1,9,0,4,2,1,2,1,2,2,1,2,0,0,1,1,0,0,3,1,14,2,10,99,1,2,3,G,50,0,0,0,0,0,0,0,0,0,0,30,210,0,1,0,1,5,999,999,999,9999999,999,999,35,3,0,9,97,0,8,0,995,0.6,21,21,120,2.6,2.9,3.9,75.29228732,9,7
26356,19,93,1-19-2022-093-08,8,2,1GTJK33678F1,17,472,1857,60,0,23,880,2008,67,8,60,0,1,F,9,,,,,,,2,89,1,0,0,995,0,0,0,35953,9,9,0,4,2,1,2,1,1,2,1,2,0,0,1,1,0,0,9,0,1,4,62,99,1,1,3,G,51,,,,,,,,,,,,,,,,,,,,,,,,,,,95,95,95,95,,,9.8,998,998,998,99.8,99.8,99.8,75.29228732,9,7
26357,19,94,1-19-2022-094-08,8,1,1N6AD0ER9CC4,17,478,1919,60,0,35,472,2012,34,5,30,0,1,F,1,1970,5,0,1,3,5,2,56,1,0,0,995,0,0,0,35954,1,2,2,1,3,1,2,1,1,1,1,3,0,0,1,1,2,2,3,1,16,2,13,99,1,4,1,A,1,0,0,0,0,0,0,0,0,0,0,998,998,0,0,2,1,12,999,999,999,9999999,999,999,999,6,0,1,1,0,4,0,998,0.0,20,20,110,1.4,0.2,1.5,75.29228732,9,7
26358,17,53,1-17-2022-053-04,4,1,1FTEW1EP9KKC,17,460,1801,60,0,12,481,2019,34,5,31,0,1,L,1,2236,5,0,1,1,5,2,48,1,9,0,995,0,9,0,61548,1,2,2,4,2,1,1,1,1,1,0,0,0,0,1,1,2,2,1,0,1,2,17,1,1,1,5,L,89,0,0,0,0,0,0,0,0,0,0,185,275,0,0,0,1,1,6,-1,6,2495,998,-281,3,0,1,0,0,0,0,0,995,0.0,5,5,62,0.6,0.3,0.7,379.2349745,4,7
26358,17,53,1-17-2022-053-04,4,2,5J6RW6H36JL0,17,474,1865,7,0,37,402,2018,14,3,14,0,1,F,1,1580,5,0,1,1,5,2,48,1,9,0,995,0,9,0,61265,9,9,2,3,2,2,2,1,1,1,3,0,0,0,1,1,0,0,9,0,1,4,66,4,1,1,5,L,88,0,0,0,0,0,0,0,0,0,0,275,185,0,0,0,1,1,9,-9,-2,14851,998,-72,14,0,1,0,0,0,0,0,995,9.8,998,998,998,99.8,99.8,99.8,379.2349745,4,7
26359,17,54,1-17-2022-054-10,10,1,1G1ZB5E1XBF1,17,467,1834,13,0,20,37,2011,4,1,4,0,1,F,1,1549,5,0,1,1,3,2,89,1,9,0,995,0,9,0,52804,1,2,0,1,2,1,2,1,2,1,1,3,2,3,3,1,0,0,1,0,14,6,87,3,1,1,1,C,13,0,0,0,0,0,0,0,0,0,0,998,998,0,1,0,1,10,999,999,999,9999999,999,999,999,6,0,0,0,0,0,0,998,9.8,998,998,998,99.8,99.8,99.8,2142.878301,4,7
26362,29,10,1-29-2022-010-09,9,1,2GTEK19T7111,17,472,1857,60,0,23,481,2001,34,5,31,0,1,R,9,2154,5,9999,9,0,998,2,64,1,8,0,995,0,0,0,02771,9,9,0,4,2,1,2,1,2,1,1,2,0,0,3,99,0,0,3,1,14,2,13,1,1,4,1,A,1,0,0,0,0,0,0,0,0,0,0,998,998,0,0,2,1,0,999,999,999,9999999,999,999,999,9,0,1,1,0,5,0,998,1.2,25,25,119,5.5,0.4,5.5,4913.461976,2,7
26363,26,77,1-26-2022-077-04,4,1,999999999999,99,449,2086,13,0,42,43,1997,4,1,5,0,1,F,1,2110,5,9999,9,0,998,2,105,1,0,0,995,0,0,0,95458,1,9,1,2,5,1,2,1,2,9,1,3,0,0,1,1,0,0,1,0,14,3,50,2,9,1,2,D,20,0,0,0,0,0,0,0,0,0,0,0,0,0,0,0,1,3,9,-9,0,9931,998,-50,10,0,4,0,0,0,0,0,995,9.8,998,998,998,99.8,99.8,99.8,2908.631692,10,7
26363,26,77,1-26-2022-077-04,4,2,5YJ3E1EA8MF8,17,441,17834,13,0,29,5,2021,4,1,4,0,1,B,1,1645,5,0,1,1,34,2,105,1,0,0,995,0,0,0,95670,1,9,1,2,5,1,2,1,2,9,1,3,0,0,1,1,0,0,1,0,5,3,53,1,1,1,2,D,21,0,0,0,0,0,0,0,0,0,0,0,0,0,0,0,1,3,12,12,0,7814,998,-47,10,0,4,0,0,0,0,0,995,9.8,998,998,998,99.8,99.8,99.8,2908.631692,10,7
26363,26,77,1-26-2022-077-04,4,3,5YJ3E1EA0KF3,17,441,17834,13,0,29,5,2019,4,1,4,0,1,B,9,1645,5,9999,9,0,998,5,105,1,0,0,995,0,0,0,95762,9,9,1,2,5,1,2,1,2,9,1,3,0,0,1,1,0,0,1,0,5,3,53,1,1,1,6,M,98,0,0,0,0,0,0,0,0,0,0,0,355,0,0,0,2,0,999,999,999,9999999,999,999,999,9,0,95,95,95,95,0,995,9.8,998,998,998,99.8,99.8,99.8,2908.631692,10,7
26364,26,78,1-26-2022-078-03,3,1,KNMAT2MT0JP5,17,478,1913,8,0,35,51,2018,6,1,3,0,1,F,3,1550,5,0,1,1,10,2,105,1,0,0,995,0,0,0,95747,9,9,0,2,4,1,1,1,3,1,1,3,0,0,1,1,0,0,9,1,14,1,6,98,9,4,1,A,2,1,4,2,6,1,4,61,1,1,23,998,998,0,0,1,2,1,42,-40,-14,122929,998,-40,42,0,4,1,1,0,4,3,998,7.3,999,999,999,22.7,4.2,23.1,555.217593,10,7