CASEID,PSU,CASENO,CASENUMBER,CATEGORY,VEHNO,VIN,VINLENGTH,VPICMAKE,VPICMODEL,VPICBODYCLASS,ICFINALBODY,MAKE,MODEL,MODELYR,BODYTYPE,BODYCAT,VEHCLASS,SPECUSE,TRANSTAT,DAMPLANE,DAMSEV,CURBWT,CURBSRC,CARGOWT,CARGOSRC,INSPTYPE,INSPLAG,TOWED,SPEEDLIMIT,DRPRESENT,PARALCOHOL,ALCTEST,ALCTESTRESULT,ALCTESTSRC,PARDRUG,DRUGTEST,ZIP,RACE,ETHNICITY,RELTOJUNCT,TRAFFLOW,RDLANES,INITLANE,SURFTYPE,SURFCOND,ALIGNMENT,PROFILE,LINERIGHT,LINELEFT,RUMBINIT,RUMBROAD,LIGHTCOND,WEATHER,TRAFDEV,TRAFFUNCT,DISTRACT,PREFHE,PREMOVE,CRITCAT,CRITEVENT,MANEUVER,PRESTAB,PRELOC,CRASHCAT,CRASHCONF,CRASHTYPE,ROLLTYPE,ROLLTURN,ROLLINTRPT,ROLLPREMAN,ROLLINITYP,ROLLINLOC,ROLLOBJ,ROLLTRIP,ROLLDIR,ROLLDIST,DVANGTHIS,DVANGOTH,TOWHITCH,TRAJDOC,TREEPOLE,DVEVENT,DVBASIS,DVTOTAL,DVLONG,DVLAT,DVENERGY,DVSPEED,DVMOMENT,DVBES,DVEST,DVCONF,VAIS,VISS,VINJURED,VTREAT,INITOBJCLASS,HEADANGLECAT,SHLDRWIDTH,STRKLENGTH,STRKWIDTH,STRKHEIGHT,EDGEDISTX,EDGEDISTY,EDGEDISTZ,CASEWGT,PSUSTRAT,VERSION
26408,24,85,1-24-2022-085-02,2,1,1GNSKJKC1KR2,17,467,1851,7,0,20,422,2019,15,3,15,0,1,R,1,2620,5,0,1,1,23,2,40,1,0,0,995,0,0,0,33330,9,9,2,4,3,2,2,1,1,1,1,1,0,0,1,1,1,2,1,0,1,2,17,2,1,1,5,L,87,0,0,0,0,0,0,0,0,0,0,330,240,0,0,0,1,1,11,-7,-8,19060,998,51,12,0,4,0,0,0,0,0,995,9.8,998,998,998,99.8,99.8,99.8,110.1079426,1,7
26408,24,85,1-24-2022-085-02,2,2,5TFDY5F1XKX8,17,448,2467,60,0,49,482,2019,34,5,31,0,1,F,1,2450,5,0,1,1,14,2,40,1,0,0,995,0,0,0,08205,1,2,2,4,4,2,2,1,1,1,1,1,0,0,1,1,1,2,1,0,1,4,66,4,1,1,5,L,86,0,0,0,0,0,0,0,0,0,0,240,330,0,0,0,1,1,13,-10,8,25413,998,157,12,0,4,1,3,0,4,0,995,9.8,998,998,998,99.8,99.8,99.8,110.1079426,1,7
26409,24,86,1-24-2022-086-06,6,1,1G1ZT58N88F1,17,467,1834,13,0,20,37,2008,4,1,4,0,1,F,9,1569,5,0,1,4,17,2,40,1,0,0,995,0,0,0,08401,9,9,2,4,5,1,2,1,1,1,0,1,0,0,1,1,1,2,9,0,1,3,50,99,1,1,2,D,20,0,0,0,0,0,0,0,0,0,0,70,80,0,0,0,1,12,999,999,999,9999999,999,999,999,9,0,0,0,0,0,0,995,9.8,998,998,998,99.8,99.8,99.8,2013.467573,1,7
26409,24,86,1-24-2022-086-06,6,2,5UXWX9C55E0D,17,452,1719,7,0,34,402,2014,14,3,14,0,1,B,9,1630,5,9999,9,4,26,2,40,1,0,0,995,0,0,0,10314,9,9,2,4,5,1,2,1,1,1,0,1,0,0,1,1,1,2,1,0,5,3,53,1,1,1,2,D,21,0,0,0,0,0,0,0,0,0,0,80,70,0,0,0,1,12,999,999,999,9999999,999,999,999,9,0,9,97,0,0,0,995,9.8,998,998,998,99.8,99.8,99.8,2013.467573,1,7
26410,14,53,1-14-2022-053-08,8,1,JHMGE88419S0,17,474,2127,5,0,37,39,2009,5,1,1,0,1,U,9,1121,5,9999,9,0,998,2,48,1,0,0,995,0,0,0,78130,9,9,0,4,2,1,2,1,2,1,0,2,0,0,3,1,6,2,9,1,14,2,12,99,1,4,1,B,6,0,0,0,0,0,0,0,0,0,0,998,998,0,1,4,99,0,999,999,999,9999999,999,999,999,9,0,9,97,0,8,0,998,0.0,10,10,90,4.8,0.2,4.8,1417.932411,8,7
26411,14,54,1-14-2022-054-04,4,1,SHHFK7H49KU2,17,474,1863,5,0,37,31,2019,5,1,3,0,1,R,1,1312,5,0,1,1,27,2,56,1,0,0,995,0,0,0,78636,1,2,2,4,2,1,2,1,1,2,0,0,0,0,1,1,0,0,1,0,11,2,15,7,1,1,4,K,82,0,0,0,0,0,0,0,0,0,0,250,130,0,0,0,1,3,10,-4,-10,10168,998,105,11,0,4,1,1,0,0,0,995,9.8,998,998,998,99.8,99.8,99.8,5038.754333,8,7
26411,14,54,1-14-2022-054-04,4,2,2GCEC19T6113,17,467,1850,60,0,20,481,2001,34,5,31,0,1,F,1,2106,5,9999,9,0,998,5,56,1,0,0,995,0,0,0,78163,9,9,2,4,3,2,2,1,1,4,1,2,0,0,1,1,2,2,9,0,1,4,66,99,1,1,4,K,83,0,0,0,0,0,0,0,0,0,0,130,250,0,0,0,1,3,7,-7,-1,4299,998,-49,7,0,4,95,95,95,95,0,995,9.8,998,998,998,99.8,99.8,99.8,5038.754333,8,7
26413,10,99,1-10-2022-099-09,9,1,1P3ES46C61D1,17,2409,6495,13,0,9,20,2001,4,1,3,0,1,F,1,1161,5,0,1,1,9,2,89,1,0,0,995,0,0,0,45401,9,9,1,3,2,2,1,1,1,9,3,2,0,0,1,1,0,0,1,0,1,3,52,99,1,1,2,D,28,0,0,0,0,0,0,0,0,0,0,90,90,0,0,0,1,3,17,-17,3,11295,998,-19,14,0,4,1,1,0,4,0,995,9.8,998,998,998,99.8,99.8,99.8,571.0412365,4,7
26413,10,99,1-10-2022-099-09,9,2,2C3CCADT2CH3,17,477,1878,13,0,6,51,2012,4,1,5,0,1,B,1,1937,5,9999,9,0,998,5,89,1,0,0,995,0,0,0,45401,9,9,1,3,2,2,1,1,1,9,3,2,0,0,1,1,0,0,1,0,2,3,53,99,1,1,2,D,29,0,0,0,0,0,0,0,0,0,0,90,90,0,0,0,1,3,12,12,-2,15724,998,46,14,0,4,95,95,95,95,0,995,9.8,998,998,998,99.8,99.8,99.8,571.0412365,4,7
26414,10,100,1-10-2022-100-07,7,1,4S3BNBC60F30,17,523,2232,13,0,48,34,2015,4,1,3,0,1,F,1,1543,5,0,1,5,4,2,40,1,0,0,995,0,0,0,99999,9,9,0,4,2,1,2,2,3,1,0,2,0,0,3,2,0,0,9,1,14,2,13,99,1,4,1,A,1,0,0,0,0,0,0,0,0,0,0,998,998,0,0,0,1,1,13,-13,0,12438,998,70,13,0,4,0,0,0,0,0,998,0.0,20,20,54,2.8,1.0,4.0,1093.322147,4,7
26415,10,101,1-10-2022-101-08,8,1,1GCHC33J4VF0,17,467,10978,60,0,20,481,1997,34,5,31,0,1,F,1,2840,5,0,1,1,11,2,56,1,1,8,997,8,9,3,45377,9,9,0,4,2,1,2,1,2,1,1,2,0,0,2,1,0,0,1,1,14,2,13,99,1,4,1,A,1,0,0,0,0,0,0,0,0,0,0,998,998,0,0,1,1,1,22,-22,0,56963,998,10,22,0,2,9,97,0,8,0,998,0.0,30,30,120,10.7,5.0,11.8,131.6151527,4,7
26416,52,92,1-52-2022-092-08,8,1,3VWYB81H2WM1,17,482,3137,13,0,30,40,1998,4,1,1,0,1,F,9,1175,5,9999,9,0,998,5,56,1,0,0,995,0,0,0,59105,9,9,2,4,5,2,2,1,1,1,1,1,0,0,1,1,1,2,9,0,1,2,17,99,1,1,5,L,88,0,0,0,0,0,0,0,0,0,0,235,145,0,0,0,1,0,999,999,999,9999999,999,999,999,9,0,95,95,95,95,0,995,9.8,998,998,998,99.8,99.8,99.8,70.29072548,12,7
26416,52,92,1-52-2022-092-08,8,2,1MELM58U7SG6,17,465,2365,15,0,14,17,1995,6,1,3,0,1,L,2,1485,5,0,1,1,13,2,56,1,0,0,995,0,0,0,59101,9,9,2,4,5,2,2,1,1,1,1,1,0,0,1,1,1,2,9,0,1,4,66,99,1,1,5,L,89,0,0,0,0,0,0,0,0,0,0,145,235,0,0,0,1,12,999,999,999,9999999,999,999,999,7,0,0,0,0,4,0,995,9.8,998,998,998,99.8,99.8,99.8,70.29072548,12,7
26417,52,93,1-52-2022-093-02,2,1,3GNFK12317G1,17,467,3876,119,0,20,482,2007,34,5,31,0,1,R,2,2576,5,0,1,1,12,2,56,1,0,0,995,0,0,0,59102,5,9,2,4,3,1,2,1,1,1,0,1,0,0,1,1,1,2,9,0,1,4,66,1,1,1,5,L,87,0,0,0,0,0,0,0,0,0,0,270,190,0,0,0,1,1,29,-5,-28,74256,998,1,27,0,4,1,2,0,4,0,995,9.8,998,998,998,99.8,99.8,99.8,21.63529773,12,7
26417,52,93,1-52-2022-093-02,2,2,1FM5K8AR4KGA,17,460,1800,7,0,12,425,2019,15,3,15,5,1,F,2,2146,5,159,2,1,13,2,56,1,0,0,995,0,0,0,59101,1,2,2,4,5,2,2,1,1,1,1,1,0,0,1,1,1,2,9,0,1,2,17,4,2,1,5,L,86,0,0,0,0,0,0,0,0,0,0,190,270,0,0,0,1,1,31,-29,11,122908,998,76,32,0,4,1,2,0,4,0,995,9.8,998,998,998,99.8,99.8,99.8,21.63529773,12,7
26418,52,94,1-52-2022-094-08,8,1,1G2ZK17N7942,17,536,4263,3,0,22,22,2009,2,1,4,0,1,T,3,1548,5,0,1,1,30,2,89,1,8,1,46,2,0,2,59105,9,9,0,4,2,1,2,2,2,1,1,2,0,0,2,2,6,2,9,1,14,1,6,7,3,4,1,B,7,1,6,2,2,1,4,61,1,2,21,997,997,0,0,0,3,6,999,999,999,9999999,999,999,999,8,0,3,19,1,3,3,997,0.7,28,28,999,31.3,4.9,31.7,70.29072548,12,7
26419,52,95,1-52-2022-095-07,7,1,JF2SJAJC0HH4,17,523,2234,7,0,48,401,2017,14,3,14,0,1,F,1,1498,5,0,1,1,30,2,113,1,0,0,995,0,0,0,53226,9,9,0,4,2,1,2,1,2,1,1,2,3,3,1,8,0,0,9,0,14,6,87,1,1,1,1,C,13,0,0,0,0,0,0,0,0,0,0,998,998,0,0,0,1,10,999,999,999,9999999,999,78,16,2,0,0,0,0,0,0,998,9.8,998,998,998,99.8,99.8,99.8,481.5774342,12,7
26422,28,57,1-28-2022-057-10,10,1,1FTRX12W07NA,17,460,1801,60,0,12,481,2007,34,5,31,0,1,F,1,2320,5,0,2,0,998,2,89,1,0,0,995,0,0,0,14801,1,2,2,4,2,1,2,1,1,3,1,2,1,0,1,1,6,2,1,0,1,3,52,3,1,1,2,D,28,0,0,0,0,0,0,0,0,0,0,90,95,0,1,0,1,3,11,-10,-4,10640,998,-82,9,0,4,0,0,0,0,0,995,9.8,998,998,998,99.8,99.8,99.8,100.1828551,3,7
26422,28,57,1-28-2022-057-10,10,2,1GCDT1982481,17,467,4086,60,0,20,473,2004,34,5,30,0,1,B,1,1725,5,77,1,1,17,2,89,1,0,0,995,0,0,0,16942,9,9,2,4,2,1,2,1,1,3,1,2,1,0,1,1,6,2,9,0,2,3,53,99,1,1,2,D,29,0,0,0,0,0,0,0,0,0,0,95,90,0,0,0,1,3,14,14,2,17258,998,1,15,0,4,0,0,0,0,0,995,9.8,998,998,998,99.8,99.8,99.8,100.1828551,3,7
26423,27,52,1-27-2022-052-09,9,1,1D7HU18207J5,17,476,1938,60,0,7,482,2007,34,5,31,0,1,F,1,2402,5,0,1,1,23,2,56,1,8,9,998,8,7,9,05201,9,9,2,1,2,2,2,1,3,1,1,2,0,0,1,1,1,2,9,0,14,2,17,99,1,1,4,K,83,0,0,0,0,0,0,0,0,0,0,10,260,0,0,0,1,3,24,-24,-4,167483,998,41,39,0,4,0,0,0,4,0,995,9.8,998,998,998,99.8,99.8,99.8,208.1020245,3,7
26423,27,52,1-27-2022-052-09,9,2,1N4AA5AP9BC8,17,478,2302,13,0,35,39,2011,4,1,4,0,1,F,2,1630,5,0,1,1,24,2,56,1,8,9,998,8,7,9,01201,9,9,2,1,2,2,2,1,1,1,1,2,0,0,1,1,1,2,1,0,11,4,66,99,1,1,4,K,82,0,0,0,0,0,0,0,0,0,0,260,10,0,0,0,1,3,38,-19,33,113812,998,165,27,0,4,0,0,0,0,0,995,9.8,998,998,998,99.8,99.8,99.8,208.1020245,3,7
26424,27,53,1-27-2022-053-04,4,1,1FTEW1E46KFB,17,460,1801,60,0,12,481,2019,34,5,31,0,1,B,1,2130,5,9999,9,0,998,5,64,1,8,9,998,8,7,9,01225,9,9,0,4,2,1,2,1,1,2,0,2,0,0,1,1,0,0,1,0,5,3,53,1,1,1,2,D,21,0,0,0,0,0,0,0,0,0,0,320,330,0,0,0,1,3,16,16,0,30274,998,-80,17,0,4,95,95,95,95,0,995,9.8,998,998,998,99.8,99.8,99.8,146.2260588,3,7
26424,27,53,1-27-2022-053-04,4,2,3C4NJDBB1JT3,17,483,1946,7,0,2,1,2018,6,1,2,0,1,F,1,1509,5,0,1,1,29,2,64,1,8,9,998,8,7,9,01201,9,9,0,4,2,1,2,1,1,2,0,2,0,0,1,1,0,0,9,0,1,3,50,4,1,1,2,D,20,0,0,0,0,0,0,0,0,0,0,330,320,0,0,0,1,3,22,-22,4,27114,998,-15,21,0,4,0,0,0,0,0,995,9.8,998,998,998,99.8,99.8,99.8,146.2260588,3,7
26426,66,55,1-66-2022-055-07,7,1,1J8GA69179L7,17,483,1943,7,0,2,403,2009,14,3,14,0,1,B,1,1936,5,9999,9,0,998,5,89,1,0,0,995,0,7,0,65633,9,9,0,4,2,1,2,1,1,1,1,4,2,3,1,1,0,0,9,0,1,3,53,1,1,1,2,D,29,0,0,0,0,0,0,0,0,0,0,165,165,0,0,0,1,3,23,23,0,41757,998,0,24,0,4,95,95,95,95,0,995,9.8,998,998,998,99.8,99.8,99.8,138.884824,6,7
26426,66,55,1-66-2022-055-07,7,2,1G11C5SL6FF2,17,467,1834,13,0,20,37,2015,4,1,3,0,1,F,1,1625,5,0,1,1,11,2,89,1,0,0,995,0,7,0,65769,9,9,0,4,2,1,2,1,1,1,1,4,2,3,1,1,0,0,9,0,1,3,52,2,1,1,2,D,28,0,0,0,0,0,0,0,0,0,0,165,165,0,0,0,1,3,23,-23,0,39401,998,-8,23,0,4,99,99,0,99,0,995,9.8,998,998,998,99.8,99.8,99.8,138.884824,6,7
26427,16,54,1-16-2022-054-01,1,1,5J8TB3H32DL0,17,475,1871,7,0,54,402,2013,14,3,14,0,1,L,3,1756,5,0,1,1,46,2,56,1,0,1,0,3,0,2,45248,1,9,1,3,1,1,2,1,2,1,1,2,0,0,1,1,0,0,1,1,14,1,6,7,1,4,1,B,6,0,0,0,0,0,0,0,0,0,0,998,998,0,0,0,3,12,999,999,999,9999999,999,999,999,8,0,6,75,1,1,0,998,1.5,119,100,10,0.0,0.0,0.0,55.11673277,5,7
26428,16,55,1-16-2022-055-09,9,1,1GCEK14W2YE3,17,467,1850,60,0,20,481,2000,34,5,31,0,1,F,1,1973,5,215,1,1,8,2,56,1,0,0,995,0,0,0,45231,9,9,0,4,2,1,2,1,2,1,1,2,0,0,1,1,0,0,1,1,14,2,12,9,1,4,1,B,6,0,0,0,0,0,0,0,0,0,0,80,90,0,0,0,1,1,16,-16,0,20250,998,-62,14,0,4,1,1,0,8,0,995,9.8,998,998,998,99.8,99.8,99.8,1766.932584,5,7
26428,16,55,1-16-2022-055-09,9,2,JM3KE4CYXF05,17,473,2369,7,0,41,403,2015,14,3,14,0,2,R,1,1604,5,0,1,5,38,,,,,,,,,,,,,,,,,,,,,,,,,,,,,,,,,,,,,,,,,,,,,,,,,,,,,,,,,,,,,,,,,,95,95,95,95,,,,,,,,,,1766.932584,5,7
26429,76,59,1-76-2022-059-05,5,1,1FTEW1EG4HFC,17,460,1801,60,0,12,481,2017,34,5,31,0,1,F,9,2130,5,9999,9,0,998,2,72,1,8,9,998,8,7,9,12473,9,9,0,4,2,1,2,1,1,2,1,2,0,0,1,1,0,0,9,1,1,2,13,99,1,4,1,A,1,0,0,0,0,0,0,0,0,0,0,998,998,0,1,1,1,0,999,999,999,9999999,999,999,999,9,0,9,97,0,99,0,998,0.9,26,26,77,10.0,3.8,10.7,32.38752147,3,7
26430,10,102,1-10-2022-102-10,10,1,1N4AL2APXCN5,17,478,1904,13,0,35,47,2012,4,1,4,0,1,F,1,1437,5,0,1,1,13,2,40,1,0,0,995,0,0,0,45401,9,9,0,4,2,1,2,1,2,1,0,0,0,0,1,1,0,0,1,1,14,2,13,99,1,4,1,C,11,0,0,0,0,0,0,0,0,0,0,160,165,0,0,0,1,3,15,-15,-3,8805,998,21,12,0,4,0,0,0,0,0,995,0.0,120,120,999,11.4,5.6,13.2,1883.555206,4,7
26430,10,102,1-10-2022-102-10,10,2,3A8FY688X6T2,17,477,3595,7,0,6,52,2006,6,1,2,0,2,B,1,1395,5,9999,9,0,998,,,,,,,,,,,,,,,,,,,,,,,,,,,,,,,,,,,,,,,,,,,,,,,,,,,,,,,,,,,,,,,,,,95,95,95,95,,,,,,,,,,1883.555206,4,7
26432,25,56,1-25-2022-056-06,6,1,1HGCG2256YA0,17,474,1861,3,0,37,32,2000,2,1,3,0,1,L,1,1490,5,0,1,1,6,2,80,1,8,0,995,0,7,0,04103,9,9,0,4,2,98,5,1,1,3,1,2,0,0,1,1,0,0,1,1,12,2,21,99,1,6,6,M,98,0,0,0,0,0,0,0,0,0,0,315,50,0,1,0,1,3,12,-4,11,18188,998,125,13,0,4,2,5,0,4,0,995,9.8,998,998,998,99.8,99.8,99.8,721.1060153,2,7
26432,25,56,1-25-2022-056-06,6,2,1C3CDZAB5DN6,17,476,1892,13,0,7,26,2013,4,1,3,0,1,F,1,1636,5,0,1,1,21,2,80,1,8,0,995,0,7,0,04039,9,9,0,4,2,1,2,1,1,3,1,2,0,0,1,1,0,0,1,1,1,4,64,7,3,2,6,M,98,0,0,0,0,0,0,0,0,0,0,50,315,0,1,0,1,3,11,-10,-4,7840,998,-77,9,0,4,1,1,0,4,0,995,9.8,998,998,998,99.8,99.8,99.8,721.1060153,2,7
26433,73,59,1-73-2022-059-03,3,1,1HGCV1F11KA0,17,474,1861,13,0,37,32,2019,4,1,4,0,1,F,2,1433,5,0,1,4,38,2,89,1,8,0,995,0,7,0,04422,1,2,0,4,2,1,2,1,2,2,1,2,0,0,1,1,0,0,3,1,14,2,12,1,1,4,1,B,6,0,0,0,0,0,0,0,0,0,0,998,998,0,1,1,11,12,999,999,999,9999999,999,999,999,7,0,0,0,0,5,0,998,2.3,4,4,120,22.4,6.0,23.6,134.2901785,3,7
26434,73,60,1-73-2022-060-03,3,1,5UXTR9C50JLD,17,452,1719,7,0,34,402,2018,14,3,14,0,1,L,1,1883,5,0,1,1,5,2,56,1,8,0,995,0,7,0,01778,1,2,0,4,2,1,2,1,1,1,1,2,0,0,1,8,0,0,3,1,12,2,21,1,1,1,6,M,98,0,0,0,0,0,0,0,0,0,0,300,330,0,0,0,1,3,6,3,5,5554,998,153,6,0,1,1,1,0,5,0,995,9.8,998,998,998,99.8,99.8,99.8,134.2901785,3,7
26434,73,60,1-73-2022-060-03,3,2,1GTR9GEK8MZ4,17,472,1857,60,0,23,481,2021,34,5,31,0,1,F,1,2193,5,0,1,1,5,2,56,1,0,0,995,0,7,0,04937,9,9,0,4,2,1,2,1,1,1,1,2,0,0,1,8,0,0,1,1,1,4,61,3,1,2,6,M,98,0,0,0,0,0,0,0,0,0,0,330,300,0,0,0,1,3,5,-5,-3,3370,998,-65,6,0,4,0,0,0,0,0,995,9.8,998,998,998,99.8,99.8,99.8,134.2901785,3,7
26437,66,56,1-66-2022-056-07,7,1,1FA6P8TH9F53,17,460,1781,3,0,12,3,2015,2,1,3,0,1,F,1,1598,5,0,1,1,16,2,113,1,0,0,995,0,7,0,74857,1,2,0,2,2,1,2,1,1,1,1,3,2,3,2,1,0,0,1,0,1,6,87,2,1,1,1,C,13,0,0,0,0,0,0,0,0,0,0,998,998,0,0,0,1,10,999,999,999,9999999,999,0,21,2,0,0,0,0,0,0,998,9.8,998,998,998,99.8,99.8,99.8,138.884824,6,7
26438,18,52,1-18-2022-052-01,1,1,2G1WC5E33G11,17,467,13634,13,0,20,2,2016,4,1,4,0,1,F,3,1613,5,0,1,1,25,3,89,1,0,1,0,3,1,2,54766,1,9,0,4,2,1,2,1,2,1,1,2,0,0,2,1,0,0,9,1,14,2,10,99,1,2,3,G,50,0,0,0,0,0,0,0,0,0,0,45,235,0,0,0,1,5,999,999,999,9999999,999,999,70,5,0,5,43,1,1,0,995,9.8,998,998,998,99.8,99.8,99.8,69.440298,6,7
26438,18,52,1-18-2022-052-01,1,2,2HAGSSNT0GL1,17,526,99997,11,0,84,881,2016,64,8,60,0,1,F,9,,,,,,,2,89,1,0,0,995,0,0,0,54745,9,9,0,4,2,1,2,1,3,4,1,2,0,0,2,1,0,0,1,0,14,4,62,99,1,1,3,G,51,,,,,,,,,,,,,,,,,,,,,,,,,,,95,95,95,95,,,9.8,998,998,998,99.8,99.8,99.8,69.440298,6,7
26439,18,53,1-18-2022-053-10,10,1,2D8HN54P38R1,17,476,1942,2,0,7,442,2008,20,4,20,0,1,F,1,2038,5,0,1,1,8,3,89,1,0,1,0,1,1,3,53719,5,9,0,4,2,1,2,1,1,1,1,4,0,0,1,1,0,0,9,1,12,2,12,99,1,4,6,M,98,0,0,0,0,0,0,0,0,0,0,998,998,0,1,0,1,12,999,999,999,9999999,999,999,999,6,0,0,0,0,0,0,998,0.9,999,999,999,5.8,5.6,8.0,17381.45928,6,7
26441,33,13,1-33-2022-013-04,4,1,1G4GC5EG5AF1,17,468,1821,13,0,18,22,2010,4,1,4,0,1,F,1,1822,5,9999,9,0,998,5,89,1,0,0,995,0,0,0,95956,9,9,2,4,2,1,2,1,2,1,1,2,0,0,1,1,3,2,3,0,10,2,16,4,1,1,4,K,78,0,0,0,0,0,0,0,0,0,0,270,350,0,0,0,1,3,5,-4,3,1863,998,96,4,0,4,95,95,95,95,0,995,9.8,998,998,998,99.8,99.8,99.8,151.4182303,12,7
26441,33,13,1-33-2022-013-04,4,2,1FMSK8FH8LGA,17,460,1800,7,0,12,425,2020,15,3,15,0,1,R,1,2022,5,0,2,1,14,2,89,1,0,0,995,0,0,0,95967,1,2,2,4,2,1,2,1,3,1,1,2,0,0,1,1,3,2,1,0,14,4,61,3,1,1,4,K,79,0,0,0,0,0,0,0,0,0,0,350,270,0,0,0,1,3,5,-2,-4,3024,998,-30,6,0,4,1,1,0,0,0,995,9.8,998,998,998,99.8,99.8,99.8,151.4182303,12,7
26444,26,79,1-26-2022-079-03,3,1,3N1CP5CV2ML5,17,478,22791,5,0,35,56,2021,5,1,2,0,1,L,1,1221,5,0,1,1,37,2,40,1,0,0,995,0,0,0,49740,1,9,3,3,4,2,2,1,1,1,3,1,0,0,1,1,5,2,9,1,11,2,15,1,1,2,4,J,72,0,0,0,0,0,0,0,0,0,0,45,100,0,0,0,1,3,12,2,12,13092,998,6,15,0,4,99,99,0,8,0,995,9.8,998,998,998,99.8,99.8,99.8,640.0637345,10,7
26444,26,79,1-26-2022-079-03,3,2,5TEGN92N32Z0,17,448,2223,60,0,49,472,2002,34,5,30,0,1,F,1,1701,5,9999,9,0,998,2,40,1,0,0,995,0,0,0,95833,9,1,3,3,4,4,2,1,1,1,3,0,0,0,1,1,0,0,1,0,1,4,61,99,1,1,4,J,73,0,0,0,0,0,0,0,0,0,0,100,45,0,0,0,1,3,10,-9,-5,5536,998,-106,7,0,4,99,99,0,99,0,995,9.8,998,998,998,99.8,99.8,99.8,640.0637345,10,7
26445,26,80,1-26-2022-080-03,3,1,1G1ZB5ST4LF1,17,467,1834,13,0,20,37,2020,4,1,4,0,1,B,2,1418,5,9999,9,4,47,2,72,1,0,9,998,8,0,9,95828,2,9,2,1,4,3,2,1,3,1,3,3,0,0,3,1,1,2,1,0,5,3,53,1,1,1,2,D,21,0,0,0,0,0,0,0,0,0,0,315,310,0,0,0,1,5,999,999,999,9999999,999,999,999,7,0,9,97,0,99,0,995,9.8,998,998,998,99.8,99.8,99.8,640.0637345,10,7
26445,26,80,1-26-2022-080-03,3,2,1HD1KVP20MB6,17,3888,15792,81,0,72,706,2021,80,9,80,0,1,F,9,,,,,,,2,72,1,0,0,995,0,0,0,95747,9,9,2,1,4,3,2,1,3,1,3,3,0,0,3,1,1,2,3,0,14,3,50,7,1,1,2,D,20,,,,,,,,,,,,,,,,,,,,,,,,,,,95,95,95,95,,,9.8,998,998,998,99.8,99.8,99.8,640.0637345,10,7
26446,20,118,1-20-2022-118-08,8,1,2GCEC19T2312,17,467,1850,60,0,20,481,2003,34,5,31,0,1,F,3,1980,5,9999,9,0,998,2,89,1,1,8,997,8,9,0,95076,9,1,0,4,2,1,2,1,2,1,1,2,0,0,4,5,0,0,9,1,14,2,10,99,1,2,3,G,50,0,0,0,0,0,0,0,0,0,0,280,120,0,1,0,1,3,56,-56,0,320041,998,0,63,0,4,2,4,0,8,0,995,9.8,998,998,998,99.8,99.8,99.8,108.7158796,11,7
26446,20,118,1-20-2022-118-08,8,2,2GCEC19T3Y12,17,467,1850,60,0,20,481,2000,34,5,31,0,1,F,3,1787,5,0,1,1,23,2,89,1,0,1,0,2,0,0,95076,1,1,0,4,2,1,2,1,3,1,1,2,0,0,4,5,0,0,1,0,14,4,62,1,1,1,3,G,51,0,0,0,0,0,0,0,0,0,0,120,280,0,1,0,1,3,62,-58,21,320041,998,96,56,0,4,3,13,1,4,0,995,9.8,998,998,998,99.8,99.8,99.8,108.7158796,11,7
26448,20,120,1-20-2022-120-07,7,1,3FAHP0HA1AR3,17,460,1780,13,0,12,23,2010,4,1,3,0,1,F,1,1490,5,9999,9,0,998,7,105,1,0,9,998,8,0,0,93960,9,1,0,2,2,2,2,1,1,9,3,2,1,3,1,1,0,0,1,0,1,3,50,4,1,1,2,D,20,0,0,0,0,0,0,0,0,0,0,115,105,0,0,0,1,3,10,-9,3,5963,998,72,9,0,4,0,0,0,0,0,995,9.8,998,998,998,99.8,99.8,99.8,752.1229543,11,7
26448,20,120,1-20-2022-120-07,7,2,KNMAT2MT3HP5,17,478,1913,8,0,35,51,2017,6,1,3,0,1,B,1,1550,5,0,1,1,40,7,105,1,0,0,995,0,0,0,93927,9,1,0,2,2,2,2,1,1,9,3,2,1,3,1,1,0,0,1,0,5,3,53,1,1,1,2,D,21,0,0,0,0,0,0,0,0,0,0,105,115,0,0,0,1,3,9,9,-2,7037,998,-18,10,0,4,0,0,0,0,0,995,9.8,998,998,998,99.8,99.8,99.8,752.1229543,11,7
26448,20,120,1-20-2022-120-07,7,3,1FUJGHDV1FLG,17,450,2501,66,0,82,881,2015,66,8,68,0,1,L,9,,,,,,,5,105,1,0,0,995,0,0,0,89118,9,9,0,2,2,1,2,1,1,9,1,3,2,3,1,1,0,0,1,0,1,4,60,1,1,1,6,M,98,,,,,,,,,,,,,,,,,,,,,,,,,,,95,95,95,95,,,9.8,998,998,998,99.8,99.8,99.8,752.1229543,11,7
26449,20,121,1-20-2022-121-02,2,1,2HKRW1H52MH4,17,474,1865,7,0,37,402,2021,14,3,14,0,1,L,2,1502,5,0,1,1,38,2,56,1,1,8,997,8,9,0,93927,1,1,0,4,2,1,2,1,1,1,0,2,0,0,1,1,0,0,9,1,1,2,13,99,1,4,1,A,1,1,1,1,6,2,4,68,4,2,10,997,997,0,0,0,2,6,999,999,999,9999999,999,999,999,7,0,2,5,0,3,3,997,0.5,3,3,999,11.3,1.6,11.3,31.9626892,11,7
26451,21,43,1-21-2022-043-05,5,1,3N1AB7AP0EL6,17,478,1907,13,0,35,43,2014,4,1,3,0,1,F,2,1293,5,0,1,1,4,2,89,1,0,1,181,2,0,2,92376,2,9,0,2,2,2,1,1,1,1,3,3,0,0,2,1,0,0,3,1,1,2,12,3,4,4,1,B,7,0,0,0,0,0,0,0,0,0,0,998,998,0,0,0,1,98,999,999,999,9999999,999,999,999,7,0,2,12,0,3,0,998,6.9,999,999,999,0.0,0.0,0.0,43.77664063,11,7