CASEID,PSU,CASENO,CASENUMBER,CATEGORY,VEHNO,VIN,VINLENGTH,VPICMAKE,VPICMODEL,VPICBODYCLASS,ICFINALBODY,MAKE,MODEL,MODELYR,BODYTYPE,BODYCAT,VEHCLASS,SPECUSE,TRANSTAT,DAMPLANE,DAMSEV,CURBWT,CURBSRC,CARGOWT,CARGOSRC,INSPTYPE,INSPLAG,TOWED,SPEEDLIMIT,DRPRESENT,PARALCOHOL,ALCTEST,ALCTESTRESULT,ALCTESTSRC,PARDRUG,DRUGTEST,ZIP,RACE,ETHNICITY,RELTOJUNCT,TRAFFLOW,RDLANES,INITLANE,SURFTYPE,SURFCOND,ALIGNMENT,PROFILE,LINERIGHT,LINELEFT,RUMBINIT,RUMBROAD,LIGHTCOND,WEATHER,TRAFDEV,TRAFFUNCT,DISTRACT,PREFHE,PREMOVE,CRITCAT,CRITEVENT,MANEUVER,PRESTAB,PRELOC,CRASHCAT,CRASHCONF,CRASHTYPE,ROLLTYPE,ROLLTURN,ROLLINTRPT,ROLLPREMAN,ROLLINITYP,ROLLINLOC,ROLLOBJ,ROLLTRIP,ROLLDIR,ROLLDIST,DVANGTHIS,DVANGOTH,TOWHITCH,TRAJDOC,TREEPOLE,DVEVENT,DVBASIS,DVTOTAL,DVLONG,DVLAT,DVENERGY,DVSPEED,DVMOMENT,DVBES,DVEST,DVCONF,VAIS,VISS,VINJURED,VTREAT,INITOBJCLASS,HEADANGLECAT,SHLDRWIDTH,STRKLENGTH,STRKWIDTH,STRKHEIGHT,EDGEDISTX,EDGEDISTY,EDGEDISTZ,CASEWGT,PSUSTRAT,VERSION
26624,10,112,1-10-2022-112-03,3,2,5TDJZRFH2JS5,17,448,2213,7,0,49,403,2018,14,3,14,0,1,F,2,2030,5,0,1,1,4,2,64,1,0,0,995,0,0,0,45401,1,2,2,1,3,1,1,1,3,1,0,1,0,0,1,8,1,2,9,0,14,4,66,8,1,1,5,L,89,0,0,0,0,0,0,0,0,0,0,998,998,1,0,1,3,5,999,999,999,9999999,999,999,999,3,0,1,1,0,5,0,998,0.0,30,30,108,2.4,0.4,2.5,186.6468435,4,7
26625,10,113,1-10-2022-113-08,8,1,1J4FY19S4WP7,17,483,1943,7,0,2,403,1998,14,3,14,0,1,R,2,1381,5,9999,9,0,998,2,64,1,0,1,0,2,0,2,45405,1,2,2,4,5,3,2,1,1,1,1,2,0,0,1,1,1,2,9,0,11,2,15,99,1,1,4,J,68,0,0,0,0,0,0,0,0,0,0,120,0,0,0,0,1,3,32,-11,-30,65683,998,29,33,0,4,3,22,1,3,0,995,9.8,998,998,998,99.8,99.8,99.8,229.4143956,4,7
26625,10,113,1-10-2022-113-08,8,2,1FTRX12W97NA,17,460,1801,60,0,12,481,2007,34,5,31,0,1,F,1,2320,5,9999,9,1,56,2,64,1,0,0,995,0,0,0,41091,9,9,2,4,4,1,2,1,1,1,0,3,0,0,1,1,1,2,1,0,1,4,62,99,1,1,4,J,69,0,0,0,0,0,0,0,0,0,0,0,120,0,0,0,1,3,20,-19,-3,35647,998,-42,19,0,4,9,97,0,8,0,995,9.8,998,998,998,99.8,99.8,99.8,229.4143956,4,7
26626,10,114,1-10-2022-114-04,4,1,KMHDH4AE0EU1,17,498,2735,13,0,55,35,2014,4,1,3,0,1,L,1,1305,5,0,1,5,6,2,64,1,0,0,995,0,0,0,45439,9,9,2,4,6,3,2,1,1,1,3,1,0,0,1,1,1,2,1,0,1,2,17,99,1,1,5,L,89,0,0,0,0,0,0,0,0,0,0,195,265,0,0,0,1,1,13,-2,13,9392,998,111,10,0,4,0,0,0,0,0,995,9.8,998,998,998,99.8,99.8,99.8,581.0372868,4,7
26626,10,114,1-10-2022-114-04,4,2,1G1FZ6S09M41,17,467,13672,5,0,20,40,2021,5,1,2,0,1,F,1,1625,5,0,1,1,6,2,56,1,0,0,995,0,0,0,45417,1,2,2,1,4,3,2,1,1,1,1,1,0,0,1,1,1,2,1,0,1,4,66,2,1,1,5,L,88,0,0,0,0,0,0,0,0,0,0,265,195,0,0,0,1,1,10,-9,-5,13153,998,-52,13,0,4,1,1,0,0,0,995,9.8,998,998,998,99.8,99.8,99.8,581.0372868,4,7
26627,18,58,1-18-2022-058-09,9,1,1FAHP36N69W2,17,460,1779,13,0,12,37,2009,4,1,2,0,1,T,2,1189,5,0,1,1,10,2,89,1,0,0,995,0,0,0,54703,1,2,0,4,2,1,2,1,1,1,3,2,0,0,1,8,0,0,3,1,1,2,13,98,1,4,1,A,1,1,7,2,2,1,4,61,1,2,22,997,997,0,1,0,2,6,999,999,999,9999999,999,999,999,7,0,1,2,0,6,3,997,9.8,998,998,998,99.8,99.8,99.8,427.3834902,6,7
26628,18,59,1-18-2022-059-03,3,1,MAJ6P1CLXJC2,17,460,17774,7,0,12,403,2018,14,3,14,0,1,F,2,1370,5,0,1,1,3,2,89,1,0,0,995,0,0,0,54703,1,2,2,4,2,1,2,1,1,2,0,0,0,0,1,1,0,0,1,0,1,4,66,4,1,1,5,L,86,0,0,0,0,0,0,0,0,0,0,0,85,0,0,0,1,1,35,-33,12,66224,998,60,31,0,1,1,1,0,4,0,995,9.8,998,998,998,99.8,99.8,99.8,72.19349258,6,7
26628,18,59,1-18-2022-059-03,3,2,2HGES26731H5,17,474,1863,13,0,37,31,2001,4,1,2,0,1,R,3,1095,5,0,1,1,16,2,89,1,0,0,995,0,0,0,54739,3,9,2,4,2,1,2,1,1,2,0,0,0,0,1,1,1,2,1,0,1,2,17,99,1,1,5,L,87,0,0,0,0,0,0,0,0,0,0,85,0,0,1,0,1,1,43,-15,-40,99676,998,-6,47,0,1,1,2,0,4,0,995,0.0,999,999,999,1.7,0.2,1.8,72.19349258,6,7
26629,73,66,1-73-2022-066-06,6,1,KMHTC6AD1HU3,17,498,2298,5,0,55,42,2017,9,1,3,0,1,T,2,1243,5,0,1,1,15,2,80,1,0,0,995,0,0,0,04427,9,9,0,4,2,1,2,1,1,1,1,4,0,0,1,1,0,0,3,1,1,2,10,99,1,2,3,I,64,1,6,2,6,1,4,61,1,1,16,997,997,0,1,0,2,6,999,999,999,9999999,999,999,999,7,0,0,0,0,0,3,997,9.8,998,998,998,99.8,99.8,99.8,146.9944683,3,7
26629,73,66,1-73-2022-066-06,6,2,KNMAT2MVXGP6,17,478,1913,8,0,35,51,2016,6,1,3,0,1,T,2,1610,5,9999,9,4,48,2,80,1,0,0,995,0,0,0,04020,9,9,0,4,2,1,2,1,1,1,1,2,0,0,1,1,0,0,1,0,1,4,62,8,1,1,3,I,65,1,2,2,6,1,4,61,1,1,6,997,997,0,1,0,3,6,999,999,999,9999999,999,999,999,7,0,1,1,0,4,3,997,9.8,998,998,998,99.8,99.8,99.8,146.9944683,3,7
26630,73,67,1-73-2022-067-05,5,1,KL8CA6S90DC5,17,467,1836,5,0,20,29,2013,5,1,1,0,1,F,1,1050,5,0,1,1,6,2,64,1,8,0,995,0,7,0,04950,9,9,0,4,2,1,5,8,1,1,0,0,0,0,1,1,0,0,1,1,1,1,5,99,2,4,1,A,2,0,0,0,0,0,0,0,0,0,0,998,998,0,1,5,2,10,999,999,999,9999999,999,999,999,6,0,1,1,0,4,0,998,0.0,120,120,999,23.0,6.3,24.0,23.59090556,3,7
26631,52,105,1-52-2022-105-03,3,1,1FBNE31L38DA,17,460,1818,9,0,12,461,2008,21,4,21,0,1,F,1,2419,5,9999,9,0,998,5,72,1,0,0,995,0,0,0,59102,9,9,2,4,2,1,2,1,1,1,1,2,0,0,1,1,2,2,3,0,1,2,17,99,1,1,5,L,86,0,0,0,0,0,0,0,0,0,0,180,260,0,0,0,1,3,9,-7,6,4507,998,150,5,0,4,95,95,95,95,0,995,9.8,998,998,998,99.8,99.8,99.8,35.85405057,12,7
26631,52,105,1-52-2022-105-03,3,2,1N6ED1EK6NN6,17,478,1919,60,0,35,472,2022,34,5,31,0,1,R,1,2141,5,0,2,1,41,2,72,1,0,0,995,0,0,0,59105,1,2,2,4,2,1,2,1,1,1,1,2,0,0,1,1,0,0,1,0,1,4,66,1,1,1,5,L,87,0,0,0,0,0,0,0,0,0,0,260,180,0,0,0,1,3,9,-5,-8,16201,998,47,13,0,4,2,5,0,4,0,995,9.8,998,998,998,99.8,99.8,99.8,35.85405057,12,7
26632,16,61,1-16-2022-061-02,2,1,JF2GTHRC4NH2,17,523,13580,7,0,48,403,2022,14,3,14,0,1,R,1,1481,5,0,1,1,71,2,48,1,9,0,995,0,1,0,45220,1,9,0,4,2,1,2,1,2,2,0,2,0,0,1,1,0,0,9,1,14,2,13,99,1,4,1,A,1,0,0,0,0,0,0,0,0,0,0,998,998,0,0,1,2,1,7,-7,-1,3603,998,58,7,0,4,1,1,0,8,0,998,0.0,120,18,11,0.0,0.0,0.0,24.23349089,5,7
26633,16,62,1-16-2022-062-05,5,1,4S4BSAACXH34,17,523,2233,7,0,48,45,2017,6,1,3,0,1,F,2,1614,5,0,1,1,64,2,40,1,0,0,995,0,0,0,45150,1,9,0,4,2,1,2,2,1,4,1,2,0,0,2,8,0,0,1,0,1,4,62,4,1,1,3,G,51,0,0,0,0,0,0,0,0,0,0,175,325,0,0,0,1,3,30,-29,10,51728,998,21,28,0,4,2,4,0,8,0,995,1.0,52,43,79,1.1,1.0,2.3,114.0038341,5,7
26633,16,62,1-16-2022-062-05,5,2,1FA6P8AM0F53,17,460,1781,3,0,12,3,2015,2,1,3,0,1,F,2,1681,5,0,1,1,64,2,40,1,1,1,164,2,1,2,45140,1,9,0,4,2,1,2,2,1,2,1,2,0,0,2,8,0,0,1,1,1,2,10,4,3,2,3,G,50,0,0,0,0,0,0,0,0,0,0,325,175,0,0,0,1,3,30,-29,-5,74182,998,-38,32,0,4,3,17,1,3,0,995,9.8,998,998,998,99.8,99.8,99.8,114.0038341,5,7
26634,27,56,1-27-2022-056-03,3,1,2HKRW2H59KH6,17,474,1865,7,0,37,402,2019,14,3,14,0,1,F,1,1580,5,0,1,1,4,2,56,1,9,1,0,2,9,1,10473,2,2,2,4,2,1,2,1,3,1,1,2,0,0,3,5,6,2,1,1,14,4,68,7,1,4,4,K,84,0,0,0,0,0,0,0,0,0,0,320,210,0,0,0,1,5,999,999,999,9999999,999,999,12,2,0,0,0,0,4,0,995,9.8,998,998,998,99.8,99.8,99.8,26.12277225,3,7
26634,27,56,1-27-2022-056-03,3,2,3AKJHHDRXNSN,17,450,2501,66,0,82,881,2022,66,8,68,0,1,L,9,,,,,,,2,999,0,7,7,887,6,8,8,99998,8,8,2,4,2,1,2,1,1,1,0,0,0,0,3,5,0,0,0,8,0,8,98,0,0,0,4,K,84,,,,,,,,,,,,,,,,,,,,,,,,,,,95,95,95,95,,,9.8,998,998,998,99.8,99.8,99.8,26.12277225,3,7
26635,27,57,1-27-2022-057-06,6,1,1G1PJ5S90B72,17,467,1832,13,0,20,25,2011,4,1,3,0,1,L,1,1407,5,0,1,1,5,2,48,1,0,0,995,0,0,0,01201,1,2,2,4,2,1,2,1,1,1,0,0,0,0,1,1,2,2,9,0,1,2,17,99,1,1,5,L,89,0,0,0,0,0,0,0,0,0,0,110,210,0,0,0,1,1,23,-8,22,38854,998,-42,25,0,1,2,4,0,4,0,995,9.8,998,998,998,99.8,99.8,99.8,59.48017899,3,7
26635,27,57,1-27-2022-057-06,6,2,2T3BFREV3FW2,17,448,2217,7,0,49,402,2015,14,3,14,0,1,F,1,1600,5,0,1,1,4,2,48,1,0,0,995,0,0,0,01201,1,2,2,4,2,1,2,1,1,1,1,2,0,0,1,1,0,0,1,0,1,4,66,4,1,1,5,L,88,0,0,0,0,0,0,0,0,0,0,210,110,0,0,0,1,1,20,-20,-4,24230,998,-39,18,0,1,1,1,0,4,0,995,9.8,998,998,998,99.8,99.8,99.8,59.48017899,3,7
26636,13,85,1-13-2022-085-01,1,1,2T2HK31U67C0,17,515,2214,7,0,59,403,2007,14,3,14,0,1,F,9,1855,5,9999,9,0,998,2,48,1,9,8,997,8,9,3,76105,2,9,0,4,2,1,2,1,1,1,0,0,0,0,1,1,0,0,9,1,1,2,13,99,1,4,1,A,1,1,3,2,2,1,4,61,1,1,7,998,998,0,0,7,99,0,999,999,999,9999999,999,999,999,9,0,9,0,0,1,3,998,0.0,999,999,999,37.6,0.9,37.7,138.803385,7,7
26636,13,85,1-13-2022-085-01,1,2,3C6UR5DJ1EG1,17,496,13621,60,0,7,482,2014,34,5,31,0,2,R,1,3008,5,9999,9,5,14,,,,,,,,,,,,,,,,,,,,,,,,,,,,,,,,,,,,,,,,,,,,,,,,,,,,,,,,,,,,,,,,,,95,95,95,95,,,,,,,,,,138.803385,7,7
26636,13,85,1-13-2022-085-01,1,3,JH4CU2F60BC0,17,475,1874,13,0,54,39,2011,4,1,3,0,2,R,9,1672,5,9999,9,0,998,,,,,,,,,,,,,,,,,,,,,,,,,,,,,,,,,,,,,,,,,,,,,,,,,,,,,,,,,,,,,,,,,,95,95,95,95,,,,,,,,,,138.803385,7,7
26637,13,86,1-13-2022-086-03,3,1,KNDPM3AC2J73,17,499,2770,7,0,63,401,2018,14,3,14,0,1,F,2,1631,5,0,1,1,6,2,72,1,8,0,995,0,7,0,76244,1,9,3,5,7,4,2,1,3,2,4,4,0,0,1,1,0,0,9,0,11,2,15,99,1,1,4,J,68,0,0,0,0,0,0,0,0,0,0,60,270,0,0,0,1,12,999,999,999,9999999,999,999,999,7,0,9,97,0,99,0,995,9.8,998,998,998,99.8,99.8,99.8,1046.486212,7,7
26637,13,86,1-13-2022-086-03,3,2,1GNSKPKD1MR4,17,467,1852,7,0,20,421,2021,15,3,15,0,1,F,9,2515,5,9999,9,0,998,5,72,1,9,0,995,0,9,0,75119,9,9,3,5,7,3,2,1,2,4,3,2,0,0,1,1,0,0,9,1,14,4,62,7,1,1,4,J,69,0,0,0,0,0,0,0,0,0,0,270,60,0,0,0,1,0,999,999,999,9999999,999,999,999,9,0,95,95,95,95,0,995,9.8,998,998,998,99.8,99.8,99.8,1046.486212,7,7
26638,33,20,1-33-2022-020-08,8,1,4S4BRBKC4B33,17,523,2233,7,0,48,45,2011,6,1,3,0,1,F,3,1617,8,0,1,1,9,2,89,1,0,1,0,2,0,1,95966,3,9,0,4,2,1,2,1,1,2,1,4,0,0,4,1,0,0,9,1,1,2,10,99,1,2,3,G,50,0,0,0,0,0,0,0,0,0,0,240,70,0,0,0,1,1,90,-90,0,489594,998,0,87,0,1,3,17,1,3,0,995,9.8,998,998,998,99.8,99.8,99.8,186.7240982,12,7
26638,33,20,1-33-2022-020-08,8,2,5N1AR18U86C6,17,478,1911,7,0,35,401,2006,14,3,14,0,1,F,3,2092,8,0,1,1,10,2,89,1,0,0,995,0,0,0,95917,1,9,0,4,2,1,2,1,1,1,1,4,0,0,4,1,0,0,1,0,1,4,62,2,1,1,3,G,51,0,0,0,0,0,0,0,0,0,0,70,240,0,0,0,1,1,70,-68,12,459574,998,34,72,0,1,3,17,1,3,0,995,9.8,998,998,998,99.8,99.8,99.8,186.7240982,12,7
26639,33,21,1-33-2022-021-01,1,1,1C4GP64L1YB5,17,477,1936,2,0,6,441,2000,20,4,20,0,1,F,9,2036,5,9999,9,0,998,2,56,1,9,0,995,0,9,0,95973,1,9,2,4,5,3,2,1,1,1,1,2,0,0,1,1,0,0,9,1,11,2,13,99,1,4,1,C,11,0,0,0,0,0,0,0,0,0,0,998,998,0,0,1,2,0,999,999,999,9999999,999,999,999,9,0,9,0,0,1,0,998,0.0,35,42,88,4.4,1.4,5.0,30.44455772,12,7
26639,33,21,1-33-2022-021-01,1,2,1HGCR2F32FA1,17,474,1861,13,0,37,32,2015,4,1,4,0,2,B,9,1496,5,9999,9,0,998,,,,,,,,,,,,,,,,,,,,,,,,,,,,,,,,,,,,,,,,,,,,,,,,,,,,,,,,,,,,,,,,,,95,95,95,95,,,,,,,,,,30.44455772,12,7
26640,31,53,1-31-2022-053-08,8,1,2G1WB58K2694,17,467,1833,13,0,20,2,2006,4,1,4,0,1,R,2,1630,5,9999,9,5,3,2,72,1,0,0,995,0,0,0,62869,9,9,2,4,4,3,2,1,1,1,1,2,0,0,1,1,1,2,9,0,11,2,15,99,1,1,4,J,68,0,0,0,0,0,0,0,0,0,0,245,120,0,0,0,1,12,999,999,999,9999999,999,999,999,7,0,1,1,0,4,0,995,9.8,998,998,998,99.8,99.8,99.8,305.2867887,6,7
26640,31,53,1-31-2022-053-08,8,2,1FTPX14514KB,17,460,1801,60,0,12,481,2004,34,5,31,0,1,F,1,2412,5,9999,9,5,3,2,72,1,0,0,995,0,0,0,62821,9,9,2,4,3,1,2,1,1,1,1,1,0,0,1,1,1,2,9,0,1,4,62,99,1,1,4,J,69,0,0,0,0,0,0,0,0,0,0,120,245,0,0,0,1,12,999,999,999,9999999,999,999,999,6,0,0,0,0,0,0,995,9.8,998,998,998,99.8,99.8,99.8,305.2867887,6,7
26641,31,54,1-31-2022-054-08,8,1,4T1BF28B0YU0,17,448,2465,13,0,49,43,2000,4,1,3,0,1,F,2,1560,5,9999,9,1,13,2,89,1,0,1,0,2,0,0,62979,9,9,2,4,2,1,2,1,1,1,1,4,0,0,1,1,2,2,9,0,1,2,17,99,1,1,5,L,88,0,0,0,0,0,0,0,0,0,0,0,275,0,0,0,1,5,999,999,999,9999999,999,999,32,3,0,3,22,1,1,0,995,9.8,998,998,998,99.8,99.8,99.8,305.2867887,6,7
26641,31,54,1-31-2022-054-08,8,2,1XP5DB9X03D8,17,495,2046,66,0,87,881,2003,66,8,68,0,1,L,9,,,,,,,5,89,1,0,0,995,0,0,0,62821,9,9,2,4,2,1,2,1,1,2,1,2,0,0,1,1,0,0,9,0,1,4,66,99,1,1,5,L,89,,,,,,,,,,,,,,,,,,,,,,,,,,,95,95,95,95,,,9.8,998,998,998,99.8,99.8,99.8,305.2867887,6,7
26642,66,61,1-66-2022-061-08,8,1,KL1TD66658B0,17,467,1828,5,0,20,39,2008,5,1,1,99,1,F,1,1065,5,9999,9,0,998,2,56,1,0,0,995,0,7,0,65605,9,9,2,4,3,1,2,1,1,1,1,2,0,0,1,1,0,0,1,0,1,4,68,99,1,1,5,L,88,0,0,0,0,0,0,0,0,0,0,180,90,0,0,0,1,3,19,-18,-6,10389,998,-60,14,0,4,9,97,0,99,0,995,9.8,998,998,998,99.8,99.8,99.8,233.4200196,6,7
26642,66,61,1-66-2022-061-08,8,2,1GMDX03E63D1,17,536,4589,2,0,22,441,2003,20,4,20,0,1,L,1,1788,5,0,1,1,42,2,56,1,0,0,995,0,7,0,65605,9,9,2,4,2,1,2,1,1,1,0,0,0,0,1,1,2,2,2,0,1,2,19,1,1,1,5,L,89,0,0,0,0,0,0,0,0,0,0,90,180,0,0,0,1,3,11,-4,11,23641,998,103,15,0,4,9,97,0,8,0,995,9.8,998,998,998,99.8,99.8,99.8,233.4200196,6,7
26643,66,62,1-66-2022-062-08,8,1,2G1FP22K8121,17,467,1829,3,0,20,9,2001,2,1,2,0,1,F,3,1508,5,9999,9,5,12,2,64,1,0,0,995,0,7,0,65705,1,9,0,4,2,1,2,1,3,1,0,0,0,0,2,1,6,2,3,1,14,2,13,99,1,4,1,A,1,0,0,0,0,0,0,0,0,0,0,998,998,0,1,3,3,11,999,999,999,9999999,999,999,999,8,0,2,5,0,3,0,998,0.0,1,1,65,6.6,0.4,6.6,233.4200196,6,7
26645,29,14,1-29-2022-014-06,6,1,JN8AZ2NC5G94,17,480,1909,7,0,58,422,2016,15,3,15,0,1,R,1,2671,5,9999,9,2,10,5,89,1,8,0,995,0,7,0,02740,9,9,1,2,4,2,2,1,1,9,3,3,2,3,2,1,0,0,9,1,15,2,11,99,1,1,2,F,46,0,0,0,0,0,0,0,0,0,0,110,100,0,0,0,1,3,8,7,-4,13718,998,-42,11,0,4,95,95,95,95,0,995,9.8,998,998,998,99.8,99.8,99.8,2614.72984,2,7
26645,29,14,1-29-2022-014-06,6,2,4T1BG22KX1U8,17,448,2469,13,0,49,40,2001,4,1,3,0,1,L,1,1410,5,9999,9,0,998,2,89,1,8,0,995,0,7,0,02746,9,9,1,2,4,1,2,1,1,9,1,3,2,3,2,1,0,0,9,0,1,4,60,99,1,1,2,F,45,0,0,0,0,0,0,0,0,0,0,100,110,0,0,0,1,3,14,-13,5,9374,998,-95,11,0,4,9,97,0,99,0,995,9.9,999,999,999,0.0,0.0,0.0,2614.72984,2,7
26648,20,132,1-20-2022-132-06,6,1,KNDJP3A50F71,17,499,2460,7,0,63,37,2015,6,1,2,0,1,F,1,1287,5,0,1,1,29,2,56,1,0,0,995,0,0,0,93635,9,1,0,1,2,2,2,1,2,1,3,2,0,0,1,1,0,0,9,1,14,2,12,99,1,4,1,B,6,0,0,0,0,0,0,0,0,0,0,998,998,0,1,0,1,12,999,999,999,9999999,999,999,999,6,0,1,1,0,0,0,998,0.0,999,120,6,0.0,0.0,0.0,572.6972657,11,7
26649,22,18,1-22-2022-018-06,6,1,1D7HG48N14S7,17,476,1941,60,0,7,472,2004,34,5,31,0,1,F,2,2048,8,0,1,1,17,2,97,1,0,0,995,0,0,0,83843,9,9,2,4,2,1,2,1,1,4,1,2,0,0,1,1,2,2,9,0,1,2,17,99,1,1,5,L,88,0,0,0,0,0,0,0,0,0,0,270,160,0,0,0,1,1,27,-23,-13,110020,998,-104,29,0,4,1,1,0,4,0,995,9.8,998,998,998,99.8,99.8,99.8,73.23205557,12,7
26649,22,18,1-22-2022-018-06,6,2,1GTV2UEC3FZ1,17,472,1857,60,0,23,481,2015,34,5,31,0,1,L,2,2366,5,0,1,1,17,2,97,1,0,0,995,0,0,0,99179,9,9,2,4,3,1,2,1,1,1,3,1,0,0,1,1,8,2,9,0,1,4,66,2,1,1,5,L,89,0,0,0,0,0,0,0,0,0,0,160,270,0,0,0,1,1,25,-19,16,61802,998,-88,22,0,4,99,99,0,5,0,995,0.7,999,999,999,99.9,99.9,99.9,73.23205557,12,7
26651,30,63,1-30-2022-063-07,7,1,JH4CU2F8XCC0,17,475,1874,13,0,54,39,2012,4,1,3,0,1,F,1,1545,5,9999,9,4,154,2,72,1,0,0,995,0,0,0,85301,9,9,2,4,2,1,2,1,1,1,1,2,0,0,1,1,2,2,1,0,1,2,17,99,1,1,5,L,88,0,0,0,0,0,0,0,0,0,0,240,150,0,0,0,1,98,999,999,999,9999999,999,999,999,6,0,0,0,0,0,0,995,9.8,998,998,998,99.8,99.8,99.8,3706.197159,10,7
26651,30,63,1-30-2022-063-07,7,2,1FTEX1CP9GKF,17,460,1801,60,0,12,481,2016,34,5,31,0,1,F,2,1983,5,9999,9,4,154,2,72,1,0,0,995,0,0,0,85027,9,9,2,4,2,1,2,1,1,1,1,2,0,0,1,1,0,0,1,0,1,4,66,99,1,1,5,L,89,0,0,0,0,0,0,0,0,0,0,998,998,0,0,5,2,98,999,999,999,9999999,999,999,999,7,0,0,0,0,0,0,998,9.7,999,999,999,14.6,0.3,14.6,3706.197159,10,7
26652,30,64,1-30-2022-064-03,3,1,3VWC57BU2KM0,17,482,3137,13,0,30,40,2019,4,1,3,0,1,F,1,1350,5,0,1,1,50,2,105,1,1,0,995,0,0,0,85209,9,9,0,2,6,4,2,1,1,1,3,3,0,0,3,1,0,0,9,0,1,3,51,1,1,1,2,D,24,0,0,0,0,0,0,0,0,0,0,180,180,0,0,0,1,3,22,-22,4,18456,998,72,16,0,4,9,97,0,5,0,995,9.9,999,999,999,99.9,99.9,99.9,484.0537151,10,7
26652,30,64,1-30-2022-064-03,3,2,2GCEK19TXX11,17,467,1850,60,0,20,481,1999,34,5,31,0,1,B,1,2488,8,9999,9,0,998,2,105,1,0,0,995,0,0,0,85207,9,9,0,2,6,4,2,1,1,1,3,3,0,0,3,1,0,0,1,0,1,3,53,1,1,9,2,D,25,0,0,0,0,0,0,0,0,0,0,180,180,0,0,0,1,3,12,12,-2,31092,998,46,17,0,4,0,0,0,0,0,995,9.8,998,998,998,99.8,99.8,99.8,484.0537151,10,7
26653,59,47,1-59-2022-047-06,6,1,1N6AD0EV8JN7,17,478,1919,60,0,35,472,2018,34,5,31,0,1,F,1,2085,5,9999,9,0,998,5,48,1,0,0,995,0,0,0,47804,9,9,2,4,2,1,2,1,1,1,0,0,0,0,1,1,2,2,2,0,1,2,17,99,1,1,5,L,86,0,0,0,0,0,0,0,0,0,0,180,275,0,0,0,1,3,3,-2,2,1422,998,174,3,0,4,95,95,95,95,0,995,9.8,998,998,998,99.8,99.8,99.8,333.720251,6,7
26653,59,47,1-59-2022-047-06,6,2,1FMCU9J96HUC,17,460,1798,7,0,12,402,2017,14,3,14,0,1,R,1,1668,5,0,1,1,11,2,48,1,0,0,995,0,0,0,47802,1,2,2,4,2,1,2,1,1,1,0,2,0,0,1,1,0,0,1,0,1,4,66,1,1,1,5,L,87,0,0,0,0,0,0,0,0,0,0,275,180,0,0,0,1,3,4,-3,-2,2344,998,136,4,0,4,1,2,0,4,0,995,9.8,998,998,998,99.8,99.8,99.8,333.720251,6,7
26654,30,65,1-30-2022-065-03,3,1,5TETX22N05Z1,17,448,2223,60,0,49,472,2005,34,5,31,0,1,F,2,1567,5,9999,9,4,189,2,64,1,0,0,995,0,0,0,85032,9,9,2,1,5,3,2,1,1,1,3,3,0,0,1,1,1,2,9,0,1,2,17,99,1,1,5,L,88,0,0,0,0,0,0,0,0,0,0,270,180,0,0,0,1,98,999,999,999,9999999,999,999,999,7,0,0,0,0,0,0,995,9.8,998,998,998,99.8,99.8,99.8,484.0537151,10,7
26654,30,65,1-30-2022-065-03,3,2,5FNYF5H37JB0,17,474,1864,7,0,37,421,2018,15,3,15,0,1,L,2,1861,5,9999,9,4,189,2,72,1,0,0,995,0,0,0,85257,9,9,2,4,7,3,2,1,1,1,3,1,0,0,1,1,1,2,9,0,1,4,66,99,1,1,5,L,89,0,0,0,0,0,0,0,0,0,0,180,270,0,0,0,1,98,999,999,999,9999999,999,999,999,7,0,99,99,0,5,0,995,9.8,998,998,998,99.8,99.8,99.8,484.0537151,10,7
26656,15,23,1-15-2022-023-07,7,1,999999999999,99,476,99999,999,0,7,999,2016,99,10,99,0,1,F,9,,,,,,,5,48,1,8,9,998,8,7,9,11552,9,9,2,4,2,1,2,1,1,1,0,0,0,0,5,1,0,0,9,0,11,2,15,99,9,1,4,K,76,,,,,,,,,,,,,,,,,,,,,,,,,,,95,95,95,95,,,9.8,998,998,998,99.8,99.8,99.8,971.2724284,1,7
26656,15,23,1-15-2022-023-07,7,2,2T2BK1BA2EC2,17,515,2214,7,0,59,403,2014,14,3,14,0,1,L,1,1970,5,9999,9,4,8,2,48,1,8,9,998,8,7,9,11581,9,9,2,4,2,1,2,1,1,1,0,0,0,0,5,1,0,0,9,0,1,4,65,99,9,1,4,K,77,0,0,0,0,0,0,0,0,0,0,240,270,0,0,0,1,5,999,999,999,9999999,999,999,999,2,0,0,0,0,0,0,995,9.8,998,998,998,99.8,99.8,99.8,971.2724284,1,7
26657,20,133,1-20-2022-133-08,8,1,1J4GX78Y9VC6,17,483,1949,7,0,2,404,1997,14,3,14,0,1,F,3,1637,5,9999,9,0,998,2,89,1,1,8,997,8,0,9,93905,9,1,0,5,3,1,2,1,2,4,1,2,0,0,1,1,0,0,9,1,14,2,10,99,9,2,3,G,50,0,0,0,0,0,0,0,0,0,0,155,335,0,0,0,1,3,46,-45,8,171799,998,8,51,0,4,2,8,0,8,0,995,9.8,998,998,998,99.8,99.8,99.8,221.8479483,11,7