CASEID,PSU,CASENO,CASENUMBER,CATEGORY,VEHNO,VIN,VINLENGTH,VPICMAKE,VPICMODEL,VPICBODYCLASS,ICFINALBODY,MAKE,MODEL,MODELYR,BODYTYPE,BODYCAT,VEHCLASS,SPECUSE,TRANSTAT,DAMPLANE,DAMSEV,CURBWT,CURBSRC,CARGOWT,CARGOSRC,INSPTYPE,INSPLAG,TOWED,SPEEDLIMIT,DRPRESENT,PARALCOHOL,ALCTEST,ALCTESTRESULT,ALCTESTSRC,PARDRUG,DRUGTEST,ZIP,RACE,ETHNICITY,RELTOJUNCT,TRAFFLOW,RDLANES,INITLANE,SURFTYPE,SURFCOND,ALIGNMENT,PROFILE,LINERIGHT,LINELEFT,RUMBINIT,RUMBROAD,LIGHTCOND,WEATHER,TRAFDEV,TRAFFUNCT,DISTRACT,PREFHE,PREMOVE,CRITCAT,CRITEVENT,MANEUVER,PRESTAB,PRELOC,CRASHCAT,CRASHCONF,CRASHTYPE,ROLLTYPE,ROLLTURN,ROLLINTRPT,ROLLPREMAN,ROLLINITYP,ROLLINLOC,ROLLOBJ,ROLLTRIP,ROLLDIR,ROLLDIST,DVANGTHIS,DVANGOTH,TOWHITCH,TRAJDOC,TREEPOLE,DVEVENT,DVBASIS,DVTOTAL,DVLONG,DVLAT,DVENERGY,DVSPEED,DVMOMENT,DVBES,DVEST,DVCONF,VAIS,VISS,VINJURED,VTREAT,INITOBJCLASS,HEADANGLECAT,SHLDRWIDTH,STRKLENGTH,STRKWIDTH,STRKHEIGHT,EDGEDISTX,EDGEDISTY,EDGEDISTZ,CASEWGT,PSUSTRAT,VERSION
26772,27,62,1-27-2022-062-07,7,1,WBXHT3C32J3F,17,452,2300,7,0,34,403,2018,14,3,14,0,1,R,9,1660,5,9999,9,0,998,5,64,1,0,0,995,0,0,0,33480,9,9,3,5,5,3,2,1,1,2,4,4,0,0,1,1,0,0,9,0,11,2,15,99,1,1,4,J,68,0,0,0,0,0,0,0,0,0,0,310,205,0,0,0,1,0,999,999,999,9999999,999,999,999,9,0,95,95,95,95,0,995,9.8,998,998,998,99.8,99.8,99.8,213.5792871,3,7
26772,27,62,1-27-2022-062-07,7,2,4S3BNBD65G30,17,523,2232,13,0,48,34,2016,4,1,3,0,1,F,3,1543,5,0,1,1,11,2,64,1,0,0,995,0,0,0,01201,9,9,3,5,5,2,2,1,1,4,3,2,0,0,1,1,0,0,1,0,1,4,62,99,1,1,4,J,69,0,0,0,0,0,0,0,0,0,0,205,310,0,0,0,1,98,999,999,999,9999999,999,999,999,8,0,0,0,0,0,0,995,9.8,998,998,998,99.8,99.8,99.8,213.5792871,3,7
26773,30,70,1-30-2022-070-03,3,1,1G1ZC5STXKF1,17,467,1834,13,0,20,37,2019,4,1,4,0,1,F,1,1400,5,0,2,1,32,2,89,1,0,0,995,0,0,0,85053,9,1,0,2,5,2,2,1,1,1,3,3,0,0,1,1,0,0,1,0,1,3,52,98,1,1,2,D,28,0,0,0,0,0,0,0,0,0,0,180,180,0,0,0,1,5,999,999,999,9999999,999,999,13,2,0,1,1,0,6,0,995,9.8,998,998,998,99.8,99.8,99.8,192.8096782,10,7
26773,30,70,1-30-2022-070-03,3,2,3AKJHHDR0MSM,17,450,2501,66,0,82,881,2021,66,8,68,0,1,B,9,,,,,,,5,89,1,0,0,995,0,0,0,85249,9,9,0,2,5,2,2,1,1,1,3,3,0,0,1,1,0,0,1,0,2,3,53,1,1,1,2,D,29,,,,,,,,,,,,,,,,,,,,,,,,,,,95,95,95,95,,,9.8,998,998,998,99.8,99.8,99.8,192.8096782,10,7
26775,30,72,1-30-2022-072-03,3,1,5YFS4MCE9MP0,17,448,2208,13,0,49,32,2021,4,1,3,0,1,L,1,1395,5,0,1,1,17,2,72,1,0,0,995,0,0,0,85283,9,9,2,1,3,3,2,1,1,1,1,0,0,0,1,1,1,2,1,0,11,2,15,1,9,1,6,M,98,0,0,0,0,0,0,0,0,0,0,998,998,0,0,0,1,5,999,999,999,9999999,999,999,12,2,0,2,5,0,4,0,998,9.8,998,998,998,99.8,99.8,99.8,192.8096782,10,7
26778,31,55,1-31-2022-055-08,8,1,1GTEK19B45Z2,17,472,1857,60,0,23,481,2005,34,5,31,0,1,T,1,2262,5,0,1,1,4,2,89,1,0,1,168,2,0,1,62931,1,2,0,4,2,1,2,1,3,1,1,2,0,0,2,1,0,0,3,1,14,2,12,99,4,4,1,B,7,1,4,2,2,1,4,61,1,1,10,997,997,0,0,0,2,6,999,999,999,9999999,999,999,999,6,0,3,14,1,3,3,997,0.3,999,999,999,7.8,1.9,8.0,266.8338251,6,7
26780,30,73,1-30-2022-073-07,7,1,19XFB2F86CE3,17,474,1863,13,0,37,31,2012,4,1,3,0,1,F,2,1267,5,0,1,1,20,2,72,1,0,0,995,0,0,0,85016,9,9,0,5,5,2,2,1,1,1,3,2,0,0,1,1,0,0,3,0,1,3,52,2,1,1,2,D,28,0,0,0,0,0,0,0,0,0,0,90,90,0,0,0,1,1,28,-28,0,30238,998,0,24,0,1,0,0,0,0,0,995,9.8,998,998,998,99.8,99.8,99.8,1476.263191,10,7
26780,30,73,1-30-2022-073-07,7,2,19UDE2F31HA0,17,475,2150,13,0,54,41,2017,4,1,3,0,1,B,2,1415,5,0,1,1,20,2,72,1,0,0,995,0,0,0,85260,9,9,0,5,5,2,2,1,1,1,3,2,0,0,1,1,0,0,1,0,2,3,53,7,1,1,2,D,29,0,0,0,0,0,0,0,0,0,0,90,90,0,0,0,1,1,25,25,0,48317,998,0,29,0,1,0,0,0,0,0,995,9.8,998,998,998,99.8,99.8,99.8,1476.263191,10,7
26780,30,73,1-30-2022-073-07,7,3,3VVRX7B27NM0,17,482,28652,7,0,30,498,2022,14,3,14,0,1,B,9,1440,5,9999,9,0,998,5,72,1,0,0,995,0,0,0,85040,9,9,0,5,5,2,2,1,1,1,3,2,0,0,1,1,0,0,1,0,5,3,50,1,1,1,6,M,98,0,0,0,0,0,0,0,0,0,0,90,90,0,0,0,2,0,999,999,999,9999999,999,999,999,9,0,95,95,95,95,0,995,9.8,998,998,998,99.8,99.8,99.8,1476.263191,10,7
26781,66,67,1-66-2022-067-10,10,1,3D7KS28D46G2,17,476,1938,60,0,7,482,2006,34,5,31,0,1,R,1,2719,5,113,1,1,14,2,89,1,0,0,995,0,7,0,65661,9,9,1,4,2,1,2,1,1,4,1,2,0,0,2,1,0,0,9,0,1,4,67,1,1,1,4,K,83,0,0,0,0,0,0,0,0,0,0,200,75,0,0,0,1,5,999,999,999,9999999,999,999,13,2,0,99,99,0,99,0,995,2.7,115,65,85,0.0,0.0,0.0,862.0104956,6,7
26781,66,67,1-66-2022-067-10,10,2,4V4NC9EHXMN2,17,487,1967,66,0,51,881,2021,66,8,68,0,1,F,9,,,,,,,5,64,1,0,0,995,0,7,0,92374,9,9,1,3,1,1,2,1,1,4,1,2,0,0,2,1,2,2,9,0,11,2,15,1,1,1,4,K,82,,,,,,,,,,,,,,,,,,,,,,,,,,,95,95,95,95,,,9.8,998,998,998,99.8,99.8,99.8,862.0104956,6,7
26786,48,22,1-48-2022-022-03,3,1,4S4BTAFC5M31,17,523,2233,7,0,48,498,2021,14,3,14,0,1,L,1,1705,5,0,1,1,4,2,121,1,0,0,995,0,0,0,84015,9,9,0,2,3,1,1,1,2,2,1,3,2,3,2,1,0,0,3,1,14,2,12,1,1,4,1,B,6,0,0,0,0,0,0,0,0,0,0,998,998,0,0,0,1,8,999,999,999,9999999,999,999,999,6,0,9,97,0,99,0,998,9.9,999,999,999,99.9,99.9,99.9,167.6974826,12,7
26787,77,61,1-77-2022-061-09,9,1,1FTCR11U2SPA,17,460,1803,60,0,12,471,1995,34,5,30,0,1,F,1,1328,8,0,1,1,6,2,56,1,1,1,40,1,9,0,22968,9,9,0,4,2,1,4,1,3,2,0,0,0,0,1,1,0,0,1,1,14,2,13,1,1,4,1,A,1,1,3,2,4,6,4,42,3,2,7,998,998,0,0,1,1,1,20,-20,0,24338,998,50,20,0,4,99,99,0,0,3,998,0.0,74,65,120,4.6,0.4,4.8,2559.63656,9,7
26789,59,52,1-59-2022-052-02,2,1,1GCGTCEN3K11,17,467,4086,60,0,20,473,2019,34,5,31,0,1,L,3,2001,5,9999,9,5,8,2,56,1,9,1,197,2,9,2,47803,2,2,0,4,2,1,2,1,2,2,1,2,0,0,1,8,6,2,9,1,14,2,12,2,9,4,1,B,6,0,0,0,0,0,0,0,0,0,0,998,998,0,1,1,2,12,999,999,999,9999999,999,999,999,8,0,4,34,1,3,0,998,0.0,120,120,999,47.9,1.6,47.8,67.49720408,6,7
26790,59,53,1-59-2022-053-03,3,1,3C4NJDBB4JT3,17,483,1946,7,0,2,1,2018,6,1,2,0,1,F,1,1509,5,0,1,5,3,2,48,1,9,0,995,0,9,0,99999,9,9,0,4,2,1,2,1,1,1,0,0,0,0,3,1,0,0,9,1,1,2,13,99,1,4,1,A,1,0,0,0,0,0,0,0,0,0,0,998,998,0,1,1,1,12,999,999,999,9999999,999,999,999,1,0,99,99,0,0,0,998,0.0,33,33,47,8.5,1.3,8.6,1079.793656,6,7
26791,12,43,1-12-2022-043-03,3,1,1C4PJLCB0JD5,17,483,1945,7,0,2,404,2018,14,3,14,0,1,F,2,1669,5,0,1,1,43,2,72,1,0,0,995,0,0,0,73401,1,2,2,4,4,1,2,1,3,1,0,3,0,0,1,1,1,2,1,0,14,3,50,2,1,1,2,D,20,0,0,0,0,0,0,0,0,0,0,175,175,0,0,0,1,1,34,-34,0,66242,998,-3,31,0,1,1,1,0,4,0,995,9.8,998,998,998,99.8,99.8,99.8,925.0053869,9,7
26791,12,43,1-12-2022-043-03,3,2,LRBFXESX0GD2,17,468,11438,7,0,18,405,2016,14,3,14,0,1,B,2,1839,5,0,1,1,43,2,72,1,0,0,995,0,0,0,73458,9,9,2,4,4,1,2,1,3,1,0,1,0,0,1,1,1,2,1,0,5,3,53,1,1,1,2,D,21,0,0,0,0,0,0,0,0,0,0,175,175,0,0,0,1,1,31,31,0,83765,998,-18,33,0,1,99,99,0,99,0,995,9.8,998,998,998,99.8,99.8,99.8,925.0053869,9,7
26791,12,43,1-12-2022-043-03,3,3,JN8AS5MT7EW6,17,478,18137,8,0,35,51,2014,6,1,3,0,1,B,9,1567,5,9999,9,0,998,5,72,1,0,0,995,0,0,0,73401,9,9,2,4,4,1,2,1,3,1,0,1,0,0,1,1,1,2,1,0,5,3,53,1,1,1,6,M,98,0,0,0,0,0,0,0,0,0,0,175,175,0,0,0,2,0,999,999,999,9999999,999,999,999,9,0,95,95,95,95,0,995,9.8,998,998,998,99.8,99.8,99.8,925.0053869,9,7
26792,17,69,1-17-2022-069-02,2,1,5NPE34AF3FH0,17,498,2459,13,0,55,33,2015,4,1,4,0,1,F,2,1475,5,0,1,1,13,2,48,1,9,0,995,0,9,0,37043,9,9,2,4,4,2,1,1,1,1,1,2,0,0,1,1,1,2,3,0,11,2,15,99,1,1,4,J,68,0,0,0,0,0,0,0,0,0,0,60,270,0,0,0,1,1,27,-25,-9,43794,998,-68,24,0,1,0,0,0,0,0,995,9.8,998,998,998,99.8,99.8,99.8,52.45005289,4,7
26792,17,69,1-17-2022-069-02,2,2,3N1CN7AP0KL8,17,478,1894,13,0,35,50,2019,4,1,2,0,1,F,2,1131,8,0,1,1,7,2,48,1,9,0,995,0,9,0,61201,1,2,2,4,4,2,1,1,3,1,1,2,0,0,1,1,1,2,1,0,14,4,62,2,1,1,4,J,69,0,0,0,0,0,0,0,0,0,0,270,60,0,0,0,1,1,33,-32,6,68252,998,28,36,0,1,1,1,0,4,0,995,9.8,998,998,998,99.8,99.8,99.8,52.45005289,4,7
26793,17,70,1-17-2022-070-03,3,1,KL7CJLSB0JB5,17,467,10988,7,0,20,406,2018,14,3,14,0,1,F,1,1382,5,0,1,1,15,2,56,1,9,0,995,0,9,0,61241,9,9,2,4,2,1,2,1,1,1,0,2,0,0,1,1,2,2,9,0,4,2,17,2,1,1,4,K,83,0,0,0,0,0,0,0,0,0,0,290,130,0,0,0,1,3,18,-18,0,11290,998,-50,13,0,4,0,0,0,0,0,995,9.8,998,998,998,99.8,99.8,99.8,363.7750896,4,7
26793,17,70,1-17-2022-070-03,3,2,4S4BSAHC7J32,17,523,2233,7,0,48,45,2018,6,1,3,0,1,L,1,1614,5,0,1,3,9,2,56,1,9,0,995,0,9,0,61244,1,2,2,4,5,3,1,1,1,1,1,2,0,0,1,1,0,0,1,0,11,4,66,1,1,1,4,K,82,0,0,0,0,0,0,0,0,0,0,130,290,0,0,0,1,3,15,-14,5,29765,998,-92,18,0,4,1,1,0,4,0,995,9.8,998,998,998,99.8,99.8,99.8,363.7750896,4,7
26794,19,118,1-19-2022-118-03,3,1,5NMSH13EX7H0,17,498,2057,7,0,55,401,2007,14,3,14,0,1,9,9,1745,5,9999,9,0,998,5,72,1,1,1,180,1,0,0,35903,9,9,2,1,5,3,2,2,3,1,3,1,0,0,1,1,1,2,9,0,14,4,65,99,1,1,4,K,77,0,0,0,0,0,0,0,0,0,0,999,999,0,1,9,99,0,999,999,999,9999999,999,999,999,9,0,95,95,95,95,0,999,0.0,30,30,999,12.4,2.7,12.6,51.80616432,9,7
26794,19,118,1-19-2022-118-03,3,2,5N1AT2MT8KC8,17,478,1913,7,0,35,404,2019,14,3,14,0,1,R,1,1550,5,0,2,1,8,2,72,1,0,0,995,0,0,0,35905,1,2,2,1,3,2,2,2,1,4,1,1,0,0,1,1,1,2,1,0,11,4,66,1,1,1,4,K,76,0,0,0,0,0,0,0,0,0,0,170,110,0,1,0,1,3,6,-2,-5,3883,998,-119,6,0,4,1,1,0,4,0,995,9.8,998,998,998,99.8,99.8,99.8,51.80616432,9,7
26794,19,118,1-19-2022-118-03,3,3,3GYFNCE34GS5,17,469,1844,7,0,19,20,2016,6,1,4,0,1,R,2,1940,5,0,1,1,8,2,72,1,0,0,995,0,0,0,35903,2,2,2,1,3,3,2,2,1,4,1,2,0,0,1,1,1,2,1,0,11,4,61,1,1,1,6,M,98,0,0,0,0,0,0,0,0,0,0,160,120,0,1,0,2,98,999,999,999,9999999,999,999,999,7,0,1,1,0,6,0,995,9.8,998,998,998,99.8,99.8,99.8,51.80616432,9,7
26795,19,119,1-19-2022-119-09,9,1,4V4NC9EH3CN5,17,487,1967,66,0,51,881,2012,66,8,68,0,1,B,9,,,,,,,5,89,1,0,0,995,0,0,0,38821,9,9,0,2,2,1,2,1,2,1,1,3,2,3,1,1,0,0,1,0,14,3,53,99,1,1,2,D,25,,,,,,,,,,,,,,,,,,,,,,,,,,,95,95,95,95,,,9.8,998,998,998,99.8,99.8,99.8,184.1111896,9,7
26795,19,119,1-19-2022-119-09,9,2,1HGCM56887A1,17,474,1861,13,0,37,32,2007,4,1,3,0,1,F,2,1440,5,0,1,1,8,2,89,1,0,0,995,0,0,0,35244,1,9,0,2,2,1,2,1,2,1,1,3,2,3,1,1,0,0,9,0,14,3,51,99,1,1,2,D,24,0,0,0,0,0,0,0,0,0,0,120,120,0,0,0,1,5,999,999,999,9999999,999,999,27,3,0,2,4,0,4,0,995,9.8,998,998,998,99.8,99.8,99.8,184.1111896,9,7
26796,19,120,1-19-2022-120-07,7,1,KNMAT2MT5HP5,17,478,1913,8,0,35,51,2017,6,1,3,0,1,F,2,1550,5,0,1,1,37,2,40,1,0,0,995,0,0,0,35903,1,2,2,4,2,1,2,1,1,1,0,2,0,0,1,1,1,2,1,0,1,2,17,4,1,1,5,L,86,0,0,0,0,0,0,0,0,0,0,100,210,0,0,0,1,3,33,-33,-6,35778,998,-19,24,0,4,0,0,0,0,0,995,9.8,998,998,998,99.8,99.8,99.8,237.9847086,9,7
26796,19,120,1-19-2022-120-07,7,2,1FTEW1EP5GFB,17,460,1801,60,0,12,481,2016,34,5,31,0,1,R,2,2130,5,9999,9,0,998,5,40,1,0,0,995,0,0,0,35905,9,9,2,4,3,1,2,1,1,1,0,1,0,0,1,1,1,2,9,0,1,2,17,99,1,1,5,L,87,0,0,0,0,0,0,0,0,0,0,210,100,0,0,0,1,3,26,-4,-25,93765,998,46,33,0,4,95,95,95,95,0,995,9.8,998,998,998,99.8,99.8,99.8,237.9847086,9,7
26797,19,121,1-19-2022-121-03,3,1,5FPYK3F72NB0,17,474,1866,60,0,37,471,2022,34,5,30,0,1,L,2,2015,5,0,1,1,2,2,105,1,0,0,995,0,0,0,35905,1,9,2,4,2,1,2,1,1,1,1,2,0,0,1,1,2,2,9,0,1,2,17,1,1,1,5,L,89,0,0,0,0,0,0,0,0,0,0,200,260,0,1,0,1,1,29,19,22,36424,998,-18,21,0,1,2,5,0,4,0,995,9.8,998,998,998,99.8,99.8,99.8,98.17456802,9,7
26797,19,121,1-19-2022-121-03,3,2,1GNCS18W91K2,17,467,11502,7,0,20,401,2001,14,3,14,0,1,F,2,1820,5,0,1,1,2,2,105,1,0,0,995,0,0,0,35903,1,9,2,1,4,2,2,1,3,1,1,3,0,0,1,1,0,0,9,1,14,4,66,3,2,2,5,L,88,0,0,0,0,0,0,0,0,0,0,260,200,0,1,0,1,1,33,-33,6,121263,998,33,40,0,3,0,0,0,4,0,995,9.8,998,998,998,99.8,99.8,99.8,98.17456802,9,7
26799,24,96,1-24-2022-096-09,9,1,JM1BK3439716,17,473,2074,5,0,41,51,2007,5,1,2,0,1,F,9,1271,5,0,1,4,14,2,40,1,0,0,995,0,0,0,08234,9,9,0,4,2,1,2,1,1,1,0,0,0,0,1,1,0,0,9,1,1,6,87,7,1,4,1,C,11,0,0,0,0,0,0,0,0,0,0,200,20,0,0,0,1,5,999,999,999,9999999,999,999,999,9,0,1,2,0,4,0,995,9.8,998,998,998,99.8,99.8,99.8,1457.196791,1,7
26799,24,96,1-24-2022-096-09,9,2,1FD0W5GT6LED,17,460,1808,63,999,12,881,2020,61,8,60,0,2,F,9,,,,,,,,,,,,,,,,,,,,,,,,,,,,,,,,,,,,,,,,,,,,,,,,,,,,,,,,,,,,,,,,,,,,,,,,95,95,95,95,,,,,,,,,,1457.196791,1,7
26800,24,97,1-24-2022-097-03,3,1,1FADP3K29JL2,17,460,1779,5,0,12,37,2018,5,1,3,0,1,F,1,1327,5,0,1,1,22,2,72,1,0,0,995,0,0,0,08330,9,9,0,1,2,1,2,1,1,1,1,3,0,0,1,1,0,0,3,0,1,3,52,2,1,1,2,D,28,0,0,0,0,0,0,0,0,0,0,130,130,0,0,0,1,3,20,-20,0,19072,998,0,19,0,4,9,97,0,0,0,995,9.8,998,998,998,99.8,99.8,99.8,222.4361974,1,7
26800,24,97,1-24-2022-097-03,3,2,JTEEP21A8400,17,448,2213,7,0,49,403,2004,14,3,14,0,1,B,1,1760,5,9999,9,0,998,5,72,1,0,0,995,0,0,0,19539,9,9,0,1,2,1,2,1,1,1,1,3,0,0,1,1,0,0,1,0,2,3,53,1,1,1,2,D,29,0,0,0,0,0,0,0,0,0,0,130,130,0,0,0,1,3,16,16,0,20072,998,0,17,0,4,95,95,95,95,0,995,9.8,998,998,998,99.8,99.8,99.8,222.4361974,1,7
26800,24,97,1-24-2022-097-03,3,3,KNDP63ACXL77,17,499,2770,7,0,63,401,2020,14,3,14,0,1,B,9,1631,5,9999,9,0,998,5,72,1,0,0,995,0,0,0,08330,9,9,0,1,2,1,2,1,1,1,1,3,0,0,1,1,0,0,1,0,5,3,53,99,1,1,6,M,98,0,0,0,0,0,0,0,0,0,0,130,130,0,0,0,2,0,999,999,999,9999999,999,999,999,9,0,95,95,95,95,0,995,9.8,998,998,998,99.8,99.8,99.8,222.4361974,1,7
26801,76,70,1-76-2022-070-06,6,1,1C4NJRBB8GD5,17,483,1947,7,0,2,407,2016,14,3,14,0,1,F,3,1480,5,0,1,1,27,2,89,1,8,9,998,8,7,9,13838,9,9,3,4,2,1,2,1,1,1,1,2,1,0,1,1,0,0,3,0,1,3,50,2,1,1,2,D,20,0,0,0,0,0,0,0,0,0,0,345,345,0,0,0,1,3,42,-42,0,94092,998,0,39,0,4,1,2,0,4,0,995,9.8,998,998,998,99.8,99.8,99.8,21.68267409,3,7
26801,76,70,1-76-2022-070-06,6,2,1C4PJMCB4HW5,17,483,1945,7,0,2,404,2017,14,3,14,0,1,B,2,1788,5,9999,9,4,27,2,89,1,8,9,998,8,7,9,13856,9,9,3,4,2,1,2,1,1,1,1,2,1,0,1,1,0,0,9,0,5,3,53,99,1,1,2,D,22,0,0,0,0,0,0,0,0,0,0,345,345,0,0,0,1,3,35,35,0,97971,998,0,37,0,4,0,0,0,0,0,995,9.8,998,998,998,99.8,99.8,99.8,21.68267409,3,7
26802,76,71,1-76-2022-071-10,10,1,1FAHP3EN3AW1,17,460,1779,13,0,12,37,2010,4,1,2,0,1,F,1,1225,5,0,1,1,22,2,89,1,8,9,998,8,7,9,12122,9,9,0,4,2,1,2,1,3,1,1,2,0,0,2,1,0,0,9,1,14,6,87,99,2,4,1,A,3,1,1,2,6,1,4,61,1,2,3,998,998,0,1,0,1,12,999,999,999,9999999,999,999,999,6,0,0,0,0,0,3,998,0.1,999,999,999,3.1,0.6,3.1,43.9059985,3,7
26803,14,63,1-14-2022-063-02,2,1,3MZBN1V39JM2,17,473,2074,13,0,41,51,2018,4,1,3,0,1,R,3,1383,5,0,1,1,26,2,97,1,0,0,995,0,0,0,78132,4,1,2,4,4,2,2,1,1,1,1,2,0,0,1,1,0,0,9,0,11,2,15,99,1,1,4,J,68,0,0,0,0,0,0,0,0,0,0,240,140,0,0,0,1,5,999,999,999,9999999,999,999,44,4,0,4,41,1,3,0,995,1.7,999,999,999,4.7,0.7,5.0,154.7892079,8,7
26803,14,63,1-14-2022-063-02,2,2,1GT12SEY5KF1,17,472,24909,60,0,23,481,2019,34,5,31,0,1,F,1,2971,5,0,2,1,26,2,97,1,0,0,995,0,0,0,78006,1,2,2,1,3,2,2,1,1,1,1,2,0,0,1,1,0,0,1,0,1,4,62,2,1,1,4,J,69,0,0,0,0,0,0,0,0,0,0,140,240,0,0,0,1,5,999,999,999,9999999,999,999,19,2,0,1,2,0,4,0,995,9.8,998,998,998,99.8,99.8,99.8,154.7892079,8,7
26804,14,64,1-14-2022-064-06,6,1,1N6AA1F26HN5,17,478,1920,60,0,35,481,2017,34,5,31,0,1,R,1,3050,5,0,1,1,15,2,72,1,0,0,995,0,0,0,78217,9,1,2,2,4,4,1,1,1,1,1,0,0,0,1,1,1,2,9,0,11,2,15,11,1,1,4,J,68,0,0,0,0,0,0,0,0,0,0,250,140,0,0,0,1,1,21,-14,-16,21818,998,155,10,0,2,0,0,0,0,0,995,9.8,998,998,998,99.8,99.8,99.8,8151.341572,8,7
26804,14,64,1-14-2022-064-06,6,2,1FMJK1JTXHEA,17,460,25742,7,0,12,422,2017,15,3,15,0,1,F,1,2768,5,0,1,1,25,2,72,1,0,0,995,0,0,0,78130,1,2,2,2,4,2,1,1,1,1,1,3,0,0,1,1,1,2,9,0,1,4,62,98,1,1,4,J,69,0,0,0,0,0,0,0,0,0,0,140,250,0,0,0,1,1,23,-21,8,152794,998,95,32,0,2,2,4,0,4,0,995,9.8,998,998,998,99.8,99.8,99.8,8151.341572,8,7
26804,14,64,1-14-2022-064-06,6,3,5UXWX9C55D0A,17,452,1719,7,0,34,402,2013,14,3,14,0,1,L,9,1865,5,9999,9,0,998,5,72,1,0,0,995,0,0,0,78130,9,9,2,2,3,1,1,1,1,1,1,0,0,0,1,1,1,2,9,0,5,4,60,99,1,1,6,M,98,0,0,0,0,0,0,0,0,0,0,50,20,0,0,0,2,0,999,999,999,9999999,999,999,999,9,0,95,95,95,95,0,995,9.8,998,998,998,99.8,99.8,99.8,8151.341572,8,7
26805,10,122,1-10-2022-122-01,1,1,1N6AF0LY2FN8,17,478,1922,95,0,35,461,2015,21,4,21,0,1,F,2,2751,5,0,1,5,13,2,105,1,0,1,220,3,0,2,45439,1,9,0,1,2,2,2,1,1,9,3,2,1,3,1,1,0,0,9,1,1,2,12,99,1,4,1,B,6,0,0,0,0,0,0,0,0,0,0,998,998,0,0,0,1,10,999,999,999,9999999,999,0,38,3,0,6,75,1,1,0,998,1.5,120,999,999,25.0,1.9,25.1,54.22064738,4,7
26806,10,123,1-10-2022-123-09,9,1,1A4GJ45R87B1,17,477,1936,2,0,6,441,2007,20,4,20,0,1,F,2,2015,5,0,1,1,8,2,40,1,0,0,995,0,0,0,45439,2,2,0,5,3,1,2,1,2,1,0,2,0,0,3,1,0,0,3,1,14,2,12,1,2,4,1,B,6,1,3,2,2,4,4,58,4,1,12,998,998,0,0,0,1,1,25,-24,4,48450,998,-4,24,0,4,1,1,0,4,3,998,0.0,120,100,79,7.1,3.9,8.3,2180.016333,4,7
26807,52,110,1-52-2022-110-07,7,1,1J4GL48K33W5,17,483,1944,7,0,2,405,2003,14,3,14,0,1,F,1,1735,5,9999,9,0,998,5,40,1,0,0,995,0,0,0,59105,9,9,3,4,2,1,4,1,1,1,0,0,0,0,1,1,0,0,9,0,10,2,16,99,9,1,4,K,78,0,0,0,0,0,0,0,0,0,0,100,180,0,0,0,1,3,5,-2,5,2870,998,182,4,0,4,95,95,95,95,0,995,9.8,998,998,998,99.8,99.8,99.8,1060.256059,12,7
26807,52,110,1-52-2022-110-07,7,2,1FMCU9J90FUA,17,460,1798,7,0,12,402,2015,14,3,14,0,1,R,1,1713,5,0,1,1,14,2,56,1,0,0,995,0,0,0,59102,9,9,3,4,3,1,2,1,1,1,1,1,0,0,1,1,0,0,9,0,1,4,65,99,1,1,4,K,79,0,0,0,0,0,0,0,0,0,0,180,100,0,0,0,1,3,5,-5,-3,5273,998,55,8,0,4,0,0,0,99,0,995,9.8,998,998,998,99.8,99.8,99.8,1060.256059,12,7
26808,52,111,1-52-2022-111-06,6,1,1GNKVGKD9EJ2,17,467,1853,7,0,20,423,2014,15,3,15,0,1,F,1,2197,5,0,1,1,11,2,40,1,0,0,995,0,0,0,59101,9,9,2,4,2,1,2,1,1,1,0,2,0,0,1,1,1,2,9,0,11,2,15,1,1,1,4,J,68,0,0,0,0,0,0,0,0,0,0,320,165,0,0,0,1,1,16,-15,-6,20646,998,-21,15,0,1,99,99,0,99,0,995,9.8,998,998,998,99.8,99.8,99.8,335.4021866,12,7
26808,52,111,1-52-2022-111-06,6,2,1FTFW1ETXCFB,17,460,1801,60,0,12,481,2012,34,5,31,0,1,F,1,2586,5,0,1,1,12,2,40,1,0,0,995,0,0,0,59063,1,2,2,4,3,2,2,1,1,1,1,2,0,0,1,1,1,2,1,0,1,4,62,98,1,1,4,J,69,0,0,0,0,0,0,0,0,0,0,165,320,0,0,0,1,1,14,-14,2,27365,998,77,15,0,1,1,1,0,5,0,995,9.8,998,998,998,99.8,99.8,99.8,335.4021866,12,7
26809,52,112,1-52-2022-112-02,2,1,2GTEK19T1313,17,472,1857,60,0,23,481,2003,34,5,31,0,1,F,9,2151,5,0,2,0,998,2,89,1,0,0,995,0,0,0,59088,1,2,0,4,2,1,1,1,1,1,1,2,0,0,1,1,8,2,1,0,1,3,52,2,1,1,2,D,28,0,0,0,0,0,0,0,0,0,0,260,260,0,0,0,1,0,999,999,999,9999999,999,999,999,9,0,0,0,0,0,0,995,9.8,998,998,998,99.8,99.8,99.8,21.63529773,12,7