CASEID,PSU,CASENO,CASENUMBER,CATEGORY,VEHNO,VIN,VINLENGTH,VPICMAKE,VPICMODEL,VPICBODYCLASS,ICFINALBODY,MAKE,MODEL,MODELYR,BODYTYPE,BODYCAT,VEHCLASS,SPECUSE,TRANSTAT,DAMPLANE,DAMSEV,CURBWT,CURBSRC,CARGOWT,CARGOSRC,INSPTYPE,INSPLAG,TOWED,SPEEDLIMIT,DRPRESENT,PARALCOHOL,ALCTEST,ALCTESTRESULT,ALCTESTSRC,PARDRUG,DRUGTEST,ZIP,RACE,ETHNICITY,RELTOJUNCT,TRAFFLOW,RDLANES,INITLANE,SURFTYPE,SURFCOND,ALIGNMENT,PROFILE,LINERIGHT,LINELEFT,RUMBINIT,RUMBROAD,LIGHTCOND,WEATHER,TRAFDEV,TRAFFUNCT,DISTRACT,PREFHE,PREMOVE,CRITCAT,CRITEVENT,MANEUVER,PRESTAB,PRELOC,CRASHCAT,CRASHCONF,CRASHTYPE,ROLLTYPE,ROLLTURN,ROLLINTRPT,ROLLPREMAN,ROLLINITYP,ROLLINLOC,ROLLOBJ,ROLLTRIP,ROLLDIR,ROLLDIST,DVANGTHIS,DVANGOTH,TOWHITCH,TRAJDOC,TREEPOLE,DVEVENT,DVBASIS,DVTOTAL,DVLONG,DVLAT,DVENERGY,DVSPEED,DVMOMENT,DVBES,DVEST,DVCONF,VAIS,VISS,VINJURED,VTREAT,INITOBJCLASS,HEADANGLECAT,SHLDRWIDTH,STRKLENGTH,STRKWIDTH,STRKHEIGHT,EDGEDISTX,EDGEDISTY,EDGEDISTZ,CASEWGT,PSUSTRAT,VERSION
26809,52,112,1-52-2022-112-02,2,2,1C4PJMLB2KD1,17,483,1945,7,0,2,404,2019,14,3,14,0,1,F,3,1797,5,0,2,1,54,2,89,1,0,0,995,0,0,0,59102,1,2,0,4,2,1,1,1,1,1,1,2,0,0,1,1,8,2,1,0,2,3,53,1,1,1,2,D,29,0,0,0,0,0,0,0,0,0,0,235,70,0,0,0,2,5,999,999,999,9999999,999,999,999,8,0,1,1,0,4,0,995,9.8,998,998,998,99.8,99.8,99.8,21.63529773,12,7
26809,52,112,1-52-2022-112-02,2,3,1NKDL40X09R2,17,532,2719,11,0,85,881,2009,63,8,60,0,1,F,9,,,,,,,2,89,1,0,0,995,0,0,0,59105,9,9,0,4,2,1,1,1,1,1,1,2,0,0,1,1,8,2,9,0,1,4,62,8,9,1,6,M,98,,,,,,,,,,,,,,,,,,,,,,,,,,,95,95,95,95,,,0.0,999,999,999,0.0,0.0,0.0,21.63529773,12,7
26809,52,112,1-52-2022-112-02,2,4,JM3KE4CY8G07,17,473,2369,7,0,41,403,2016,14,3,14,0,1,F,3,1629,5,0,2,1,53,2,89,1,0,0,995,0,0,0,59102,1,2,0,4,2,1,1,1,1,1,1,2,0,0,1,1,8,2,1,0,2,4,62,9,1,1,6,M,98,0,0,0,0,0,0,0,0,0,0,260,70,0,0,0,5,5,999,999,999,9999999,999,999,999,8,0,1,2,0,4,0,995,0.0,999,999,999,0.0,0.0,0.0,21.63529773,12,7
26810,16,68,1-16-2022-068-01,1,1,5UXCR6C57KLL,17,452,1717,7,0,34,421,2019,15,3,15,0,1,L,2,2135,5,0,1,5,40,2,64,1,1,1,120,2,0,0,45247,9,9,0,1,2,2,2,1,2,4,3,2,0,0,3,8,0,0,1,1,14,2,12,99,2,4,1,B,7,1,1,1,2,1,4,63,1,2,7,998,998,0,0,7,4,7,999,999,999,9999999,999,999,999,7,0,4,29,2,1,3,998,0.0,18,16,-120,0.0,0.0,0.0,132.3575148,5,7
26811,16,69,1-16-2022-069-03,3,1,1C4PJLLB2KD4,17,483,1945,7,0,2,404,2019,14,3,14,0,1,F,1,1661,5,9999,9,0,998,5,89,1,0,0,995,0,0,0,45169,9,9,0,2,4,3,2,1,3,9,3,3,0,0,4,8,0,0,1,0,14,3,51,99,1,1,2,D,24,0,0,0,0,0,0,0,0,0,0,220,220,0,0,0,1,3,8,-8,1,4212,998,37,8,0,4,95,95,95,95,0,995,9.8,998,998,998,99.8,99.8,99.8,997.8885912,5,7
26811,16,69,1-16-2022-069-03,3,2,3KPF24AD1ME3,17,499,2462,13,0,63,38,2021,4,1,3,0,1,B,1,1256,5,0,1,1,9,2,89,1,0,0,995,0,0,0,45215,1,2,0,2,4,3,2,1,3,9,3,3,0,0,4,8,0,0,1,0,14,3,53,99,1,1,2,D,25,0,0,0,0,0,0,0,0,0,0,220,220,0,0,0,1,3,9,9,-2,6685,998,88,9,0,4,0,0,0,4,0,995,9.8,998,998,998,99.8,99.8,99.8,997.8885912,5,7
26812,66,68,1-66-2022-068-10,10,1,2G1WT58K8793,17,467,1833,13,0,20,2,2007,4,1,4,0,1,F,2,1630,5,0,1,1,42,2,64,1,0,0,995,0,1,0,65661,9,9,0,4,2,1,2,1,3,4,0,0,0,0,2,1,0,0,9,1,14,1,6,2,2,4,1,A,2,0,0,0,0,0,0,0,0,0,0,998,998,0,1,5,1,8,999,999,999,9999999,999,999,999,7,0,99,99,0,99,0,998,0.0,10,10,100,9.7,1.3,9.8,626.8137462,6,7
26813,13,89,1-13-2022-089-04,4,1,1FUJGLDR5BSA,17,450,2501,66,0,82,881,2011,66,8,68,0,1,R,9,,,,,,,5,113,1,8,0,995,0,7,0,71107,9,9,1,3,2,2,1,1,3,9,3,2,0,0,1,1,0,0,9,1,15,2,11,99,1,2,2,F,46,,,,,,,,,,,,,,,,,,,,,,,,,,,95,95,95,95,,,9.8,998,998,998,99.8,99.8,99.8,3635.105695,7,7
26813,13,89,1-13-2022-089-04,4,2,4T1B11HKXJU6,17,448,2469,13,0,49,40,2018,4,1,4,0,1,L,2,1470,5,0,1,4,40,2,113,1,8,0,995,0,7,0,76036,1,2,1,3,2,1,1,1,3,9,1,3,0,0,1,1,0,0,1,0,14,4,60,2,1,1,2,F,45,0,0,0,0,0,0,0,0,0,0,220,220,0,0,0,1,5,999,999,999,9999999,999,999,999,7,0,0,0,0,0,0,995,9.8,998,998,998,99.8,99.8,99.8,3635.105695,7,7
26814,13,90,1-13-2022-090-05,5,1,1HGCR3F88DA0,17,474,1861,13,0,37,32,2013,4,1,4,0,1,F,1,1615,5,0,1,1,16,2,72,1,1,1,372,2,7,1,76002,2,9,0,1,2,1,1,1,3,1,0,3,0,0,3,1,0,0,9,1,14,2,13,7,1,4,1,A,1,1,4,2,6,1,4,61,1,1,999,998,998,0,0,7,1,10,999,999,999,9999999,999,-79,22,2,0,3,27,1,3,3,998,0.0,999,999,999,23.6,2.2,23.8,226.9396475,7,7
26815,28,66,1-28-2022-066-06,6,1,5GAKVBKD9HJ1,17,468,1841,7,0,18,421,2017,15,3,15,0,1,F,1,2233,5,0,1,1,15,2,72,1,0,1,0,2,0,0,16943,1,2,0,4,2,1,2,1,3,4,1,2,0,0,1,1,0,0,1,1,14,2,13,1,2,4,1,A,1,0,0,0,0,0,0,0,0,0,0,998,998,0,0,9,1,1,16,-15,-5,24875,998,-47,16,0,1,0,0,0,4,0,998,0.6,60,60,999,60.3,3.6,60.5,151.2671058,3,7
26816,28,67,1-28-2022-067-03,3,1,2C4RDGEG3GR3,17,476,14832,2,0,7,442,2016,20,4,20,0,1,F,1,2050,5,0,1,1,9,2,56,1,0,0,995,0,0,0,14707,9,9,0,4,2,1,2,2,2,1,0,2,0,0,1,2,6,2,9,1,14,1,8,1,1,2,3,G,50,0,0,0,0,0,0,0,0,0,0,55,245,0,0,0,1,3,11,-11,2,12824,998,-13,12,0,4,1,1,0,4,0,995,9.8,998,998,998,99.8,99.8,99.8,66.43416713,3,7
26816,28,67,1-28-2022-067-03,3,2,ZACNJBBB3LPL,17,483,6160,7,0,2,408,2020,14,3,14,0,1,F,1,1447,5,0,1,1,7,2,56,1,0,0,995,0,0,0,16748,9,9,0,4,2,1,2,2,3,1,0,2,0,0,1,2,6,2,9,0,14,4,62,4,1,1,3,G,51,0,0,0,0,0,0,0,0,0,0,245,55,0,0,0,1,3,16,-15,5,12356,998,-17,14,0,4,1,1,0,4,0,995,9.8,998,998,998,99.8,99.8,99.8,66.43416713,3,7
26817,25,73,1-25-2022-073-06,6,1,JA32V2FW4HU0,17,481,2164,13,0,52,46,2017,4,1,2,0,1,F,2,1425,5,0,1,1,23,2,80,1,9,8,997,8,7,0,04090,9,9,0,4,2,1,2,2,3,3,1,2,0,0,1,2,0,0,9,1,14,2,13,99,1,4,1,A,1,1,1,2,6,6,4,51,3,2,10,998,998,0,0,7,1,12,999,999,999,9999999,999,999,999,7,0,1,2,0,4,3,998,1.5,30,30,999,18.8,2.8,19.0,877.510201,2,7
26818,25,74,1-25-2022-074-05,5,1,JM1GJ1V63E11,17,473,2078,13,0,41,50,2014,4,1,4,0,1,F,9,1465,5,9999,9,4,10,2,56,1,1,1,183,2,7,3,04072,1,2,0,4,2,1,2,1,1,1,1,4,0,0,3,1,0,0,3,1,1,2,12,1,1,4,1,B,6,0,0,0,0,0,0,0,0,0,0,998,998,0,1,2,4,12,999,999,999,9999999,999,999,999,9,0,3,14,1,3,0,998,0.7,7,7,999,25.0,3.4,25.2,69.95631039,2,7
26819,73,73,1-73-2022-073-03,3,1,JA4J4UA87NZ0,17,481,2163,7,0,52,404,2022,14,3,14,0,1,F,1,1630,5,0,1,1,8,2,56,1,8,0,995,0,7,0,04950,9,9,0,4,2,1,2,1,3,2,0,2,0,0,1,1,0,0,3,1,14,2,13,7,1,4,1,A,1,0,0,0,0,0,0,0,0,0,0,998,998,0,1,0,1,98,999,999,999,9999999,999,999,999,6,0,1,1,0,0,0,998,0.0,53,23,999,34.8,2.9,34.0,89.22446276,3,7
26820,73,74,1-73-2022-074-06,6,1,1G1JC6SG0D41,17,467,1835,13,0,20,28,2013,5,1,1,0,1,F,3,1220,5,0,1,1,32,2,89,1,8,0,995,0,7,0,04422,2,9,0,4,2,1,2,2,1,1,1,4,0,0,2,1,0,0,3,1,1,2,12,99,1,4,1,B,6,0,0,0,0,0,0,0,0,0,0,998,998,0,1,2,1,10,999,999,999,9999999,999,-21,41,4,0,1,2,0,4,0,998,2.6,30,30,999,82.9,6.2,82.0,203.1594107,3,7
26821,18,64,1-18-2022-064-06,6,1,JTMRJREV7HD0,17,448,2217,7,0,49,402,2017,14,3,14,0,1,F,1,1765,5,0,1,1,6,2,56,1,1,1,19,1,0,0,54729,1,2,2,4,2,1,2,2,1,2,1,2,0,0,2,8,2,2,3,1,11,2,13,3,1,4,1,A,1,0,0,0,0,0,0,0,0,0,0,998,998,0,1,1,2,1,18,-18,0,24536,998,18,18,0,1,0,0,0,4,0,998,0.0,8,14,999,13.1,2.4,13.3,352.5394328,6,7
26822,18,65,1-18-2022-065-03,3,1,1FMCU9G6XMUA,17,460,1798,7,0,12,402,2021,14,3,14,0,1,F,1,1571,5,0,1,1,5,2,89,1,0,0,995,0,0,0,54745,1,2,0,4,2,1,2,1,1,4,1,4,0,0,2,8,0,0,1,0,1,6,87,3,1,1,1,C,13,0,0,0,0,0,0,0,0,0,0,998,998,0,0,0,1,10,999,999,999,9999999,999,-8,14,2,0,1,1,0,4,0,998,9.8,998,998,998,99.8,99.8,99.8,154.829852,6,7
26823,31,56,1-31-2022-056-04,4,1,3GNCJLSB2KL4,17,467,10988,7,0,20,406,2019,14,3,14,0,1,F,1,1382,5,9999,9,1,4,2,89,1,0,0,995,0,0,0,62863,9,9,0,4,2,1,2,1,2,1,1,2,2,3,4,1,0,0,9,1,14,2,12,2,2,4,1,B,6,0,0,0,0,0,0,0,0,0,0,998,998,0,0,0,1,9,999,999,999,9999999,999,999,999,6,0,0,0,0,0,0,998,1.2,11,120,120,66.7,2.6,66.0,329.6249416,6,7
26824,31,57,1-31-2022-057-07,7,1,1G1ZE5ST8HF1,17,467,1834,13,0,20,37,2017,4,1,4,0,1,F,1,1400,5,9999,9,1,2,2,89,1,0,0,995,0,0,0,62979,1,2,0,4,2,1,2,1,1,4,1,4,0,0,1,1,0,0,9,0,1,6,87,2,1,1,1,C,13,0,0,0,0,0,0,0,0,0,0,998,998,0,0,0,1,10,999,999,999,9999999,999,-6,14,2,0,0,0,0,0,0,998,9.8,998,998,998,99.8,99.8,99.8,618.1222693,6,7
26825,27,63,1-27-2022-063-02,2,1,WA1CNAFY9K20,17,582,3862,7,0,32,402,2019,14,3,14,0,1,F,3,1835,5,0,1,5,16,2,48,1,8,1,0,2,7,2,01245,1,2,0,4,2,1,2,1,3,4,1,2,0,0,1,1,6,2,9,1,14,2,13,2,2,4,1,A,1,1,1,2,6,1,3,61,1,2,4,998,998,0,0,1,2,98,999,999,999,9999999,999,999,999,8,0,3,14,1,3,3,998,0.8,999,999,999,20.1,4.3,20.8,334.1918754,3,7
26826,27,64,1-27-2022-064-07,7,1,2HKRW2H51HH6,17,474,1865,7,0,37,402,2017,14,3,14,0,1,R,1,1580,5,46,1,1,7,2,40,1,0,0,995,0,0,0,08812,1,2,2,1,3,3,2,1,1,1,0,0,0,0,3,1,1,2,1,0,11,2,15,3,1,1,4,J,68,0,0,0,0,0,0,0,0,0,0,225,115,0,0,0,1,1,20,-10,-18,13570,998,130,10,0,4,0,0,0,0,0,995,9.8,998,998,998,99.8,99.8,99.8,927.5749027,3,7
26826,27,64,1-27-2022-064-07,7,2,JN8AS58V69W4,17,478,1913,7,0,35,51,2009,6,1,3,0,1,F,1,1564,5,0,1,1,7,2,40,1,0,0,995,0,0,0,01201,9,9,2,2,2,2,2,1,1,1,0,0,0,0,3,1,1,2,1,0,1,4,62,99,1,1,4,J,69,0,0,0,0,0,0,0,0,0,0,115,225,0,0,0,1,1,21,-21,4,78033,998,72,31,0,4,0,0,0,0,0,995,9.8,998,998,998,99.8,99.8,99.8,927.5749027,3,7
26827,15,27,1-15-2022-027-09,9,1,2FAFP71W43X1,17,460,1778,13,0,12,16,2003,4,1,4,0,1,F,2,1900,5,0,1,4,6,2,48,1,8,9,998,8,7,9,11754,9,9,0,4,2,1,2,1,1,1,1,2,0,0,1,1,1,2,9,1,1,2,13,99,9,4,1,A,2,0,0,0,0,0,0,0,0,0,0,998,998,0,0,7,1,12,999,999,999,9999999,999,999,999,3,0,2,5,0,4,0,998,2.1,37,37,999,2.4,0.4,2.5,533.6469376,1,7
26828,22,21,1-22-2022-021-04,4,1,JTEBU5JRXL57,17,448,2216,7,0,49,401,2020,14,3,14,0,1,F,2,2111,5,0,1,1,9,2,89,1,0,0,995,0,0,0,99403,1,2,0,4,2,1,2,1,1,1,1,4,0,0,1,1,0,0,1,0,1,6,90,7,1,1,1,C,12,0,0,0,0,0,0,0,0,0,0,998,998,0,0,0,1,10,999,999,999,9999999,999,999,999,7,0,0,0,0,0,0,998,9.8,998,998,998,99.8,99.8,99.8,351.7144868,12,7
26829,29,17,1-29-2022-017-03,3,1,5XYKT3A67FG6,17,499,2769,7,0,63,402,2015,14,3,14,0,1,B,1,1722,5,0,1,1,12,2,105,1,0,0,995,0,0,0,02903,9,9,0,1,3,3,2,1,1,1,3,2,1,3,3,1,0,0,1,0,1,4,61,99,1,1,2,D,25,0,0,0,0,0,0,0,0,0,0,310,300,0,0,0,1,3,24,20,-12,49239,998,127,19,0,4,0,0,0,0,0,995,9.9,999,999,999,0.0,0.0,0.0,825.5119198,2,7
26829,29,17,1-29-2022-017-03,3,2,1N6AD0CW8KN7,17,478,1919,60,0,35,472,2019,34,5,31,0,1,F,1,2154,5,0,1,1,13,2,105,1,1,8,997,8,1,0,01588,1,9,0,2,3,2,2,1,1,1,3,3,0,3,3,1,0,0,9,1,15,3,51,99,1,2,2,D,24,0,0,0,0,0,0,0,0,0,0,300,310,0,0,0,1,3,21,-19,7,63908,998,15,27,0,4,1,1,0,4,0,995,9.8,998,998,998,99.8,99.8,99.8,825.5119198,2,7
26831,20,146,1-20-2022-146-03,3,1,1GNERHKW2KJ1,17,467,1853,7,0,20,423,2019,15,3,15,0,1,F,1,1978,5,0,1,1,48,2,105,1,0,0,995,0,0,0,93930,9,1,1,3,1,1,2,1,3,4,1,2,0,0,1,1,5,2,9,1,14,1,6,1,2,4,1,B,7,0,0,0,0,0,0,0,0,0,0,998,998,0,1,0,2,1,12,-12,2,12717,998,-24,12,0,4,1,2,0,4,0,998,1.7,120,120,120,15.0,3.5,15.3,250.9225266,11,7
26832,20,147,1-20-2022-147-01,1,1,1FMRU1862XLA,17,460,1799,7,0,12,422,1999,15,3,15,0,1,F,2,2222,5,136,1,1,49,2,89,1,1,8,997,8,0,0,99336,1,9,0,4,2,1,2,1,1,1,0,2,0,0,2,8,0,0,9,1,1,2,13,99,1,4,1,A,1,0,0,0,0,0,0,0,0,0,0,998,998,0,1,0,3,7,999,999,999,9999999,999,999,999,7,0,1,1,0,1,0,998,0.0,120,5,106,27.2,4.5,27.6,37.75359579,11,7
26834,30,75,1-30-2022-075-10,10,1,2B3CA3CV0AH2,17,476,1895,13,0,7,24,2010,4,1,5,0,1,F,1,1719,5,0,1,1,13,2,56,1,0,0,995,0,0,0,85268,9,9,2,4,2,1,2,1,1,1,1,4,0,0,1,1,0,0,3,0,1,3,50,2,1,1,2,D,20,0,0,0,0,0,0,0,0,0,0,260,260,0,0,0,1,3,18,-18,0,15966,998,-15,15,0,4,0,0,0,0,0,995,9.8,998,998,998,99.8,99.8,99.8,9498.50105,10,7
26834,30,75,1-30-2022-075-10,10,2,KNADE1231661,17,499,2299,13,0,63,32,2006,4,1,1,0,1,B,2,1104,5,9999,9,0,998,5,56,1,0,0,995,0,0,0,85032,9,9,2,4,2,1,2,1,1,1,1,4,0,0,1,1,0,0,1,0,5,3,53,1,1,1,2,D,22,0,0,0,0,0,0,0,0,0,0,260,260,0,0,0,1,3,27,27,0,40347,998,0,30,0,4,95,95,95,95,0,995,9.8,998,998,998,99.8,99.8,99.8,9498.50105,10,7
26835,30,76,1-30-2022-076-02,2,1,2C4RDGBG0JR1,17,476,14832,2,0,7,442,2018,20,4,20,0,1,F,1,2050,5,0,1,1,25,2,64,1,0,0,995,0,0,0,85395,9,9,2,4,6,3,2,1,1,1,3,2,0,0,1,1,1,2,9,0,1,3,51,99,1,1,2,D,24,0,0,0,0,0,0,0,0,0,0,10,0,0,0,0,1,5,999,999,999,9999999,999,999,13,2,0,9,97,0,8,0,995,9.8,998,998,998,99.8,99.8,99.8,53.14310501,10,7
26835,30,76,1-30-2022-076-02,2,2,3C7WRSAL0MG6,17,496,13622,63,11,7,881,2021,61,8,60,0,1,D,9,,,,,,,5,64,1,0,0,995,0,0,0,85022,9,9,2,4,6,3,2,1,1,1,3,2,0,0,1,1,1,2,1,0,3,3,53,1,1,1,2,D,25,,,,,,,,,,,,,,,,,,,,,,,,,,,95,95,95,95,,,9.8,998,998,998,99.8,99.8,99.8,53.14310501,10,7
26836,30,74,1-30-2022-074-06,6,1,5NPD84LF4HH0,17,498,2735,13,0,55,35,2017,4,1,3,0,1,F,2,1275,5,0,1,1,22,2,64,1,0,0,995,0,0,0,85020,9,9,2,4,2,1,2,1,1,1,0,0,0,0,1,1,2,2,9,0,11,2,15,99,1,1,4,K,76,0,0,0,0,0,0,0,0,0,0,90,270,0,0,0,3,3,33,-33,0,36464,998,0,26,0,4,0,0,0,0,0,995,9.8,998,998,998,99.8,99.8,99.8,1021.889276,10,7
26836,30,74,1-30-2022-074-06,6,2,3C6UR4HL7FG6,17,496,13621,60,0,7,482,2015,34,5,31,0,1,L,9,2865,5,9999,9,0,998,5,64,1,0,0,995,0,0,0,85022,9,9,2,4,6,4,2,1,1,1,2,3,0,0,1,1,0,0,1,0,1,4,65,1,1,1,4,K,77,0,0,0,0,0,0,0,0,0,0,90,120,0,0,0,1,0,999,999,999,9999999,999,999,999,9,0,95,95,95,95,0,995,9.8,998,998,998,99.8,99.8,99.8,1021.889276,10,7
26836,30,74,1-30-2022-074-06,6,3,5TDHZRAH5MS0,17,448,2213,7,0,49,403,2021,14,3,14,0,1,F,9,1950,5,9999,9,0,998,5,64,1,0,0,995,0,0,0,85051,9,9,2,4,6,2,2,1,1,1,3,2,0,0,1,1,0,0,1,0,1,3,54,99,1,1,6,M,98,0,0,0,0,0,0,0,0,0,0,270,70,0,0,0,2,0,999,999,999,9999999,999,999,999,9,0,95,95,95,95,0,995,9.8,998,998,998,99.8,99.8,99.8,1021.889276,10,7
26836,30,74,1-30-2022-074-06,6,4,1GTGK29U8YE4,17,472,1857,60,0,23,481,2000,34,5,31,0,1,F,1,2483,5,9999,9,0,998,5,64,1,0,0,995,0,0,0,85016,9,9,2,4,6,1,2,1,1,1,0,3,0,0,1,1,0,0,1,0,1,3,54,2,1,1,6,M,98,0,0,0,0,0,0,0,0,0,0,270,90,0,0,0,3,3,18,-18,0,52832,998,0,23,0,4,95,95,95,95,0,995,9.8,998,998,998,99.8,99.8,99.8,1021.889276,10,7
26837,77,63,1-77-2022-063-07,7,1,JM1BM1U72G13,17,473,2074,13,0,41,51,2016,4,1,3,0,1,F,1,1327,5,0,1,1,12,2,105,1,0,0,995,0,0,0,61568,9,9,0,1,3,3,2,1,2,9,3,2,1,1,2,1,0,0,1,0,14,6,87,2,1,1,1,C,13,0,0,0,0,0,0,0,0,0,0,998,998,0,0,0,1,10,999,999,999,9999999,999,17,17,2,0,0,0,0,0,0,998,9.8,998,998,998,99.8,99.8,99.8,3308.622155,9,7
26838,20,148,1-20-2022-148-09,9,1,2T2BK1BA2CC1,17,515,2214,7,0,59,403,2012,14,3,14,0,1,F,1,1970,5,0,1,1,27,2,105,1,0,1,0,2,0,2,93905,1,1,1,2,2,2,2,1,1,9,1,3,0,1,1,1,6,2,9,1,1,1,9,99,4,4,1,B,7,1,4,2,6,1,4,61,1,2,999,998,998,0,0,0,1,1,17,-17,-3,25071,998,20,17,0,4,2,5,0,4,3,998,1.8,999,999,999,10.7,7.5,13.2,1331.685786,11,7
26840,48,23,1-48-2022-023-03,3,1,1GKKVSED1BJ3,17,472,1855,7,0,23,8,2011,6,1,5,0,1,L,1,2234,5,0,1,1,7,2,80,1,0,0,995,0,0,0,84302,9,9,2,4,2,1,2,1,1,2,0,0,0,0,1,8,2,2,1,0,11,2,15,1,1,1,4,K,82,0,0,0,0,0,0,0,0,0,0,100,180,0,1,0,1,1,20,-3,20,24836,998,113,13,0,1,4,17,1,3,0,995,9.8,998,998,998,99.8,99.8,99.8,449.4486504,12,7
26840,48,23,1-48-2022-023-03,3,2,2C4RC1BG3JR1,17,477,3628,2,0,6,443,2018,20,4,20,0,1,F,1,1964,5,0,1,1,8,2,97,1,0,0,995,0,0,0,84302,1,2,2,4,5,2,2,1,1,2,4,2,0,0,1,8,0,0,1,0,1,4,67,3,1,1,4,K,83,0,0,0,0,0,0,0,0,0,0,180,100,0,1,0,1,1,22,-21,-8,74575,998,-62,28,0,1,1,1,0,4,0,995,4.0,16,15,13,0.0,0.0,0.0,449.4486504,12,7
26841,77,64,1-77-2022-064-06,6,1,YV4612RK7F27,17,485,1962,7,0,51,50,2015,6,1,3,0,1,L,1,1928,5,0,1,1,12,2,72,1,0,0,995,0,0,0,22901,9,9,2,1,2,1,2,2,1,1,0,1,0,0,1,1,1,2,1,0,10,2,16,1,1,1,4,K,78,0,0,0,0,0,0,0,0,0,0,350,10,0,0,0,1,1,20,19,7,36875,998,71,19,0,1,1,1,0,4,0,995,9.8,998,998,998,99.8,99.8,99.8,628.8908878,9,7
26841,77,64,1-77-2022-064-06,6,2,5TEWN72N93Z3,17,448,2223,60,0,49,472,2003,34,5,30,0,1,F,2,1594,5,0,1,1,31,2,72,1,0,0,995,0,0,0,22968,9,9,2,1,6,2,2,2,1,1,1,1,0,0,1,1,1,2,1,0,1,4,65,99,1,1,4,K,79,0,0,0,0,0,0,0,0,0,0,10,350,0,0,0,1,1,25,-25,0,48419,998,53,26,0,4,0,0,0,0,0,995,9.8,998,998,998,99.8,99.8,99.8,628.8908878,9,7
26842,77,65,1-77-2022-065-09,9,1,1C6SRFBT4MN5,17,496,13620,60,0,7,482,2021,34,5,30,0,1,F,9,2308,5,9999,9,0,998,5,24,1,0,0,995,0,0,0,22942,9,9,3,4,2,1,2,2,1,1,0,0,0,0,1,2,5,2,1,0,11,2,15,99,1,1,4,K,82,0,0,0,0,0,0,0,0,0,0,275,35,0,0,0,1,0,999,999,999,9999999,999,999,999,9,0,95,95,95,95,0,995,9.8,998,998,998,99.8,99.8,99.8,1409.642993,9,7
26842,77,65,1-77-2022-065-09,9,2,1HGCP2F35CA2,17,474,1861,13,0,37,32,2012,4,1,4,0,1,F,2,1523,5,0,1,1,8,2,24,1,0,0,995,0,0,0,22901,9,9,3,4,3,1,2,2,1,1,0,2,0,0,1,2,0,0,1,0,1,4,72,99,1,1,4,K,83,0,0,0,0,0,0,0,0,0,0,35,275,0,0,0,1,12,999,999,999,9999999,999,999,999,7,0,99,99,0,0,0,995,9.8,998,998,998,99.8,99.8,99.8,1409.642993,9,7
26844,59,54,1-59-2022-054-06,6,1,5XYZUDLBXHG4,17,498,2057,7,0,55,401,2017,14,3,14,0,1,F,1,1640,5,0,1,1,6,2,48,1,0,0,995,0,0,0,61944,1,2,2,4,2,1,2,1,1,1,0,0,0,0,1,1,2,2,2,0,10,2,16,1,1,1,4,K,78,0,0,0,0,0,0,0,0,0,0,290,355,0,0,0,1,5,999,999,999,9999999,999,999,17,2,0,1,1,0,4,0,995,9.8,998,998,998,99.8,99.8,99.8,472.7315285,6,7
26844,59,54,1-59-2022-054-06,6,2,1GNDT13S3523,17,467,4548,7,0,20,403,2005,14,3,14,0,1,9,9,2084,5,9999,9,0,998,5,48,1,0,0,995,0,0,0,47802,9,9,2,4,2,1,2,1,1,1,0,2,0,0,1,1,0,0,9,0,1,4,65,99,1,1,4,K,79,0,0,0,0,0,0,0,0,0,0,355,290,0,0,0,1,0,999,999,999,9999999,999,999,999,9,0,95,95,95,95,0,995,9.8,998,998,998,99.8,99.8,99.8,472.7315285,6,7
26845,59,55,1-59-2022-055-09,9,1,5Y2SL65838Z4,17,536,2807,5,0,22,32,2008,6,1,2,0,1,F,2,1227,5,9999,9,4,14,3,48,1,1,1,216,2,0,0,60184,1,9,0,4,2,1,2,1,1,1,0,2,0,0,3,1,0,0,9,1,1,2,11,99,1,4,1,C,11,0,0,0,0,0,0,0,0,0,0,95,90,0,0,0,1,12,999,999,999,9999999,999,999,999,7,0,1,1,0,4,0,995,9.8,998,998,998,99.8,99.8,99.8,1107.702879,6,7
26845,59,55,1-59-2022-055-09,9,2,3B7KC26Z01M2,17,476,1938,60,0,7,482,2001,34,5,31,0,2,B,9,2282,5,9999,9,0,998,,,,,,,,,,,,,,,,,,,,,,,,,,,,,,,,,,,,,,,,,,,,,,,,,,,,,,,,,,,,,,,,,,95,95,95,95,,,,,,,,,,1107.702879,6,7
26846,17,71,1-17-2022-071-09,9,1,1GNDT13S0621,17,467,4548,7,0,20,403,2006,14,3,14,0,1,F,9,2084,5,9999,9,0,998,5,48,1,1,8,997,8,9,0,61265,9,9,2,2,2,1,1,1,2,1,0,1,0,0,3,1,1,2,9,0,14,2,17,99,1,1,5,L,88,0,0,0,0,0,0,0,0,0,0,180,80,0,0,0,1,0,999,999,999,9999999,999,999,999,9,0,95,95,95,95,0,995,9.8,998,998,998,99.8,99.8,99.8,352.684357,4,7
26846,17,71,1-17-2022-071-09,9,2,4S4BP61C4873,17,523,2233,7,0,48,45,2008,6,1,3,0,1,L,9,1500,5,0,1,4,3,2,48,1,9,0,995,0,9,0,61265,9,9,2,3,2,1,2,1,1,1,0,3,0,0,3,1,1,2,9,0,1,4,66,99,1,1,5,L,89,1,2,2,5,1,1,61,1,1,7,80,180,0,0,0,1,98,999,999,999,9999999,999,999,999,9,0,99,99,0,5,3,995,9.8,998,998,998,99.8,99.8,99.8,352.684357,4,7