CASEID,PSU,CASENO,CASENUMBER,CATEGORY,VEHNO,VIN,VINLENGTH,VPICMAKE,VPICMODEL,VPICBODYCLASS,ICFINALBODY,MAKE,MODEL,MODELYR,BODYTYPE,BODYCAT,VEHCLASS,SPECUSE,TRANSTAT,DAMPLANE,DAMSEV,CURBWT,CURBSRC,CARGOWT,CARGOSRC,INSPTYPE,INSPLAG,TOWED,SPEEDLIMIT,DRPRESENT,PARALCOHOL,ALCTEST,ALCTESTRESULT,ALCTESTSRC,PARDRUG,DRUGTEST,ZIP,RACE,ETHNICITY,RELTOJUNCT,TRAFFLOW,RDLANES,INITLANE,SURFTYPE,SURFCOND,ALIGNMENT,PROFILE,LINERIGHT,LINELEFT,RUMBINIT,RUMBROAD,LIGHTCOND,WEATHER,TRAFDEV,TRAFFUNCT,DISTRACT,PREFHE,PREMOVE,CRITCAT,CRITEVENT,MANEUVER,PRESTAB,PRELOC,CRASHCAT,CRASHCONF,CRASHTYPE,ROLLTYPE,ROLLTURN,ROLLINTRPT,ROLLPREMAN,ROLLINITYP,ROLLINLOC,ROLLOBJ,ROLLTRIP,ROLLDIR,ROLLDIST,DVANGTHIS,DVANGOTH,TOWHITCH,TRAJDOC,TREEPOLE,DVEVENT,DVBASIS,DVTOTAL,DVLONG,DVLAT,DVENERGY,DVSPEED,DVMOMENT,DVBES,DVEST,DVCONF,VAIS,VISS,VINJURED,VTREAT,INITOBJCLASS,HEADANGLECAT,SHLDRWIDTH,STRKLENGTH,STRKWIDTH,STRKHEIGHT,EDGEDISTX,EDGEDISTY,EDGEDISTZ,CASEWGT,PSUSTRAT,VERSION
26919,10,129,1-10-2022-129-03,3,2,3C4NJCAB7JT4,17,483,1946,7,0,2,1,2018,6,1,2,0,1,R,2,1444,5,0,1,1,32,2,56,1,0,0,995,0,0,0,45405,1,2,2,4,3,1,2,1,1,4,0,1,0,0,1,1,1,2,1,0,1,4,66,3,1,1,5,L,87,0,0,0,0,0,0,0,0,0,0,310,220,0,0,0,1,5,999,999,999,9999999,999,999,999,7,0,1,1,0,4,0,995,9.8,998,998,998,99.8,99.8,99.8,136.4246432,4,7
26921,10,131,1-10-2022-131-03,3,1,2G1WT58KX813,17,467,1833,13,0,20,2,2008,4,1,4,0,1,F,9,1630,5,9999,9,0,998,5,56,1,0,0,995,0,0,0,45424,9,9,2,4,3,2,2,1,1,1,1,2,0,0,1,8,2,2,1,0,11,2,15,1,1,1,4,K,82,0,0,0,0,0,0,0,0,0,0,280,10,0,0,0,1,0,999,999,999,9999999,999,999,999,9,0,95,95,95,95,0,995,9.8,998,998,998,99.8,99.8,99.8,136.4246432,4,7
26921,10,131,1-10-2022-131-03,3,2,1V2RR2CA8KC6,17,482,17618,7,0,30,403,2019,14,3,14,0,1,F,1,2042,5,0,1,1,7,2,56,1,0,0,995,0,0,0,45322,9,9,2,4,3,2,2,1,1,1,3,1,0,0,1,8,0,0,1,0,1,4,67,3,1,1,4,K,83,0,0,0,0,0,0,0,0,0,0,10,280,0,0,0,1,12,999,999,999,9999999,999,999,999,6,0,99,99,0,0,0,995,9.8,998,998,998,99.8,99.8,99.8,136.4246432,4,7
26922,23,37,1-23-2022-037-05,5,1,JTHBJ46G3720,17,515,2475,13,0,59,31,2007,4,1,4,0,1,B,2,1624,5,9999,9,0,998,2,113,1,1,1,152,2,0,0,44506,2,2,1,2,3,2,2,1,1,9,3,3,0,0,3,1,0,0,9,1,1,2,12,99,9,4,1,B,6,0,0,0,0,0,0,0,0,0,0,170,180,0,0,0,3,3,32,32,6,116490,998,-48,40,0,4,1,3,0,4,0,995,3.8,999,999,999,6.4,4.6,7.9,164.1553369,5,7
26922,23,37,1-23-2022-037-05,5,2,KL4CJFSB4EB5,17,468,1842,7,0,18,404,2014,14,3,14,0,1,F,2,1501,5,9999,9,5,15,2,113,1,0,1,0,2,0,0,44102,1,9,1,2,3,2,2,1,1,9,3,2,0,0,3,1,0,0,9,0,1,3,52,99,9,1,6,M,98,0,0,0,0,0,0,0,0,0,0,180,170,0,1,0,3,3,34,-34,0,34205,998,0,23,0,4,2,5,0,4,0,995,9.8,998,998,998,99.8,99.8,99.8,164.1553369,5,7
26922,23,37,1-23-2022-037-05,5,3,5N1AR18U88C6,17,478,1911,7,0,35,401,2008,14,3,14,0,2,B,9,2185,5,9999,9,4,23,,,,,,,,,,,,,,,,,,,,,,,,,,,,,,,,,,,,,,,,,,,,,,,,,,,,,,,,,,,,,,,,,,95,95,95,95,,,,,,,,,,164.1553369,5,7
26923,77,66,1-77-2022-066-02,2,1,MAJ6S3JL9LC3,17,460,17774,7,0,12,403,2020,14,3,14,0,1,F,3,1497,5,0,1,1,11,2,105,1,9,0,995,0,9,0,45439,9,9,0,1,2,1,2,1,1,9,1,3,2,3,1,1,0,0,9,0,1,3,51,7,1,1,2,D,24,0,0,0,0,0,0,0,0,0,0,115,320,0,0,0,2,1,63,-62,-11,252350,998,-22,59,0,1,4,41,2,3,0,995,9.8,998,998,998,99.8,99.8,99.8,201.9285612,9,7
26923,77,66,1-77-2022-066-02,2,2,1FDUF5HT8GEA,17,460,1808,63,11,12,881,2016,61,8,60,0,1,B,9,,,,,,,5,105,1,0,0,995,0,0,0,24521,9,9,0,1,2,1,2,1,1,9,1,3,2,1,1,1,0,0,1,0,1,3,53,1,1,1,2,D,25,,,,,,,,,,,,,,,,,,,,,,,,,,,95,95,95,95,,,9.8,998,998,998,99.8,99.8,99.8,201.9285612,9,7
26923,77,66,1-77-2022-066-02,2,3,WA1BNAFY0J20,17,582,3862,7,0,32,402,2018,14,3,14,0,1,F,3,1835,5,0,1,1,14,2,105,1,0,1,0,2,0,0,22902,9,9,0,1,2,1,2,1,1,9,1,3,2,3,1,1,0,0,1,0,1,4,62,99,1,1,6,M,98,0,0,0,0,0,0,0,0,0,0,320,115,0,0,0,2,1,60,-59,10,310621,998,24,64,0,1,3,17,1,3,0,995,9.8,998,998,998,99.8,99.8,99.8,201.9285612,9,7
26924,77,67,1-77-2022-067-05,5,1,1HGCR2F55HA0,17,474,1861,13,0,37,32,2017,4,1,4,0,1,F,1,1496,5,0,1,1,15,2,89,1,0,1,0,2,0,0,22935,9,9,0,4,2,1,2,1,1,4,0,2,0,0,1,1,0,0,3,1,1,2,12,8,1,4,1,B,6,1,2,2,5,5,4,31,1,2,2,998,998,0,0,0,1,1,20,-20,4,27393,998,35,20,0,4,5,45,2,3,2,998,9.7,30,30,60,14.7,1.4,14.5,472.4873109,9,7
26925,28,70,1-28-2022-070-03,3,1,JA4ARUAU9MU0,17,481,13867,7,0,52,404,2021,14,3,14,0,1,F,2,1545,5,0,1,1,11,2,48,1,0,0,995,0,0,0,16943,1,2,3,4,2,1,2,1,1,1,0,2,0,0,1,1,0,0,3,0,1,3,52,98,1,1,2,D,28,0,0,0,0,0,0,0,0,0,0,115,120,0,0,0,1,5,999,999,999,9999999,999,999,39,3,0,0,0,0,4,0,995,9.8,998,998,998,99.8,99.8,99.8,45.42933988,3,7
26925,28,70,1-28-2022-070-03,3,2,1HD1CZ3178K4,17,3888,11330,94,0,72,706,2008,80,9,80,0,1,B,9,,,,,,,5,48,1,0,0,995,0,0,0,16935,9,9,3,4,2,1,2,1,1,1,0,2,0,0,1,1,0,0,9,0,11,3,53,99,1,1,2,D,30,,,,,,,,,,,,,,,,,,,,,,,,,,,95,95,95,95,,,9.8,998,998,998,99.8,99.8,99.8,45.42933988,3,7
26926,28,71,1-28-2022-071-06,6,1,2GNALCEK6H15,17,467,1847,7,0,20,404,2017,14,3,14,0,1,F,1,1706,5,0,1,1,9,2,113,1,0,0,995,0,0,0,14609,2,2,0,2,2,1,2,1,1,9,1,3,2,3,1,1,0,0,1,1,1,1,8,2,3,4,1,A,2,0,0,0,0,0,0,0,0,0,0,998,998,1,0,0,1,5,999,999,999,9999999,999,999,999,2,0,1,1,0,6,0,998,2.8,999,999,999,99.9,99.9,99.9,103.4402184,3,7
26927,32,54,1-32-2022-054-02,2,1,4T1BF1FK1DU2,17,448,2469,13,0,49,40,2013,4,1,3,0,1,F,2,1441,5,0,1,1,11,2,48,1,0,0,995,0,0,0,75041,3,9,0,4,2,1,2,1,2,1,0,0,0,0,1,8,0,0,1,1,14,2,10,4,1,2,3,G,50,0,0,0,0,0,0,0,0,0,0,10,190,0,0,0,1,12,999,999,999,9999999,999,999,999,7,0,9,97,0,5,0,995,9.8,998,998,998,99.8,99.8,99.8,185.6137437,7,7
26927,32,54,1-32-2022-054-02,2,2,2T3P1RFV5LC1,17,448,2217,7,0,49,402,2020,14,3,14,0,1,F,2,1583,5,9999,9,1,10,2,48,1,0,0,995,0,0,0,75041,1,1,0,4,2,1,2,1,1,1,0,0,0,0,1,8,0,0,1,0,1,4,62,4,1,1,3,G,51,0,0,0,0,0,0,0,0,0,0,190,10,0,0,0,1,12,999,999,999,9999999,999,999,999,7,0,2,5,0,4,0,995,9.8,998,998,998,99.8,99.8,99.8,185.6137437,7,7
26928,25,77,1-25-2022-077-04,4,1,SALVP2RX9KH3,17,444,2244,7,0,62,404,2019,14,3,14,0,1,F,1,1770,5,0,1,3,9,2,48,1,8,0,995,0,7,0,04419,1,2,3,4,2,1,2,1,1,4,0,0,0,0,1,1,2,2,2,0,11,2,15,1,1,1,4,K,82,0,0,0,0,0,0,0,0,0,0,305,55,0,0,0,1,3,12,-12,2,6475,998,-7,10,0,4,0,0,0,0,0,995,9.8,998,998,998,99.8,99.8,99.8,887.7489937,2,7
26928,25,77,1-25-2022-077-04,4,2,YV4BZ9828810,17,485,1963,7,0,51,43,2008,6,1,4,0,1,R,1,1891,5,0,1,1,36,2,48,1,8,0,995,0,7,0,97401,9,9,3,4,2,1,2,1,3,4,1,2,0,0,1,1,0,0,9,0,14,4,72,99,1,1,4,K,83,0,0,0,0,0,0,0,0,0,0,55,305,0,0,0,1,3,10,-5,-9,18199,998,127,11,0,4,1,1,0,6,0,995,9.8,998,998,998,99.8,99.8,99.8,887.7489937,2,7
26929,25,78,1-25-2022-078-07,7,1,5FNRL3H66AB0,17,474,1869,2,0,37,441,2010,20,4,20,0,1,R,1,2062,5,9999,9,1,12,2,56,1,8,0,995,0,7,0,04021,9,9,2,1,2,2,2,1,1,1,1,2,0,0,1,1,1,2,1,0,11,2,15,99,1,1,4,J,68,0,0,0,0,0,0,0,0,0,0,330,210,0,0,0,1,1,20,-7,-19,47001,998,106,20,0,1,0,0,0,0,0,995,9.8,998,998,998,99.8,99.8,99.8,2691.010579,2,7
26929,25,78,1-25-2022-078-07,7,2,1FAHP2H8XFG1,17,460,1782,13,0,12,17,2015,4,1,4,0,1,F,1,1918,5,0,1,1,8,2,56,1,8,0,995,0,7,0,04005,9,9,2,4,3,1,2,1,1,1,1,1,0,0,1,1,1,2,1,0,1,4,62,3,1,1,4,J,69,0,0,0,0,0,0,0,0,0,0,210,330,0,0,0,1,1,22,-22,-4,41519,998,-11,23,0,1,0,0,0,0,0,995,9.8,998,998,998,99.8,99.8,99.8,2691.010579,2,7
26931,73,76,1-73-2022-076-06,6,1,1G11B5SL6FF2,17,467,1834,13,0,20,37,2015,4,1,3,0,1,F,3,1657,5,0,1,1,11,2,80,1,8,0,995,0,7,0,04443,9,9,0,4,2,1,2,1,3,1,1,2,0,0,2,1,0,0,1,1,14,2,11,99,1,4,1,C,11,0,0,0,0,0,0,0,0,0,0,275,275,0,0,0,1,8,999,999,999,9999999,999,999,999,8,0,1,1,0,99,0,995,9.8,998,998,998,99.8,99.8,99.8,30.31955966,3,7
26931,73,76,1-73-2022-076-06,6,2,1G1PC5SBXE71,17,467,1832,13,0,20,25,2014,4,1,3,0,2,B,3,1407,5,9999,9,4,43,,,,,,,,,,,,,,,,,,,,,,,,,,,,,,,,,,,,,,,,,,,,,,,,,,,,,,,,,,,,,,,,,,95,95,95,95,,,,,,,,,,30.31955966,3,7
26933,13,93,1-13-2022-093-03,3,1,1FAFP34N57W2,17,460,1779,13,0,12,37,2007,4,1,2,0,1,L,1,1196,5,0,1,1,25,2,64,1,8,0,995,0,7,0,76028,1,9,2,4,2,1,1,1,1,1,0,0,0,0,1,1,2,2,9,0,11,2,15,99,1,1,4,K,82,0,0,0,0,0,0,0,0,0,0,350,80,0,0,0,1,3,15,-5,14,18965,998,115,15,0,4,0,0,0,0,0,995,9.8,998,998,998,99.8,99.8,99.8,1373.874787,7,7
26933,13,93,1-13-2022-093-03,3,2,5XYPG4A39KG5,17,499,2769,7,0,63,402,2019,14,3,14,10,1,F,1,1728,5,9999,9,4,40,2,64,1,8,0,995,0,7,0,75062,1,9,2,1,4,3,2,1,1,1,3,1,0,0,1,1,0,0,1,0,1,4,67,3,2,1,4,K,83,0,0,0,0,0,0,0,0,0,0,80,350,0,0,0,1,3,10,-9,-3,7170,998,-2,10,0,4,1,1,0,8,0,995,9.8,998,998,998,99.8,99.8,99.8,1373.874787,7,7
26934,13,94,1-13-2022-094-02,2,1,5FNYF7H51KB0,17,474,5959,7,0,37,422,2019,15,3,15,0,1,F,1,1890,5,0,1,1,33,2,72,1,8,0,995,0,7,0,76180,2,9,2,1,5,2,2,1,1,4,3,3,0,0,1,1,1,2,9,0,1,2,17,2,1,1,4,J,69,0,0,0,0,0,0,0,0,0,0,60,180,0,0,0,1,1,19,-18,7,55477,998,15,26,0,3,9,97,0,8,0,995,9.8,998,998,998,99.8,99.8,99.8,56.00326372,7,7
26934,13,94,1-13-2022-094-02,2,2,2FMDK3AK1DBE,17,460,1797,7,0,12,24,2013,6,1,4,0,1,F,1,1852,5,0,1,1,13,2,72,1,8,0,995,0,7,0,76053,1,9,2,1,5,4,2,1,1,2,1,1,0,0,1,1,1,2,9,0,11,2,15,2,1,1,4,J,68,0,0,0,0,0,0,0,0,0,0,180,60,0,0,0,1,1,20,-16,-13,18083,998,-93,13,0,3,0,0,0,0,0,995,9.8,998,998,998,99.8,99.8,99.8,56.00326372,7,7
26936,52,117,1-52-2022-117-03,3,1,1GKKNSLSXKZ2,17,472,1855,7,0,23,423,2019,15,3,15,0,1,R,1,1998,5,0,1,1,20,2,40,1,0,0,995,0,0,0,98121,9,9,2,4,2,1,2,1,1,1,0,2,0,0,1,1,2,2,9,0,1,2,17,2,1,1,5,L,87,0,0,0,0,0,0,0,0,0,0,180,90,0,0,0,1,3,10,-5,-8,12007,998,26,12,0,4,1,1,0,4,0,995,9.8,998,998,998,99.8,99.8,99.8,20.11207086,12,7
26936,52,117,1-52-2022-117-03,3,2,2C3CCARG8HH6,17,477,1878,13,0,6,51,2017,4,1,5,0,1,F,1,2047,5,9999,9,0,998,5,40,1,0,0,995,0,0,0,59102,9,9,2,4,2,1,2,1,1,1,0,2,0,0,1,1,0,0,9,0,1,4,66,99,1,1,5,L,86,0,0,0,0,0,0,0,0,0,0,90,180,0,0,0,1,3,10,-8,5,7357,998,116,8,0,4,95,95,95,95,0,995,9.8,998,998,998,99.8,99.8,99.8,20.11207086,12,7
26938,52,119,1-52-2022-119-09,9,1,1LNLM83W3VY7,17,464,1791,13,0,13,1,1997,4,1,5,0,1,F,1,1833,5,0,1,1,17,2,56,1,1,9,998,8,1,9,59105,9,9,2,4,4,2,2,1,1,1,1,2,0,0,1,1,1,2,9,0,1,3,50,99,1,1,2,D,20,0,0,0,0,0,0,0,0,0,0,95,95,0,0,0,1,3,23,-23,0,29485,998,-8,20,0,4,99,99,0,99,0,995,9.8,998,998,998,99.8,99.8,99.8,70.0060452,12,7
26938,52,119,1-52-2022-119-09,9,2,4S3BG6856X76,17,523,2232,15,0,48,34,1999,6,1,2,0,1,B,2,1440,5,9999,9,0,998,5,56,1,0,0,995,0,0,0,59102,9,9,2,4,4,2,2,1,1,1,1,2,0,0,1,1,1,2,9,0,5,3,53,1,1,1,2,D,21,0,0,0,0,0,0,0,0,0,0,95,95,0,0,0,1,3,31,31,0,61670,998,0,33,0,4,95,95,95,95,0,995,9.8,998,998,998,99.8,99.8,99.8,70.0060452,12,7
26938,52,119,1-52-2022-119-09,9,3,2G1WF5E34C13,17,467,1833,13,0,20,2,2012,4,1,4,0,1,B,9,1658,5,9999,9,0,998,5,56,1,0,0,995,0,0,0,59102,9,9,2,4,4,2,2,1,1,1,1,2,0,0,1,1,1,2,9,0,5,3,53,1,1,1,6,M,98,0,0,0,0,0,0,0,0,0,0,95,95,0,0,0,2,0,999,999,999,9999999,999,999,999,9,0,95,95,95,95,0,995,9.8,998,998,998,99.8,99.8,99.8,70.0060452,12,7
26938,52,119,1-52-2022-119-09,9,4,2FMPK4J92KBB,17,460,1797,7,0,12,424,2019,15,3,15,0,1,B,9,1875,5,9999,9,0,998,5,56,1,0,0,995,0,0,0,59101,9,9,2,4,4,2,2,1,1,1,1,2,0,0,1,1,1,2,9,0,5,3,53,1,1,1,6,M,98,0,0,0,0,0,0,0,0,0,0,95,95,0,0,0,3,0,999,999,999,9999999,999,999,999,9,0,95,95,95,95,0,995,9.8,998,998,998,99.8,99.8,99.8,70.0060452,12,7
26939,52,120,1-52-2022-120-07,7,1,2G1WL52M8T11,17,467,9064,13,0,20,20,1996,4,1,3,0,1,R,1,1532,5,0,1,1,12,2,56,1,0,0,995,0,0,0,59102,9,9,3,4,2,1,2,1,1,1,0,0,0,0,1,1,0,0,9,0,1,2,17,99,1,1,5,L,87,0,0,0,0,0,0,0,0,0,0,180,100,0,0,0,1,1,17,-8,-15,18423,998,-84,15,0,4,0,0,0,0,0,995,9.8,998,998,998,99.8,99.8,99.8,90.49079691,12,7
26939,52,120,1-52-2022-120-07,7,2,JF2GPAVC1EH2,17,523,2236,7,0,48,403,2014,14,3,14,0,1,F,1,1425,5,0,1,1,7,2,56,1,0,0,995,0,0,0,59101,9,9,3,5,5,1,2,1,1,1,0,3,0,0,1,1,0,0,9,0,1,4,71,4,1,1,5,L,86,0,0,0,0,0,0,0,0,0,0,100,180,0,0,0,1,1,19,-14,12,37935,998,103,20,0,4,0,0,0,0,0,995,9.8,998,998,998,99.8,99.8,99.8,90.49079691,12,7
26940,59,56,1-59-2022-056-04,4,1,1C6SRFGT5KN6,17,496,13620,60,0,7,482,2019,34,5,31,0,1,F,1,2327,5,0,1,3,12,2,113,1,8,0,995,0,7,0,47802,1,2,0,1,2,1,2,2,2,1,1,3,2,3,2,2,0,0,9,1,14,2,13,3,3,4,1,A,2,0,0,0,0,0,0,0,0,0,0,998,998,0,0,0,1,12,999,999,999,9999999,999,999,999,6,0,0,0,0,0,0,998,3.0,999,999,999,99.9,99.9,99.9,1010.443233,6,7
26941,59,57,1-59-2022-057-01,1,1,JTDKARFU9H35,17,448,2209,5,0,49,46,2017,6,1,3,0,1,L,1,1390,5,0,1,1,6,2,48,1,0,1,0,2,0,0,47804,1,2,2,4,2,1,2,1,1,2,1,2,0,0,1,1,2,2,9,0,1,2,17,99,1,1,5,L,89,0,0,0,0,0,0,0,0,0,0,280,0,0,0,0,1,1,23,0,23,40994,998,-89,22,0,4,4,41,1,1,0,995,0.0,8,8,120,0.8,0.3,0.8,63.48521921,6,7
26941,59,57,1-59-2022-057-01,1,2,3GNAXJEV3JS5,17,467,1847,7,0,20,404,2018,14,3,14,0,1,F,1,1508,5,0,1,1,6,2,80,1,8,0,995,0,7,0,47802,7,2,2,1,2,1,2,2,1,1,1,4,0,0,1,1,0,0,1,0,1,4,66,1,1,1,5,L,88,0,0,0,0,0,0,0,0,0,0,0,280,0,0,0,1,1,21,-21,-4,30546,998,-36,22,0,1,1,1,0,4,0,995,9.8,998,998,998,99.8,99.8,99.8,63.48521921,6,7
26942,10,132,1-10-2022-132-08,8,1,1N4AA5AP8CC8,17,478,2302,13,0,35,39,2012,4,1,4,0,1,R,3,1630,5,0,1,1,17,2,105,1,0,1,0,2,0,2,45014,2,2,0,1,3,3,2,2,1,9,3,2,1,3,1,2,0,0,1,1,1,1,6,99,1,4,3,I,64,0,0,0,0,0,0,0,0,0,0,305,195,0,0,0,1,1,48,-31,-37,239127,998,159,41,0,4,3,10,1,3,0,995,2.7,999,999,999,0.0,0.0,0.0,167.6844702,4,7
26942,10,132,1-10-2022-132-08,8,2,5TDBT44A25S2,17,448,2827,7,0,49,422,2005,15,3,15,0,1,F,2,2390,5,0,1,1,17,2,105,1,0,0,995,0,0,0,45405,2,2,0,1,4,2,2,2,1,9,3,3,0,3,1,2,0,0,1,0,1,4,62,99,1,1,3,I,65,0,0,0,0,0,0,0,0,0,0,195,305,0,0,0,1,1,31,-29,11,218000,998,75,42,0,4,1,1,0,4,0,995,2.7,999,999,999,0.0,0.0,0.0,167.6844702,4,7
26943,52,118,1-52-2022-118-04,4,1,1J4FJ68S1TL2,17,483,1945,7,0,2,404,1996,14,3,14,0,1,R,2,1406,5,0,1,1,6,2,40,1,0,0,995,0,0,0,59102,9,9,2,4,4,2,2,1,1,1,1,2,0,0,1,1,1,2,9,0,1,2,17,99,1,1,4,K,83,0,0,0,0,0,0,0,0,0,0,0,225,0,0,0,1,1,26,-22,-13,39273,998,78,22,0,4,0,0,0,99,0,995,9.8,998,998,998,99.8,99.8,99.8,51.34758917,12,7
26943,52,118,1-52-2022-118-04,4,2,JN8AY2NCXJ95,17,478,1915,7,0,35,421,2018,15,3,15,0,1,F,1,2684,5,0,1,1,6,2,40,1,0,0,995,0,0,0,59106,1,2,2,3,3,2,2,1,1,1,1,1,0,0,1,1,1,2,1,0,11,4,66,1,1,1,4,K,82,0,0,0,0,0,0,0,0,0,0,225,0,0,0,0,1,1,14,-14,2,39273,998,81,17,0,4,0,0,0,0,0,995,9.8,998,998,998,99.8,99.8,99.8,51.34758917,12,7
26944,22,23,1-22-2022-023-08,8,1,3B7KF23631G2,17,476,1938,60,0,7,482,2001,34,5,31,0,1,T,3,2673,5,0,1,1,13,2,89,1,1,1,203,2,1,2,99403,1,2,0,4,2,1,2,1,3,1,1,2,0,0,2,1,0,0,3,1,14,1,6,7,4,4,1,A,2,1,6,2,2,1,3,61,1,1,26,997,997,0,1,0,1,6,999,999,999,9999999,999,999,999,8,0,3,22,1,3,3,997,9.8,998,998,998,99.8,99.8,99.8,243.5286561,12,7
26945,73,78,1-73-2022-078-07,7,1,2T1BU4EE3DC0,17,448,2208,13,0,49,32,2013,4,1,2,0,1,F,1,1260,5,0,1,4,14,2,72,1,8,0,995,0,7,0,04345,9,9,0,4,2,1,2,1,3,4,0,2,0,0,1,1,0,0,3,1,14,2,13,99,2,4,1,A,1,0,0,0,0,0,0,0,0,0,0,998,998,0,1,5,1,12,999,999,999,9999999,999,999,999,6,0,0,0,0,0,0,998,0.0,16,16,120,13.3,7.6,15.1,101.5133642,3,7
26947,15,31,1-15-2022-031-04,4,1,1C4RJFBG9JC4,17,483,1949,7,0,2,422,2018,15,3,15,0,1,R,1,2211,5,9999,9,1,7,2,48,1,8,9,998,8,7,9,11561,1,2,2,4,5,2,2,1,1,1,3,2,0,0,5,99,0,0,9,0,11,2,15,99,1,1,4,J,68,0,0,0,0,0,0,0,0,0,0,210,65,0,0,0,1,3,7,-6,-3,7397,998,114,7,0,4,99,99,0,0,0,995,9.8,998,998,998,99.8,99.8,99.8,445.3043003,1,7
26947,15,31,1-15-2022-031-04,4,2,1GKKNULS5MZ1,17,472,1855,7,0,23,423,2021,15,3,15,0,1,F,1,1923,5,9999,9,0,998,5,48,1,8,9,998,8,7,9,11572,9,9,2,4,5,2,2,1,1,1,3,2,0,0,5,99,0,0,9,0,1,4,62,99,9,1,4,J,69,0,0,0,0,0,0,0,0,0,0,65,210,0,0,0,1,3,8,-8,0,4013,998,0,7,0,4,95,95,95,95,0,995,9.8,998,998,998,99.8,99.8,99.8,445.3043003,1,7
26948,18,69,1-18-2022-069-06,6,1,1GKUKCE01AR1,17,472,1859,7,0,23,421,2010,15,3,15,0,1,F,1,2511,5,0,1,1,16,2,72,1,0,0,995,0,0,0,54729,1,2,2,1,3,2,1,1,1,1,1,3,0,0,1,1,1,2,1,0,1,4,62,3,2,1,4,J,69,0,0,0,0,0,0,0,0,0,0,140,300,1,0,0,1,5,999,999,999,9999999,999,999,999,1,0,0,0,0,0,0,995,9.8,998,998,998,99.8,99.8,99.8,400.3884366,6,7
26948,18,69,1-18-2022-069-06,6,2,2FMDK3J91DBA,17,460,1797,7,0,12,24,2013,6,1,4,0,1,R,1,1852,5,0,1,1,30,2,72,1,0,0,995,0,0,0,54701,1,2,2,1,1,1,1,1,1,1,0,2,0,0,1,1,1,2,1,0,11,2,15,2,1,1,4,J,68,0,0,0,0,0,0,0,0,0,0,300,140,0,0,0,1,5,999,999,999,9999999,999,999,999,2,0,1,1,0,6,0,995,9.8,998,998,998,99.8,99.8,99.8,400.3884366,6,7
26949,18,70,1-18-2022-070-04,4,1,2T3RFREV6JW7,17,448,2217,7,0,49,402,2018,14,3,14,0,1,R,1,1610,5,0,1,3,18,2,72,1,0,0,995,0,0,0,54703,1,2,2,3,1,1,1,1,1,2,1,2,0,0,1,1,1,2,2,0,11,2,15,1,1,1,4,K,76,0,0,0,0,0,0,0,0,0,0,30,0,0,0,0,1,12,999,999,999,9999999,999,999,999,6,0,0,0,0,0,0,995,9.8,998,998,998,99.8,99.8,99.8,847.3778834,6,7
26949,18,70,1-18-2022-070-04,4,2,1C6RR7FT5HS8,17,496,13620,60,0,7,482,2017,34,5,31,0,1,L,9,2305,5,9999,9,0,998,5,72,1,0,0,995,0,0,0,54757,9,9,2,1,2,2,1,1,1,1,3,0,0,0,1,1,1,2,1,0,1,2,17,99,1,1,4,K,77,0,0,0,0,0,0,0,0,0,0,0,30,0,0,0,1,0,999,999,999,9999999,999,999,999,9,0,95,95,95,95,0,995,9.8,998,998,998,99.8,99.8,99.8,847.3778834,6,7
26950,17,74,1-17-2022-074-07,7,1,WBA1M5C59GV7,17,452,2171,1,0,34,48,2016,1,1,3,0,1,R,1,1600,5,0,1,1,6,2,24,1,9,0,995,0,9,0,60047,9,9,2,4,2,1,1,1,1,1,0,0,0,0,1,1,2,2,9,0,1,2,17,99,1,1,5,L,87,0,0,0,0,0,0,0,0,0,0,5,275,0,0,0,1,3,4,-1,-4,3337,998,208,4,0,4,0,0,0,0,0,995,9.8,998,998,998,99.8,99.8,99.8,329.3742848,4,7
26950,17,74,1-17-2022-074-07,7,2,2HGFG3B89EH5,17,474,1863,3,0,37,31,2014,2,1,2,0,1,F,1,1304,5,9999,9,0,998,5,48,1,9,0,995,0,9,0,61265,9,9,2,3,2,2,2,1,1,1,3,0,0,0,1,1,0,0,9,0,1,4,66,99,1,1,5,L,86,0,0,0,0,0,0,0,0,0,0,275,5,0,0,0,1,3,5,-5,1,1438,998,37,5,0,4,95,95,95,95,0,995,9.8,998,998,998,99.8,99.8,99.8,329.3742848,4,7
26951,17,75,1-17-2022-075-10,10,1,2GCEK19T0213,17,467,1850,60,0,20,481,2002,34,5,31,0,1,F,1,2151,5,9999,9,5,11,2,48,1,0,0,995,0,0,0,61265,1,9,2,1,3,3,1,1,3,1,2,3,0,0,1,1,1,2,1,0,14,2,17,2,1,1,4,K,83,0,0,0,0,0,0,0,0,0,0,140,20,0,0,0,1,3,7,-7,-2,4232,998,-82,6,0,4,0,0,0,0,0,995,9.8,998,998,998,99.8,99.8,99.8,674.8375401,4,7
26951,17,75,1-17-2022-075-10,10,2,3G5DA03LX7S5,17,468,4955,7,0,18,401,2007,14,3,14,0,1,L,1,1792,5,9999,9,1,9,2,48,1,0,0,995,0,0,0,61201,9,9,2,5,3,1,1,1,3,1,1,2,0,0,1,1,1,2,9,0,11,4,66,99,1,1,4,K,82,0,0,0,0,0,0,0,0,0,0,20,140,0,0,0,1,3,9,-7,6,6974,998,35,10,0,4,1,3,0,4,0,995,9.8,998,998,998,99.8,99.8,99.8,674.8375401,4,7