CASEID,PSU,CASENO,CASENUMBER,CATEGORY,VEHNO,VIN,VINLENGTH,VPICMAKE,VPICMODEL,VPICBODYCLASS,ICFINALBODY,MAKE,MODEL,MODELYR,BODYTYPE,BODYCAT,VEHCLASS,SPECUSE,TRANSTAT,DAMPLANE,DAMSEV,CURBWT,CURBSRC,CARGOWT,CARGOSRC,INSPTYPE,INSPLAG,TOWED,SPEEDLIMIT,DRPRESENT,PARALCOHOL,ALCTEST,ALCTESTRESULT,ALCTESTSRC,PARDRUG,DRUGTEST,ZIP,RACE,ETHNICITY,RELTOJUNCT,TRAFFLOW,RDLANES,INITLANE,SURFTYPE,SURFCOND,ALIGNMENT,PROFILE,LINERIGHT,LINELEFT,RUMBINIT,RUMBROAD,LIGHTCOND,WEATHER,TRAFDEV,TRAFFUNCT,DISTRACT,PREFHE,PREMOVE,CRITCAT,CRITEVENT,MANEUVER,PRESTAB,PRELOC,CRASHCAT,CRASHCONF,CRASHTYPE,ROLLTYPE,ROLLTURN,ROLLINTRPT,ROLLPREMAN,ROLLINITYP,ROLLINLOC,ROLLOBJ,ROLLTRIP,ROLLDIR,ROLLDIST,DVANGTHIS,DVANGOTH,TOWHITCH,TRAJDOC,TREEPOLE,DVEVENT,DVBASIS,DVTOTAL,DVLONG,DVLAT,DVENERGY,DVSPEED,DVMOMENT,DVBES,DVEST,DVCONF,VAIS,VISS,VINJURED,VTREAT,INITOBJCLASS,HEADANGLECAT,SHLDRWIDTH,STRKLENGTH,STRKWIDTH,STRKHEIGHT,EDGEDISTX,EDGEDISTY,EDGEDISTZ,CASEWGT,PSUSTRAT,VERSION
27175,30,87,1-30-2022-087-04,4,2,1G1BE5SM8J72,17,467,1832,13,0,20,25,2018,4,1,3,0,1,F,9,1250,5,9999,9,0,998,5,64,1,0,0,995,0,0,0,85008,9,9,2,1,3,3,2,1,1,1,3,1,0,0,1,1,1,2,1,0,1,4,66,99,1,1,5,L,86,0,0,0,0,0,0,0,0,0,0,80,170,0,0,0,1,0,999,999,999,9999999,999,999,999,9,0,95,95,95,95,0,995,9.8,998,998,998,99.8,99.8,99.8,2655.562104,10,7
27176,20,172,1-20-2022-172-03,3,1,999999999999,99,460,1800,7,0,12,401,2017,14,3,14,5,1,F,1,2146,8,9999,9,0,998,7,56,1,0,0,995,0,0,0,93940,3,9,2,4,5,2,2,1,1,4,1,1,0,0,1,1,1,2,2,0,1,2,17,1,1,1,5,L,88,0,0,0,0,0,0,0,0,0,0,340,250,0,0,0,1,3,9,-6,-7,7425,998,-175,6,0,4,0,0,0,0,0,995,9.8,998,998,998,99.8,99.8,99.8,54.28956412,11,7
27176,20,172,1-20-2022-172-03,3,2,4S4BSENC2K33,17,523,2233,7,0,48,45,2019,6,1,3,0,1,L,1,1744,5,0,1,1,27,2,48,1,0,0,995,0,0,0,93940,1,9,2,4,5,1,2,1,1,1,0,1,0,0,1,1,1,2,1,0,1,4,66,4,1,1,5,L,89,0,0,0,0,0,0,0,0,0,0,250,340,0,0,0,1,3,11,-8,7,17297,998,15,16,0,4,9,97,0,99,0,995,9.8,998,998,998,99.8,99.8,99.8,54.28956412,11,7
27176,20,172,1-20-2022-172-03,3,3,WA1LAAF7XKD0,17,582,3679,7,0,32,422,2019,15,3,15,0,1,F,1,2240,5,0,2,4,28,7,56,1,0,0,995,0,0,0,93908,1,2,2,4,3,2,2,1,1,2,1,2,0,0,1,1,1,2,1,0,5,4,66,2,1,1,6,M,98,0,0,0,0,0,0,0,0,0,0,150,290,0,0,0,3,12,999,999,999,9999999,999,999,999,6,0,0,0,0,6,0,995,9.8,998,998,998,99.8,99.8,99.8,54.28956412,11,7
27176,20,172,1-20-2022-172-03,3,4,SAJWA51A56WE,17,442,2313,13,0,39,36,2006,4,1,3,0,1,L,1,1595,5,0,1,1,27,2,56,1,0,0,995,0,0,0,93940,1,9,2,4,3,1,2,1,1,2,0,1,0,0,1,1,1,2,1,0,5,4,66,99,1,1,6,M,98,0,0,0,0,0,0,0,0,0,0,150,290,0,0,0,4,3,11,-9,7,12214,998,-52,13,0,4,0,0,0,0,0,995,9.8,998,998,998,99.8,99.8,99.8,54.28956412,11,7
27177,77,76,1-77-2022-076-06,6,1,WBA4P1C52HK5,17,452,13828,3,0,34,47,2017,2,1,4,0,1,L,2,1649,5,0,1,1,14,2,113,1,1,1,348,1,1,2,22911,9,9,0,1,2,2,2,1,1,9,3,2,1,3,1,1,0,0,3,1,1,2,12,99,1,4,1,B,6,1,6,1,2,1,4,61,1,1,999,997,997,0,0,0,2,6,999,999,999,9999999,999,999,999,7,0,1,1,0,4,3,997,9.9,999,999,999,99.9,99.9,99.9,1317.500157,9,7
27179,24,106,1-24-2022-106-02,2,1,2FMPK4J96NBA,17,460,1797,7,0,12,424,2022,15,3,15,0,1,L,3,1875,5,9999,9,4,112,2,72,1,1,1,90,2,0,1,19703,2,2,2,4,2,1,2,1,1,1,0,2,0,0,2,1,2,2,9,0,1,2,17,1,1,1,5,L,89,1,2,2,2,1,2,61,1,1,5,220,310,0,0,0,1,3,44,-8,43,226411,998,-23,54,0,4,2,5,0,3,3,995,0.0,10,10,999,1.2,0.1,1.2,85.32753996,1,7
27179,24,106,1-24-2022-106-02,2,2,3CZRU6H36JG7,17,474,9212,7,0,37,404,2018,14,3,14,0,1,F,3,1389,5,0,1,1,18,2,80,1,0,1,0,2,1,2,08215,1,2,2,4,2,1,2,1,1,1,1,4,0,0,2,1,0,0,1,0,1,4,66,2,1,1,5,L,88,0,0,0,0,0,0,0,0,0,0,310,220,0,0,0,1,3,58,-57,-10,123238,998,-33,45,0,4,1,3,0,4,0,995,9.8,998,998,998,99.8,99.8,99.8,85.32753996,1,7
27180,24,107,1-24-2022-107-01,1,1,1FTWX31P25EA,17,460,1806,60,0,12,880,2005,67,8,60,0,1,F,9,,,,,,,2,64,1,0,0,995,0,0,0,08234,9,9,2,4,3,1,2,1,1,1,1,2,0,0,1,1,1,2,1,0,1,2,17,99,1,1,4,J,69,,,,,,,,,,,,,,,,,,,,,,,,,,,95,95,95,95,,,9.8,998,998,998,99.8,99.8,99.8,177.7710636,1,7
27180,24,107,1-24-2022-107-01,1,2,JHMGE8H37CC0,17,474,2127,5,0,37,39,2012,5,1,1,0,1,R,2,1121,5,0,1,5,63,2,64,1,0,0,995,0,0,0,08232,1,2,2,4,3,2,2,1,1,1,1,2,0,0,1,1,1,2,1,0,11,2,15,99,1,1,4,J,68,0,0,0,0,0,0,0,0,0,0,350,240,0,0,0,1,5,999,999,999,9999999,999,999,999,7,0,5,33,1,1,0,995,9.8,998,998,998,99.8,99.8,99.8,177.7710636,1,7
27181,54,72,1-54-2022-072-04,4,1,5TFAX5GN9JX1,17,448,2223,60,0,49,472,2018,34,5,31,0,1,T,1,1775,5,0,1,1,21,2,64,1,0,0,995,0,0,0,35543,1,2,0,4,2,1,2,1,2,1,0,0,0,0,2,1,0,0,9,1,14,2,12,4,1,4,1,B,6,1,2,2,2,1,4,61,1,2,15,997,997,0,1,0,1,6,999,999,999,9999999,999,999,999,6,0,0,0,0,0,3,997,9.8,998,998,998,99.8,99.8,99.8,2072.745481,9,7
27182,54,73,1-54-2022-073-05,5,1,4A4AP4AU4EE0,17,481,13867,7,0,52,47,2014,6,1,3,0,1,L,1,1420,8,0,1,1,4,2,72,1,0,0,995,0,0,0,35565,1,9,2,4,3,2,2,1,1,1,1,2,0,0,1,1,2,2,2,0,11,2,15,99,1,1,4,K,82,1,2,2,5,7,1,2,2,1,9,140,230,0,0,0,1,1,21,-4,21,13912,998,-26,15,0,1,2,6,0,4,1,995,9.8,998,998,998,99.8,99.8,99.8,110.5370036,9,7
27182,54,73,1-54-2022-073-05,5,2,1FAFP53U65A3,17,460,1782,13,0,12,17,2005,4,1,3,0,1,F,1,1500,5,0,1,1,6,2,72,1,0,0,995,0,0,0,35570,1,9,2,1,3,3,2,1,1,4,3,4,0,2,1,1,0,0,9,0,1,4,67,99,1,1,4,K,83,0,0,0,0,0,0,0,0,0,0,230,140,0,0,0,1,1,19,-19,-3,40146,998,-34,24,0,1,1,2,0,4,0,995,9.8,998,998,998,99.8,99.8,99.8,110.5370036,9,7
27183,59,65,1-59-2022-065-03,3,1,5J8TB4H3XFL0,17,475,1871,7,0,54,402,2015,14,3,14,0,1,F,2,1749,5,0,1,1,2,2,48,1,0,0,995,0,0,0,46375,9,9,2,3,2,2,2,1,1,1,1,0,0,0,3,1,1,2,9,0,1,2,17,98,1,1,5,L,88,0,0,0,0,0,0,0,0,0,0,998,998,0,1,1,4,1,35,-35,0,89652,998,-12,35,0,4,0,0,0,0,0,998,0.0,33,33,120,0.4,0.1,0.4,231.3691224,6,7
27183,59,65,1-59-2022-065-03,3,2,1C4HJXENXKW6,17,483,1943,7,0,2,403,2019,14,3,14,0,1,L,1,1999,5,0,1,1,2,2,48,1,0,0,995,0,0,0,47803,1,2,2,4,2,1,2,1,1,1,0,2,0,0,3,1,1,2,9,0,1,4,66,4,1,1,5,L,89,0,0,0,0,0,0,0,0,0,0,190,280,0,1,0,1,3,6,-4,5,7009,998,-26,9,0,4,1,1,0,4,0,995,0.0,30,30,120,2.2,0.4,2.2,231.3691224,6,7
27184,12,50,1-12-2022-050-03,3,1,KL8CB6SA9LC4,17,467,1836,5,0,20,29,2020,5,1,1,0,1,F,2,1019,5,0,1,1,14,2,72,1,0,0,995,0,0,0,73401,9,9,0,4,2,1,2,1,1,1,0,2,0,0,2,1,0,0,9,1,1,2,12,1,1,4,1,B,6,0,0,0,0,0,0,0,0,0,0,998,998,0,0,7,1,98,999,999,999,9999999,999,999,999,7,0,99,99,0,99,0,998,0.0,999,999,999,0.0,0.0,0.0,1588.693245,9,7
27185,17,87,1-17-2022-087-04,4,1,6G2ER57719L1,17,536,4264,13,0,22,24,2009,4,1,5,0,1,F,1,1762,5,9999,9,0,998,5,72,1,0,0,995,0,0,0,61282,9,9,2,1,2,1,1,1,1,1,1,3,0,0,1,1,1,2,9,0,1,3,50,99,1,1,2,D,20,0,0,0,0,0,0,0,0,0,0,100,105,0,0,0,1,3,14,-14,-2,16407,998,-41,15,0,4,95,95,95,95,0,995,9.8,998,998,998,99.8,99.8,99.8,284.69228,4,7
27185,17,87,1-17-2022-087-04,4,2,5FNYF6H31LB0,17,474,1864,7,0,37,421,2020,15,3,15,0,1,B,1,1932,5,0,1,1,7,2,72,1,0,0,995,0,0,0,61282,9,9,2,1,2,1,1,1,1,1,1,3,0,0,1,1,1,2,9,0,5,3,53,1,1,1,2,D,21,0,0,0,0,0,0,0,0,0,0,105,100,0,0,0,1,3,12,12,0,12452,998,63,12,0,4,99,99,0,99,0,995,9.8,998,998,998,99.8,99.8,99.8,284.69228,4,7
27187,17,89,1-17-2022-089-06,6,1,2G2WS5226412,17,536,4262,13,0,22,20,2004,4,1,4,0,1,F,2,1577,5,9999,9,0,998,2,72,1,9,0,995,0,9,0,61486,1,2,2,1,3,3,1,1,1,1,1,2,0,0,1,1,1,2,2,0,11,2,15,1,1,1,4,J,68,0,0,0,0,0,0,0,0,0,0,75,285,0,0,0,1,3,38,-35,-13,134246,998,-82,40,0,4,1,1,0,5,0,995,9.8,998,998,998,99.8,99.8,99.8,215.9873408,4,7
27187,17,89,1-17-2022-089-06,6,2,1G1ZE5ST8GF2,17,467,1834,13,0,20,37,2016,4,1,4,0,1,F,2,1400,5,0,1,1,11,2,72,1,9,0,995,0,9,0,61241,9,9,2,1,2,1,1,1,2,1,1,3,0,0,1,1,1,2,9,0,14,4,62,2,1,1,4,J,69,0,0,0,0,0,0,0,0,0,0,285,75,0,0,0,1,3,38,-37,7,79267,998,37,34,0,4,9,97,0,8,0,995,9.8,998,998,998,99.8,99.8,99.8,215.9873408,4,7
27188,48,28,1-48-2022-028-06,6,1,3VW517AT4FM8,17,482,8119,1,0,30,47,2015,1,1,2,0,1,T,1,1463,5,0,1,1,8,2,40,1,0,0,995,0,0,0,84337,9,9,0,4,2,1,2,1,1,1,0,0,0,0,1,1,0,0,3,1,1,2,13,1,1,4,1,A,1,1,4,2,2,2,4,54,4,2,25,997,997,0,1,0,3,6,999,999,999,9999999,999,999,999,6,0,99,99,0,5,3,997,0.0,14,8,120,4.7,0.7,4.7,621.5186639,12,7
27189,19,132,1-19-2022-132-03,3,1,4T1B11HK4JU6,17,448,2469,13,0,49,40,2018,4,1,4,0,1,L,2,1520,5,0,1,3,9,2,40,1,0,0,995,0,0,0,36203,1,2,2,4,3,1,2,1,1,1,0,1,0,0,1,1,1,2,1,0,1,2,17,4,1,1,5,L,89,0,0,0,0,0,0,0,0,0,0,40,120,0,0,0,1,3,29,-10,27,83818,998,32,36,0,4,1,1,0,4,0,995,9.8,998,998,998,99.8,99.8,99.8,80.73587913,9,7
27189,19,132,1-19-2022-132-03,3,2,2FMDK48C99BA,17,460,1797,7,0,12,24,2009,6,1,4,0,1,F,1,1853,5,0,1,1,9,2,40,1,0,0,995,0,0,0,35906,1,9,2,4,4,2,2,1,1,1,3,2,0,0,1,1,1,2,9,0,1,2,17,2,1,1,5,L,88,0,0,0,0,0,0,0,0,0,0,120,40,0,1,0,1,3,24,-21,-12,33750,998,-101,17,0,4,1,1,0,4,0,995,0.0,120,17,64,3.8,2.4,4.4,80.73587913,9,7
27190,19,133,1-19-2022-133-07,7,1,3KPFL4A7XHE1,17,499,2462,13,0,63,38,2017,4,1,3,0,1,R,1,1318,5,0,1,1,5,2,64,1,0,0,995,0,0,0,35956,9,1,2,4,2,1,2,1,1,1,1,2,0,0,1,1,0,0,9,0,11,2,15,99,1,1,4,J,68,0,0,0,0,0,0,0,0,0,0,200,80,0,0,0,1,3,14,-5,-14,23818,998,137,14,0,4,0,0,0,0,0,995,9.8,998,998,998,99.8,99.8,99.8,546.3218549,9,7
27190,19,133,1-19-2022-133-07,7,2,JN8AY2NF1H93,17,478,1915,7,0,35,421,2017,15,3,15,0,1,F,1,2684,5,9999,9,0,998,5,64,1,0,0,995,0,0,0,35956,9,9,2,4,2,1,2,1,1,1,1,2,0,0,1,1,0,0,9,0,1,4,62,99,1,1,4,J,69,0,0,0,0,0,0,0,0,0,0,80,200,0,0,0,1,3,8,-8,-1,9005,998,-38,9,0,4,95,95,95,95,0,995,9.8,998,998,998,99.8,99.8,99.8,546.3218549,9,7
27190,19,133,1-19-2022-133-07,7,3,2GCEK19T1212,17,467,1850,60,0,20,481,2002,34,5,31,0,1,F,9,2151,5,9999,9,0,998,5,56,1,0,0,995,0,0,0,35954,9,9,2,4,2,1,2,1,1,1,1,2,0,0,1,1,0,0,9,0,5,4,66,1,1,1,6,M,98,0,0,0,0,0,0,0,0,0,0,350,250,0,0,0,2,0,999,999,999,9999999,999,999,999,9,0,95,95,95,95,0,995,9.8,998,998,998,99.8,99.8,99.8,546.3218549,9,7
27191,19,134,1-19-2022-134-03,3,1,5NPD84LF0JH3,17,498,2735,13,0,55,35,2018,4,1,3,0,1,F,1,1275,5,0,1,1,16,2,72,1,0,0,995,0,0,0,35906,1,2,2,1,4,4,2,1,1,1,1,2,0,0,1,1,1,2,2,0,11,2,15,1,1,1,4,J,68,0,0,0,0,0,0,0,0,0,0,90,320,0,0,0,1,1,16,-16,3,10320,998,8,14,0,1,1,1,0,4,0,995,9.8,998,998,998,99.8,99.8,99.8,80.73587913,9,7
27191,19,134,1-19-2022-134-03,3,2,1N4BL4BV7NN4,17,478,1904,13,0,35,47,2022,4,1,4,0,1,L,1,1558,5,0,1,1,6,2,72,1,0,0,995,0,0,0,35901,1,9,2,1,6,3,2,1,1,1,3,1,0,0,1,1,1,2,1,1,1,4,62,8,1,2,4,J,69,0,0,0,0,0,0,0,0,0,0,320,90,0,0,0,1,1,13,-7,12,19854,998,-93,15,0,1,0,0,0,0,0,995,9.8,998,998,998,99.8,99.8,99.8,80.73587913,9,7
27192,19,135,1-19-2022-135-07,7,1,1HGCR2F38GA1,17,474,1861,13,0,37,32,2016,4,1,4,0,1,F,1,1496,5,0,1,1,4,2,56,1,1,1,160,1,0,0,35904,1,9,2,4,2,1,2,1,1,1,0,2,0,0,3,1,2,2,9,0,1,3,52,99,1,1,2,D,28,0,0,0,0,0,0,0,0,0,0,70,70,0,1,0,1,5,999,999,999,9999999,999,999,13,2,0,0,0,0,0,0,995,9.8,998,998,998,99.8,99.8,99.8,546.3218549,9,7
27192,19,135,1-19-2022-135-07,7,2,JH2PC40J8KK5,17,474,14060,80,0,37,705,2019,80,9,80,0,1,B,9,,,,,,,3,56,1,0,0,995,0,0,0,35904,9,9,2,4,2,1,2,1,1,1,0,2,0,0,3,1,2,2,9,0,2,3,53,99,1,1,2,D,29,,,,,,,,,,,,,,,,,,,,,,,,,,,95,95,95,95,,,9.8,998,998,998,99.8,99.8,99.8,546.3218549,9,7
27193,11,56,1-11-2022-056-03,3,1,KMHFC46F16A0,17,498,2771,13,0,55,39,2006,4,1,4,0,1,R,1,1648,5,0,1,1,13,2,56,1,0,0,995,0,0,0,23114,9,9,2,3,1,1,2,1,1,1,0,0,0,0,1,1,2,2,2,0,1,2,17,99,1,1,5,L,87,0,0,0,0,0,0,0,0,0,0,270,190,0,0,0,1,1,17,-8,-15,14277,998,18,15,0,1,99,99,0,99,0,995,9.8,998,998,998,99.8,99.8,99.8,986.1221508,8,7
27193,11,56,1-11-2022-056-03,3,2,5FNYF7H57MB0,17,474,5959,7,0,37,422,2021,15,3,15,0,1,F,1,1890,5,0,1,1,12,2,56,1,0,0,995,0,0,0,23112,3,9,2,1,2,1,2,1,1,1,0,3,0,0,1,1,0,0,9,0,1,4,66,2,2,1,5,L,86,0,0,0,0,0,0,0,0,0,0,190,270,0,0,0,1,1,15,-11,10,32011,998,114,16,0,1,1,1,0,4,0,995,9.8,998,998,998,99.8,99.8,99.8,986.1221508,8,7
27194,11,57,1-11-2022-057-10,10,1,1G6DS57V6901,17,469,1825,13,0,19,18,2009,4,1,4,0,1,F,1,1751,5,9999,9,4,16,3,72,1,1,0,995,0,0,0,23831,9,9,2,4,2,1,2,2,1,2,1,2,0,0,2,2,2,2,9,0,1,2,14,99,9,4,1,C,14,0,0,0,0,0,0,0,0,0,0,998,998,0,0,0,1,12,999,999,999,9999999,999,999,999,6,0,0,0,0,0,0,998,0.0,999,999,999,5.3,1.4,3.2,18009.6321,8,7
27195,13,101,1-13-2022-101-08,8,1,JHLRD1844VC0,17,474,1865,7,0,37,402,1997,14,3,14,0,1,F,2,1397,5,0,1,1,11,2,105,1,8,0,995,0,7,0,76006,2,9,1,2,4,3,1,1,1,9,3,3,0,0,1,8,0,0,9,1,1,1,9,99,3,4,1,A,2,0,0,0,0,0,0,0,0,0,0,998,998,0,0,0,1,1,39,-39,7,92059,998,34,39,0,1,9,97,0,8,0,998,5.9,999,999,999,0.0,0.0,0.0,1417.932411,7,7
27196,13,102,1-13-2022-102-06,6,1,3AKJGLD57ESF,17,450,2501,66,0,82,881,2014,66,8,68,0,1,F,9,,,,,,,5,80,1,8,0,995,0,7,0,78721,9,9,1,3,1,1,2,1,1,1,1,2,0,0,1,1,0,0,9,0,1,3,50,99,1,1,2,D,20,,,,,,,,,,,,,,,,,,,,,,,,,,,95,95,95,95,,,9.8,998,998,998,99.8,99.8,99.8,3068.784579,7,7
27196,13,102,1-13-2022-102-06,6,2,JM3KE4CY2G06,17,473,2369,7,0,41,403,2016,14,3,14,0,1,B,1,1556,5,0,1,1,22,2,80,1,8,0,995,0,7,0,76063,1,9,1,3,1,1,1,1,1,1,1,2,0,0,1,1,0,0,1,0,5,3,53,1,1,1,2,D,21,0,0,0,0,0,0,0,0,0,0,355,355,0,0,0,1,5,999,999,999,9999999,999,999,14,2,0,1,2,0,4,0,995,9.8,998,998,998,99.8,99.8,99.8,3068.784579,7,7
27196,13,102,1-13-2022-102-06,6,3,3FA6P0K97ER3,17,460,1780,13,0,12,23,2014,4,1,4,0,1,B,9,1775,5,9999,9,0,998,5,80,1,8,0,995,0,7,0,75052,9,9,1,3,1,1,1,1,1,1,1,2,0,0,1,1,0,0,9,0,5,3,53,1,1,1,6,M,98,0,0,0,0,0,0,0,0,0,0,355,355,0,0,0,2,0,999,999,999,9999999,999,999,999,9,0,95,95,95,95,0,995,9.8,998,998,998,99.8,99.8,99.8,3068.784579,7,7
27197,76,78,1-76-2022-078-01,1,1,1N4AL3AP2FC1,17,478,1904,13,0,35,47,2015,4,1,4,0,1,F,3,1416,5,0,1,4,24,2,89,1,8,1,239,2,7,2,12051,1,9,0,4,2,1,2,1,1,1,1,4,1,0,5,1,0,0,9,1,6,2,10,99,1,1,3,H,58,0,0,0,0,0,0,0,0,0,0,5,200,0,0,0,1,12,999,999,999,9999999,999,999,999,8,0,3,27,1,3,0,995,9.8,998,998,998,99.8,99.8,99.8,24.37424242,3,7
27197,76,78,1-76-2022-078-01,1,2,1HGCM56374A1,17,474,1861,13,0,37,32,2004,4,1,3,0,1,F,3,1389,5,0,1,4,24,2,89,1,8,9,998,8,7,2,12413,1,9,0,4,2,1,2,1,1,1,1,4,1,0,5,1,0,0,9,0,1,4,62,99,1,1,3,H,59,0,0,0,0,0,0,0,0,0,0,200,5,0,1,0,1,12,999,999,999,9999999,999,999,999,8,0,4,41,1,1,0,995,1.0,999,999,-120,9.6,5.6,11.1,24.37424242,3,7
27198,14,75,1-14-2022-075-01,1,1,5NPDH4AE0CH1,17,498,2735,13,0,55,35,2012,4,1,3,0,1,F,3,1265,5,0,1,1,15,2,89,1,0,1,0,3,1,2,78133,1,2,0,4,2,1,2,1,1,1,1,4,0,0,1,1,0,0,9,1,1,2,10,99,1,2,3,G,50,0,0,0,0,0,0,0,0,0,0,285,115,0,1,0,1,12,999,999,999,9999999,999,999,999,8,0,4,34,1,1,0,995,9.8,998,998,998,99.8,99.8,99.8,431.4311252,8,7
27198,14,75,1-14-2022-075-01,1,2,1FTBF2B60FED,17,460,1805,60,0,12,481,2015,34,5,31,0,1,T,2,2881,5,9999,9,5,23,2,89,1,0,1,0,2,0,1,78133,1,2,0,4,2,1,2,1,1,1,1,4,0,0,1,1,0,0,9,0,1,4,62,99,1,1,3,G,51,1,4,2,5,7,1,1,3,1,24,997,997,0,1,0,2,6,999,999,999,9999999,999,999,999,7,0,3,11,1,3,1,997,9.8,998,998,998,99.8,99.8,99.8,431.4311252,8,7
27199,52,129,1-52-2022-129-09,9,1,3G4AG55M8RS6,17,468,8843,13,0,18,7,1994,4,1,3,0,1,F,2,1383,5,136,1,1,22,2,56,1,9,0,995,0,9,0,99999,9,9,2,4,2,1,2,1,1,1,1,2,0,0,2,1,2,2,9,0,1,2,14,8,1,4,1,C,14,0,0,0,0,0,0,0,0,0,0,998,998,0,1,0,1,11,999,999,999,9999999,999,999,999,7,0,99,99,0,99,0,998,0.6,120,80,-120,3.1,2.7,4.1,116.116628,12,7
27200,52,130,1-52-2022-130-03,3,1,1D7HU18D93J6,17,476,1938,60,0,7,482,2003,34,5,31,0,1,L,2,2439,5,9999,9,0,998,5,40,1,0,0,995,0,0,0,59102,9,9,2,4,2,1,2,1,1,1,0,2,0,0,1,1,2,2,9,0,1,2,17,99,1,1,5,L,89,0,0,0,0,0,0,0,0,0,0,270,0,0,0,0,1,3,25,-9,24,131876,998,-66,35,0,4,95,95,95,95,0,995,9.8,998,998,998,99.8,99.8,99.8,20.85284947,12,7
27200,52,130,1-52-2022-130-03,3,2,2HKRW2H58LH6,17,474,1865,7,0,37,402,2020,14,3,14,0,1,F,2,1580,5,0,1,1,21,2,40,1,0,0,995,0,0,0,59068,1,2,2,4,2,1,2,1,1,1,1,2,0,0,1,1,0,0,9,0,1,4,66,3,1,1,5,L,88,0,0,0,0,0,0,0,0,0,0,0,270,0,0,0,1,3,37,-35,-13,44280,998,-67,24,0,4,1,2,0,4,0,995,9.8,998,998,998,99.8,99.8,99.8,20.85284947,12,7
27201,52,131,1-52-2022-131-06,6,1,4S4BSAAC3H33,17,523,2233,7,0,48,45,2017,6,1,3,0,1,F,2,1614,5,0,1,1,19,2,56,1,0,0,995,0,0,0,59102,9,9,3,4,4,2,2,1,1,1,3,2,0,0,1,1,0,0,9,0,1,3,52,3,1,1,2,D,28,0,0,0,0,0,0,0,0,0,0,90,90,0,0,0,1,3,31,-31,0,63554,998,0,31,0,4,1,1,0,6,0,995,9.8,998,998,998,99.8,99.8,99.8,47.48084191,12,7
27201,52,131,1-52-2022-131-06,6,2,2HNYD2H60BH0,17,475,2147,7,0,54,421,2011,15,3,15,0,1,B,2,2064,5,9999,9,0,998,5,56,1,0,0,995,0,0,0,59101,9,9,3,4,4,2,2,1,1,1,3,2,0,0,1,1,0,0,9,0,2,3,53,99,1,1,2,D,29,0,0,0,0,0,0,0,0,0,0,90,90,0,0,0,1,3,25,25,0,48035,998,0,25,0,4,95,95,95,95,0,995,9.8,998,998,998,99.8,99.8,99.8,47.48084191,12,7
27201,52,131,1-52-2022-131-06,6,3,5J6RE4H77BL0,17,474,1865,7,0,37,402,2011,14,3,14,0,1,B,9,1604,5,9999,9,0,998,5,56,1,0,0,995,0,0,0,59102,9,9,3,4,4,2,2,1,1,1,3,2,0,0,1,1,0,0,9,0,2,3,53,99,1,1,6,M,98,0,0,0,0,0,0,0,0,0,0,90,90,0,0,0,2,0,999,999,999,9999999,999,999,999,9,0,95,95,95,95,0,995,9.8,998,998,998,99.8,99.8,99.8,47.48084191,12,7
27202,52,132,1-52-2022-132-09,9,1,1FMDU34X3MUB,17,460,1800,7,0,12,401,1991,14,3,14,0,1,F,1,1824,5,9999,9,0,998,5,40,1,0,0,995,0,0,0,59044,9,9,2,4,2,1,2,1,1,1,0,0,0,0,1,1,0,0,9,0,1,2,17,99,1,1,5,L,88,0,0,0,0,0,0,0,0,0,0,180,90,0,0,0,1,3,10,-7,-6,7296,998,-141,7,0,4,95,95,95,95,0,995,9.8,998,998,998,99.8,99.8,99.8,116.116628,12,7
27202,52,132,1-52-2022-132-09,9,2,1G1ND52J1Y61,17,467,1834,13,0,20,37,2000,4,1,3,0,1,L,1,1384,5,0,1,1,5,2,40,1,0,0,995,0,0,0,59044,1,2,2,4,2,1,2,1,1,1,0,0,0,0,1,1,0,0,1,0,1,4,66,2,1,1,5,L,89,0,0,0,0,0,0,0,0,0,0,90,180,0,0,0,1,3,12,-8,9,15803,998,-60,15,0,4,1,1,0,0,0,995,9.8,998,998,998,99.8,99.8,99.8,116.116628,12,7
27203,28,76,1-28-2022-076-07,7,1,JN8AZ08W47W6,17,478,1914,7,0,35,49,2007,6,1,4,0,1,F,1,1822,5,9999,9,4,19,2,64,1,0,0,995,0,0,0,16901,1,2,2,4,2,1,2,1,2,4,1,2,0,0,1,1,0,0,1,0,11,2,15,3,2,1,4,K,76,0,0,0,0,0,0,0,0,0,0,105,45,0,0,0,1,3,5,-4,-3,2094,998,-143,4,0,4,0,0,0,0,0,995,9.8,998,998,998,99.8,99.8,99.8,132.2845306,3,7
27203,28,76,1-28-2022-076-07,7,2,1FTEX1EM6EFA,17,460,1801,60,0,12,481,2014,34,5,31,0,1,L,1,2484,5,0,1,1,17,2,64,1,0,0,995,0,0,0,16935,1,2,2,4,2,1,2,1,2,4,0,2,0,0,1,1,0,0,1,0,14,4,65,9,1,1,4,K,77,1,1,2,2,5,4,31,1,2,6,45,105,0,0,0,1,3,3,-1,3,5510,998,-286,4,0,4,0,0,0,0,2,995,0.0,120,120,35,5.5,2.0,5.9,132.2845306,3,7
27205,10,144,1-10-2022-144-03,3,1,1N4AL4CV8KC2,17,478,1904,13,0,35,47,2019,4,1,4,0,1,F,2,1545,5,9999,9,1,18,2,56,1,0,0,995,0,0,0,45322,9,9,0,4,2,1,2,1,3,1,0,2,0,0,1,1,0,0,9,1,14,2,13,99,2,4,1,A,2,0,0,0,0,0,0,0,0,0,0,230,240,0,1,0,3,3,29,-29,5,53137,998,37,29,0,4,1,1,0,4,0,995,0.0,30,30,67,18.5,1.8,18.5,188.243499,4,7