CASEID,PSU,CASENO,CASENUMBER,CATEGORY,VEHNO,VIN,VINLENGTH,VPICMAKE,VPICMODEL,VPICBODYCLASS,ICFINALBODY,MAKE,MODEL,MODELYR,BODYTYPE,BODYCAT,VEHCLASS,SPECUSE,TRANSTAT,DAMPLANE,DAMSEV,CURBWT,CURBSRC,CARGOWT,CARGOSRC,INSPTYPE,INSPLAG,TOWED,SPEEDLIMIT,DRPRESENT,PARALCOHOL,ALCTEST,ALCTESTRESULT,ALCTESTSRC,PARDRUG,DRUGTEST,ZIP,RACE,ETHNICITY,RELTOJUNCT,TRAFFLOW,RDLANES,INITLANE,SURFTYPE,SURFCOND,ALIGNMENT,PROFILE,LINERIGHT,LINELEFT,RUMBINIT,RUMBROAD,LIGHTCOND,WEATHER,TRAFDEV,TRAFFUNCT,DISTRACT,PREFHE,PREMOVE,CRITCAT,CRITEVENT,MANEUVER,PRESTAB,PRELOC,CRASHCAT,CRASHCONF,CRASHTYPE,ROLLTYPE,ROLLTURN,ROLLINTRPT,ROLLPREMAN,ROLLINITYP,ROLLINLOC,ROLLOBJ,ROLLTRIP,ROLLDIR,ROLLDIST,DVANGTHIS,DVANGOTH,TOWHITCH,TRAJDOC,TREEPOLE,DVEVENT,DVBASIS,DVTOTAL,DVLONG,DVLAT,DVENERGY,DVSPEED,DVMOMENT,DVBES,DVEST,DVCONF,VAIS,VISS,VINJURED,VTREAT,INITOBJCLASS,HEADANGLECAT,SHLDRWIDTH,STRKLENGTH,STRKWIDTH,STRKHEIGHT,EDGEDISTX,EDGEDISTY,EDGEDISTZ,CASEWGT,PSUSTRAT,VERSION
27205,10,144,1-10-2022-144-03,3,2,3KPFK4A79JE1,17,499,2462,13,0,63,38,2018,4,1,4,0,2,B,2,1463,5,9999,9,0,998,,,,,,,,,,,,,,,,,,,,,,,,,,,,,,,,,,,,,,,,,,,,,,,,,,,,,,,,,,,,,,,,,,95,95,95,95,,,,,,,,,,188.243499,4,7
27206,10,145,1-10-2022-145-06,6,1,1GKEV33797J1,17,472,1855,7,0,23,8,2007,6,1,5,0,1,L,9,2142,5,9999,9,0,998,2,56,1,0,0,995,0,0,0,45401,9,9,1,4,7,2,1,1,1,1,1,1,0,0,1,1,1,2,9,0,1,2,17,99,1,1,5,L,89,0,0,0,0,0,0,0,0,0,0,170,250,0,0,0,1,0,999,999,999,9999999,999,999,999,9,0,0,0,0,0,0,995,9.8,998,998,998,99.8,99.8,99.8,434.7391761,4,7
27206,10,145,1-10-2022-145-06,6,2,1GKKNLLA7HZ2,17,472,1855,7,0,23,423,2017,15,3,15,0,1,F,1,1794,5,9999,9,4,49,2,56,1,0,0,995,0,0,0,45405,9,9,1,3,3,2,1,1,1,1,1,1,0,0,1,1,1,2,9,0,1,2,17,99,1,1,5,L,88,0,0,0,0,0,0,0,0,0,0,250,170,0,0,0,1,12,999,999,999,9999999,999,999,999,6,0,9,97,0,8,0,995,9.8,998,998,998,99.8,99.8,99.8,434.7391761,4,7
27208,10,147,1-10-2022-147-03,3,1,WA1C2AFP8GA0,17,582,3862,7,0,32,402,2016,14,3,14,0,1,F,1,1850,5,0,1,1,5,2,89,1,0,0,995,0,0,0,45417,9,9,0,2,3,3,2,1,1,1,3,2,1,3,1,1,0,0,9,1,1,2,12,2,1,4,1,B,8,0,0,0,0,0,0,0,0,0,0,10,0,0,0,0,2,1,17,-17,-3,41115,998,-16,23,0,1,99,99,0,5,0,995,1.2,120,999,999,13.6,4.7,14.3,188.2434991,4,7
27208,10,147,1-10-2022-147-03,3,2,JF2SKAGCXLH4,17,523,2234,7,0,48,401,2020,14,3,14,0,1,B,1,1610,5,0,1,1,5,2,89,1,0,0,995,0,0,0,45402,9,9,0,2,3,3,2,1,1,1,3,2,1,3,1,1,0,0,1,0,1,3,53,1,1,1,6,M,98,0,0,0,0,0,0,0,0,0,0,0,10,0,0,0,2,1,19,17,6,7326,998,-37,10,0,1,99,99,0,5,0,995,9.8,998,998,998,99.8,99.8,99.8,188.2434991,4,7
27209,10,146,1-10-2022-146-09,9,1,1FAHP3FNXAW1,17,460,1779,13,0,12,37,2010,4,1,2,0,1,F,2,1225,5,0,1,1,7,2,56,1,0,0,995,0,0,0,45414,9,9,2,4,3,1,2,1,1,1,0,1,0,0,1,1,1,2,1,0,1,2,17,2,1,1,5,L,88,0,0,0,0,0,0,0,0,0,0,190,95,0,0,0,1,1,26,-26,-5,58774,998,-33,33,0,1,0,0,0,5,0,995,9.8,998,998,998,99.8,99.8,99.8,1003.879492,4,7
27209,10,146,1-10-2022-146-09,9,2,2HKRW2H8XNH6,17,474,1865,7,0,37,402,2022,14,3,14,0,1,L,9,1580,5,9999,9,0,998,5,56,1,0,0,995,0,0,0,68101,9,9,2,4,5,1,2,1,1,1,0,3,0,0,1,1,1,2,1,0,1,4,60,99,1,1,6,M,98,0,0,0,0,0,0,0,0,0,0,95,75,0,0,0,2,0,999,999,999,9999999,999,999,999,9,0,95,95,95,95,0,995,9.8,998,998,998,99.8,99.8,99.8,1003.879492,4,7
27209,10,146,1-10-2022-146-09,9,3,1G4HP57238U1,17,468,4267,13,0,18,23,2008,4,1,5,0,1,L,1,1707,5,0,1,1,7,2,56,1,0,0,995,0,0,0,45405,9,9,2,4,5,2,2,1,1,1,3,1,0,0,1,1,1,2,1,0,1,4,66,1,1,1,5,L,89,0,0,0,0,0,0,0,0,0,0,95,190,0,0,0,1,1,19,-7,18,22155,998,-138,13,0,1,99,99,0,8,0,995,0.0,999,999,999,0.0,0.0,0.0,1003.879492,4,7
27211,25,86,1-25-2022-086-03,3,1,1C6RR6LG2NS1,17,496,13620,60,0,7,482,2022,34,5,31,0,1,F,9,2245,5,0,1,1,4,2,48,1,1,1,100,1,7,0,04074,9,9,0,4,2,1,2,1,3,1,1,2,0,0,3,1,0,0,1,1,14,2,13,3,2,4,1,A,1,1,1,2,5,1,2,61,1,2,7,998,998,0,1,2,1,12,999,999,999,9999999,999,999,999,9,0,9,97,0,0,3,998,3.7,30,30,92,14.0,1.3,14.1,138.4756331,2,7
27212,73,85,1-73-2022-085-04,4,1,1FT8W3BT8KEG,17,460,1806,60,0,12,880,2019,67,8,60,0,1,C,9,,,,,,,5,40,1,8,0,995,0,7,0,04953,9,9,2,4,2,1,2,1,1,1,1,2,0,0,1,1,0,0,9,0,13,2,20,99,1,1,6,M,92,,,,,,,,,,,,,,,,,,,,,,,,,,,95,95,95,95,,,9.8,998,998,998,99.8,99.8,99.8,197.5756409,3,7
27212,73,85,1-73-2022-085-04,4,2,4T1G11AK2NU0,17,448,2469,13,0,49,40,2022,4,1,4,0,1,F,1,1520,5,0,1,1,12,2,40,1,8,0,995,0,7,0,27808,9,9,2,4,2,1,2,1,1,1,1,2,0,0,1,1,0,0,1,0,1,3,56,99,1,1,6,M,93,0,0,0,0,0,0,0,0,0,0,345,345,0,0,0,1,5,999,999,999,9999999,999,999,20,2,0,0,0,0,0,0,995,9.8,998,998,998,99.8,99.8,99.8,197.5756409,3,7
27213,73,86,1-73-2022-086-03,3,1,1C6RR7FG1FS5,17,496,13620,60,0,7,482,2015,34,5,31,0,1,F,1,2327,5,9999,9,0,998,5,40,1,8,0,995,0,7,0,04957,9,9,0,4,2,1,2,1,1,1,1,2,0,0,1,1,0,0,9,0,1,3,52,99,1,1,2,D,28,0,0,0,0,0,0,0,0,0,0,345,335,0,0,0,1,3,14,-14,2,18054,998,45,14,0,4,95,95,95,95,0,995,9.8,998,998,998,99.8,99.8,99.8,49.01285736,3,7
27213,73,86,1-73-2022-086-03,3,2,4T1H31AK2NU5,17,448,2469,13,0,49,40,2022,4,1,4,0,1,B,1,1575,5,0,1,1,6,2,40,1,8,0,995,0,7,0,04992,9,9,0,4,2,1,2,1,1,1,1,2,0,0,1,1,0,0,9,0,2,3,53,4,1,1,2,D,29,0,0,0,0,0,0,0,0,0,0,335,345,0,0,0,1,3,20,20,0,26860,998,-21,20,0,4,99,99,0,0,0,995,9.8,998,998,998,99.8,99.8,99.8,49.01285736,3,7
27214,73,87,1-73-2022-087-05,5,1,3GTU2VEC2FG4,17,472,1857,60,0,23,481,2015,34,5,31,0,1,T,2,2394,5,0,1,1,21,2,72,1,8,1,119,2,7,2,04410,1,9,0,4,2,1,2,1,3,2,1,2,0,0,2,1,0,0,3,1,14,2,13,99,1,4,1,A,1,1,4,1,6,1,4,61,1,1,15,997,997,0,1,0,8,6,999,999,999,9999999,999,999,999,7,0,5,33,1,3,3,997,0.1,36,36,120,44.0,6.8,44.5,23.59090556,3,7
27215,32,58,1-32-2022-058-05,5,1,1FMJU1H51EEF,17,460,1799,7,0,12,422,2014,15,3,15,0,1,F,9,2633,5,9999,9,0,998,2,72,1,8,1,0,2,7,0,75040,9,1,2,1,4,4,1,1,1,1,1,0,0,0,1,1,1,2,9,0,11,2,15,99,1,1,4,J,68,0,0,0,0,0,0,0,0,0,0,230,90,0,0,0,1,0,999,999,999,9999999,999,999,999,9,0,1,1,0,4,0,995,9.8,998,998,998,99.8,99.8,99.8,689.4067988,7,7
27215,32,58,1-32-2022-058-05,5,2,KNDJT2A2XB77,17,499,2460,7,0,63,37,2011,6,1,2,0,1,F,9,1315,5,9999,9,0,998,2,72,1,8,0,995,0,7,0,75231,9,1,2,1,4,3,1,1,1,1,1,1,0,0,1,1,1,2,9,0,1,4,62,99,1,1,4,J,69,0,0,0,0,0,0,0,0,0,0,90,230,0,0,0,1,0,999,999,999,9999999,999,999,999,9,0,1,1,0,4,0,995,9.8,998,998,998,99.8,99.8,99.8,689.4067988,7,7
27216,16,85,1-16-2022-085-03,3,1,2HGFC2F64KH5,17,474,1863,13,0,37,31,2019,4,1,3,0,1,F,1,1312,5,0,1,1,34,2,89,1,0,0,995,0,0,0,45103,1,9,0,2,3,1,2,2,2,1,1,3,2,3,4,2,8,9,3,1,14,2,13,1,1,4,1,A,1,0,0,0,0,0,0,0,0,0,0,998,998,0,0,0,4,10,999,999,999,9999999,999,29,15,2,0,1,1,0,8,0,998,9.8,998,998,998,99.8,99.8,99.8,579.7875733,5,7
27217,16,86,1-16-2022-086-06,6,1,KMHCT5AE2CU0,17,498,2773,5,0,55,36,2012,5,1,2,0,1,F,1,1168,5,0,1,1,51,2,64,1,0,0,995,0,0,0,45238,9,9,3,4,5,1,2,1,3,1,0,3,0,0,1,8,0,0,9,0,14,3,52,99,1,1,2,D,28,0,0,0,0,0,0,0,0,0,0,55,90,0,0,0,1,3,19,-19,-3,15151,998,19,18,0,4,9,97,0,8,0,995,9.8,998,998,998,99.8,99.8,99.8,1338.991111,5,7
27217,16,86,1-16-2022-086-06,6,2,WDCTG4GB5FJ0,17,449,2084,7,0,42,55,2015,5,1,3,0,1,B,1,1505,5,9999,9,0,998,2,64,1,0,0,995,0,0,0,41017,1,2,3,4,5,1,2,1,3,1,0,3,0,0,1,8,0,0,1,0,2,3,53,99,1,1,2,D,31,0,0,0,0,0,0,0,0,0,0,90,55,0,0,0,1,3,15,14,-5,21599,998,79,16,0,4,0,0,0,4,0,995,9.8,998,998,998,99.8,99.8,99.8,1338.991111,5,7
27218,25,87,1-25-2022-087-04,4,1,5TFCZ5AN5KX1,17,448,2223,60,0,49,472,2019,34,5,30,0,1,L,1,2450,5,0,1,3,3,2,40,1,8,0,995,0,7,0,33903,1,2,3,4,2,1,2,1,3,2,0,2,0,0,5,1,0,0,1,0,14,4,70,99,1,1,4,K,77,0,0,0,0,0,0,0,0,0,0,290,340,0,0,0,1,12,999,999,999,9999999,999,999,999,6,0,0,0,0,0,0,995,9.8,998,998,998,99.8,99.8,99.8,392.9716186,2,7
27218,25,87,1-25-2022-087-04,4,2,3FAHP0JA8CR1,17,460,1780,13,0,12,23,2012,4,1,3,0,1,F,1,1490,5,0,1,4,7,2,40,1,8,0,995,0,7,0,04106,9,9,3,4,2,1,2,1,1,1,0,0,0,0,5,1,0,0,1,0,11,2,15,99,1,1,4,K,76,0,0,0,0,0,0,0,0,0,0,340,290,0,0,0,1,12,999,999,999,9999999,999,999,999,6,0,0,0,0,0,0,995,9.8,998,998,998,99.8,99.8,99.8,392.9716186,2,7
27218,25,87,1-25-2022-087-04,4,3,5TDDK3EH8CS1,17,448,2213,7,0,49,403,2012,14,3,14,0,2,B,9,2105,5,9999,9,0,998,,,,,,,,,,,,,,,,,,,,,,,,,,,,,,,,,,,,,,,,,,,,,,,,,,,,,,,,,,,,,,,,,,95,95,95,95,,,,,,,,,,392.9716186,2,7
27219,77,78,1-77-2022-078-09,9,1,2G1WF5E32C13,17,467,1833,13,0,20,2,2012,4,1,4,0,1,F,1,1658,5,0,1,1,4,2,56,1,0,0,995,0,0,0,22901,9,9,2,1,3,3,2,2,1,2,1,2,0,0,1,2,1,2,1,0,11,2,15,2,1,1,4,J,68,0,0,0,0,0,0,0,0,0,0,195,40,0,0,0,1,3,12,-12,-2,14027,998,14,14,0,4,99,99,0,0,0,995,9.8,998,998,998,99.8,99.8,99.8,2953.143225,9,7
27219,77,78,1-77-2022-078-09,9,2,4T1BF3EK0BU6,17,448,2469,13,0,49,40,2011,4,1,4,0,1,F,1,1500,5,9999,9,0,998,5,56,1,0,0,995,0,0,0,23093,9,9,2,4,4,1,2,2,1,2,0,1,0,0,1,2,1,2,1,0,1,4,62,99,1,1,4,J,69,0,0,0,0,0,0,0,0,0,0,40,195,0,0,0,1,3,14,-13,5,9635,998,71,12,0,4,95,95,95,95,0,995,9.8,998,998,998,99.8,99.8,99.8,2953.143225,9,7
27220,28,77,1-28-2022-077-04,4,1,1FM5K8AB5LGC,17,460,1800,7,0,12,425,2020,15,3,15,5,1,F,1,2022,5,136,1,3,10,2,72,1,0,0,995,0,0,0,16915,9,9,0,4,2,1,2,2,3,4,1,2,0,0,1,1,0,0,1,0,14,6,87,99,1,1,1,C,13,0,0,0,0,0,0,0,0,0,0,998,998,0,0,0,1,12,999,999,999,9999999,999,999,999,6,0,0,0,0,0,0,998,9.8,998,998,998,99.8,99.8,99.8,68.78573772,3,7
27221,31,68,1-31-2022-068-06,6,1,1FTFX1EF8DFD,17,460,1801,60,0,12,481,2013,34,5,31,0,1,L,1,2586,5,9999,9,1,13,2,64,1,0,0,995,0,0,0,62811,1,2,3,3,2,2,2,1,1,1,0,0,0,0,1,1,0,0,2,0,11,2,15,4,1,1,4,K,82,0,0,0,0,0,0,0,0,0,0,105,235,0,0,0,1,3,6,-2,6,7734,998,8,9,0,4,1,1,0,4,0,995,9.8,998,998,998,99.8,99.8,99.8,210.5752517,6,7
27221,31,68,1-31-2022-068-06,6,2,2G1FC1EV2A91,17,467,1829,3,0,20,9,2010,2,1,4,0,1,F,1,1700,5,0,1,5,6,2,64,1,0,0,995,0,0,0,62827,9,9,3,5,5,2,2,1,1,1,3,2,0,0,1,1,0,0,9,0,1,4,72,99,1,1,4,K,83,0,0,0,0,0,0,0,0,0,0,235,105,0,0,0,1,3,9,-8,3,2939,998,76,6,0,4,1,1,0,4,0,995,9.8,998,998,998,99.8,99.8,99.8,210.5752517,6,7
27222,31,69,1-31-2022-069-05,5,1,4T1FA38P66U0,17,448,2803,1,0,49,44,2006,1,1,3,0,1,F,2,1550,5,9999,9,4,36,2,89,1,0,0,995,0,0,0,47708,9,9,0,4,2,1,2,1,1,1,1,4,0,0,2,1,0,0,9,1,1,2,10,99,1,2,3,G,50,0,0,0,0,0,0,0,0,0,0,255,85,0,0,0,1,12,999,999,999,9999999,999,999,999,7,0,9,97,0,8,0,995,9.8,998,998,998,99.8,99.8,99.8,164.2072074,6,7
27222,31,69,1-31-2022-069-05,5,2,1N4AL3AP5DN4,17,478,1904,13,0,35,47,2013,4,1,4,0,1,F,2,1420,5,9999,9,5,9,2,89,1,0,0,995,0,0,0,62946,9,9,0,4,2,1,2,1,1,4,1,4,0,0,2,1,0,0,9,0,1,4,62,99,1,1,3,G,51,0,0,0,0,0,0,0,0,0,0,85,255,0,0,0,1,12,999,999,999,9999999,999,999,999,7,0,9,97,0,8,0,995,9.8,998,998,998,99.8,99.8,99.8,164.2072074,6,7
27223,18,78,1-18-2022-078-02,2,1,3GTU2NEJ7JG5,17,472,1857,60,0,23,481,2018,34,5,31,0,1,R,2,2431,5,454,2,4,21,2,113,1,0,0,995,0,0,0,46725,1,2,0,1,2,2,2,1,1,9,3,2,1,3,1,8,0,0,1,0,5,4,61,1,1,1,6,M,98,0,0,0,0,0,0,0,0,0,0,125,120,0,0,0,2,5,999,999,999,9999999,999,999,999,7,0,0,0,0,0,0,995,9.8,998,998,998,99.8,99.8,99.8,56.84724494,6,7
27223,18,78,1-18-2022-078-02,2,2,3AKJHHDR2LSL,17,450,2501,66,0,82,881,2020,66,8,68,0,1,F,9,,,,,,,2,113,1,0,0,995,0,0,0,80013,9,9,0,1,2,1,2,1,1,9,1,3,2,3,1,8,0,0,9,1,1,3,52,99,1,2,2,D,28,,,,,,,,,,,,,,,,,,,,,,,,,,,95,95,95,95,,,9.8,998,998,998,99.8,99.8,99.8,56.84724494,6,7
27223,18,78,1-18-2022-078-02,2,3,1M1AN4GYXKM0,17,490,20842,66,0,86,881,2019,66,8,68,0,1,B,9,,,,,,,2,113,1,0,0,995,0,0,0,54636,9,9,0,1,2,2,2,1,1,9,3,2,1,3,1,8,0,0,1,0,5,3,53,1,1,1,6,M,98,,,,,,,,,,,,,,,,,,,,,,,,,,,95,95,95,95,,,9.8,998,998,998,99.8,99.8,99.8,56.84724494,6,7
27223,18,78,1-18-2022-078-02,2,4,SHHFK7H43MU4,17,474,1863,5,0,37,31,2021,5,1,3,0,1,B,3,1323,5,0,1,1,22,2,113,1,0,1,0,2,0,2,52001,1,9,0,1,2,2,2,1,1,9,3,2,1,3,1,8,0,0,1,0,5,3,53,1,1,1,6,M,98,0,0,0,0,0,0,0,0,0,0,125,120,0,0,0,3,5,999,999,999,9999999,999,999,44,4,0,1,2,0,4,0,995,1.4,999,999,999,99.9,99.9,99.9,56.84724494,6,7
27223,18,78,1-18-2022-078-02,2,5,1GCVKNEC3HZ2,17,467,1850,60,0,20,481,2017,34,5,31,0,1,B,9,2366,5,0,1,1,30,2,113,1,0,0,995,0,0,0,53713,1,9,0,1,2,2,2,1,1,1,3,2,1,3,1,8,0,0,1,0,5,3,53,1,1,1,6,M,98,0,0,0,0,0,0,0,0,0,0,125,130,0,0,0,5,5,999,999,999,9999999,999,999,999,9,0,0,0,0,0,0,995,9.8,998,998,998,99.8,99.8,99.8,56.84724494,6,7
27223,18,78,1-18-2022-078-02,2,6,1FUJGLD54GLG,17,450,2501,66,0,82,881,2016,66,8,68,0,1,B,9,,,,,,,5,113,1,0,0,995,0,0,0,38125,9,9,0,1,2,2,2,1,1,9,3,2,1,3,1,8,0,0,1,0,5,3,53,1,1,1,6,M,98,,,,,,,,,,,,,,,,,,,,,,,,,,,95,95,95,95,,,9.8,998,998,998,99.8,99.8,99.8,56.84724494,6,7
27223,18,78,1-18-2022-078-02,2,7,JTEBU11F5700,17,448,2463,7,0,49,404,2007,14,3,14,0,1,B,9,1948,5,9999,9,0,998,5,113,1,0,0,995,0,0,0,53563,9,9,0,1,2,1,2,1,1,9,1,3,2,3,1,8,0,0,9,0,2,3,53,1,1,1,2,D,29,0,0,0,0,0,0,0,0,0,0,125,120,0,0,0,1,0,999,999,999,9999999,999,999,999,9,0,95,95,95,95,0,995,9.8,998,998,998,99.8,99.8,99.8,56.84724494,6,7
27224,18,79,1-18-2022-079-08,8,1,1FAHP3GN7AW1,17,460,1779,13,0,12,37,2010,4,1,2,0,1,F,3,1225,5,0,1,1,13,2,80,1,0,1,0,2,0,0,54755,1,9,3,4,3,2,2,1,1,1,3,2,0,0,1,8,0,0,3,0,1,3,52,1,1,1,2,D,28,0,0,0,0,0,0,0,0,0,0,40,40,0,0,0,1,3,49,-49,0,88153,998,-15,42,0,4,2,5,0,3,0,995,9.8,998,998,998,99.8,99.8,99.8,256.8640829,6,7
27224,18,79,1-18-2022-079-08,8,2,1GCHK24U15E2,17,467,1850,60,0,20,481,2005,34,5,31,0,1,B,2,2459,5,9999,9,0,998,5,80,1,0,0,995,0,0,0,54722,9,9,3,4,3,2,2,1,1,1,3,2,0,0,1,8,0,0,1,0,2,3,53,1,1,1,2,D,30,0,0,0,0,0,0,0,0,0,0,40,40,0,0,0,1,3,25,25,0,92343,998,0,31,0,4,95,95,95,95,0,995,9.8,998,998,998,99.8,99.8,99.8,256.8640829,6,7
27226,15,43,1-15-2022-043-03,3,1,JTJGF10UX301,17,515,2214,7,0,59,401,2003,14,3,14,0,1,F,9,1780,5,9999,9,0,998,5,80,1,8,9,998,8,7,9,11801,9,9,1,2,5,2,2,1,3,1,3,3,0,3,1,1,0,0,9,0,14,3,52,99,1,1,2,D,28,0,0,0,0,0,0,0,0,0,0,70,70,0,0,0,1,0,999,999,999,9999999,999,999,999,9,0,95,95,95,95,0,995,9.8,998,998,998,99.8,99.8,99.8,70.70005042,1,7
27226,15,43,1-15-2022-043-03,3,2,3PCAJ5L3XNF1,17,480,28424,7,0,58,498,2022,14,3,14,0,1,B,2,1821,5,9999,9,4,39,2,80,1,8,9,998,8,7,9,11710,2,2,1,2,5,2,2,1,3,1,3,3,0,3,1,1,0,0,9,0,2,3,53,1,1,1,2,D,29,0,0,0,0,0,0,0,0,0,0,70,70,0,0,0,1,12,999,999,999,9999999,999,999,999,3,0,0,0,0,4,0,995,9.8,998,998,998,99.8,99.8,99.8,70.70005042,1,7
27226,15,43,1-15-2022-043-03,3,3,4JGFB4KB8NA6,17,449,5886,7,0,42,423,2022,15,3,15,0,1,B,9,2140,5,9999,9,0,998,5,80,1,8,9,998,8,7,9,11030,9,9,1,2,5,2,2,1,3,1,3,3,0,3,1,1,0,0,9,0,14,3,53,1,1,1,6,M,98,0,0,0,0,0,0,0,0,0,0,70,70,0,0,0,2,0,999,999,999,9999999,999,999,999,9,0,95,95,95,95,0,995,9.8,998,998,998,99.8,99.8,99.8,70.70005042,1,7
27226,15,43,1-15-2022-043-03,3,4,1GNEVHKW5PJ1,17,467,1853,7,0,20,423,2023,15,3,15,0,1,B,9,2132,5,9999,9,0,998,5,80,1,9,9,998,8,9,9,11726,9,9,1,2,5,2,2,1,3,1,3,3,0,3,1,1,0,0,9,0,14,3,53,1,1,1,6,M,98,0,0,0,0,0,0,0,0,0,0,70,70,0,0,0,3,0,999,999,999,9999999,999,999,999,9,0,95,95,95,95,0,995,9.8,998,998,998,99.8,99.8,99.8,70.70005042,1,7
27228,20,174,1-20-2022-174-03,3,1,1G1FB1RS0K01,17,467,1829,3,0,20,9,2019,2,1,4,0,1,F,1,1564,5,9999,9,4,38,2,105,1,0,0,995,0,0,0,93960,9,1,0,2,2,1,2,1,1,1,3,2,1,3,1,8,0,0,1,0,1,3,52,2,1,1,2,D,28,0,0,0,0,0,0,0,0,0,0,305,305,0,0,0,1,5,999,999,999,9999999,999,999,999,6,0,1,1,0,99,0,995,9.8,998,998,998,99.8,99.8,99.8,102.5107805,11,7
27228,20,174,1-20-2022-174-03,3,2,4V4NC9EG1GN9,17,487,1967,66,0,51,881,2016,66,8,68,0,1,B,9,,,,,,,5,105,1,0,0,995,0,0,0,95076,9,9,0,2,2,2,2,1,1,1,3,2,1,3,1,8,0,0,1,0,2,3,53,1,1,1,2,D,29,,,,,,,,,,,,,,,,,,,,,,,,,,,95,95,95,95,,,9.8,998,998,998,99.8,99.8,99.8,102.5107805,11,7
27236,66,80,1-66-2022-080-08,8,1,JTDKB20U9935,17,448,2209,5,0,49,46,2009,5,1,3,0,1,F,1,1335,5,0,1,1,6,2,80,1,0,0,995,0,7,0,65661,1,2,2,4,2,1,2,1,1,4,0,0,0,0,1,1,2,2,9,0,1,2,14,1,1,4,1,C,14,0,0,0,0,0,0,0,0,0,0,998,998,0,0,0,1,10,999,999,999,9999999,999,0,15,2,0,3,10,2,3,0,998,0.0,120,120,-40,3.2,0.0,3.2,251.1655083,6,7
27237,66,81,1-66-2022-081-02,2,1,5TFCZ5AN9MX2,17,448,2223,60,0,49,472,2021,34,5,31,0,1,T,1,2007,5,0,1,1,20,2,113,1,0,0,995,0,7,0,65802,1,2,0,2,2,1,2,1,1,1,1,3,2,3,2,1,0,0,9,1,1,4,60,4,2,4,1,A,3,1,5,1,2,1,4,61,1,1,25,997,997,0,0,0,2,6,999,999,999,9999999,999,999,999,6,0,2,5,0,3,3,997,3.0,120,10,80,12.0,6.1,13.3,146.3024086,6,7
27238,15,44,1-15-2022-044-03,3,1,1HGCV1F53KA1,17,474,1861,13,0,37,32,2019,4,1,4,0,1,L,9,1462,5,9999,9,0,998,2,64,1,8,9,998,8,7,9,11003,3,2,2,1,5,2,2,1,1,1,0,4,0,0,2,99,1,2,9,0,1,4,65,99,1,9,4,K,77,0,0,0,0,0,0,0,0,0,0,50,110,9,0,0,1,0,999,999,999,9999999,999,999,999,9,0,0,0,0,4,0,995,9.8,998,998,998,99.8,99.8,99.8,70.7000504,1,7
27238,15,44,1-15-2022-044-03,3,2,999999999999,99,99999,99999,999,0,99,999,9999,99,10,99,99,1,F,9,,,,,,,5,64,1,0,0,995,0,9,8,99999,9,9,2,1,2,1,2,1,1,1,0,2,0,0,2,99,1,2,9,0,99,9,99,99,9,9,4,K,76,,,,,,,,,,,,,,,,,,,,,,,,,,,95,95,95,95,,,9.8,998,998,998,99.8,99.8,99.8,70.7000504,1,7
27241,20,177,1-20-2022-177-07,7,1,1FATP8EM6F53,17,460,1781,1,0,12,3,2015,1,1,3,0,1,L,2,1675,5,9999,9,4,37,2,89,1,0,9,998,8,0,0,95123,9,1,0,4,2,1,2,1,3,4,1,2,1,0,4,8,5,2,9,1,14,1,8,3,2,4,1,A,2,1,4,2,6,6,4,68,3,2,10,997,997,0,0,0,2,6,999,999,999,9999999,999,999,999,7,0,0,0,0,0,3,997,0.5,999,120,120,10.0,5.0,11.5,685.0276085,11,7
27242,20,178,1-20-2022-178-07,7,1,JNKCP11A1XT0,17,480,5573,13,0,58,33,1999,4,1,2,0,1,F,3,1332,5,0,1,1,10,2,89,1,0,0,995,0,0,0,93906,9,1,0,4,2,1,2,1,1,2,1,2,0,0,1,8,0,0,3,1,1,2,10,1,1,2,3,I,64,0,0,0,0,0,0,0,0,0,0,170,340,0,1,0,2,3,45,-42,15,134277,998,31,47,0,4,1,1,0,8,0,995,9.8,998,998,998,99.8,99.8,99.8,685.0276085,11,7
27242,20,178,1-20-2022-178-07,7,2,1FADP3R47FL2,17,460,1779,5,0,12,37,2015,5,1,3,0,1,L,1,1666,5,0,1,1,12,2,89,1,0,0,995,0,0,0,95004,1,9,0,4,2,1,2,1,1,1,1,2,0,0,1,8,0,0,1,0,1,4,62,8,1,1,3,I,65,0,0,0,0,0,0,0,0,0,0,340,150,0,0,0,1,3,10,-10,2,12975,998,-99,11,0,4,0,0,0,0,0,995,9.8,998,998,998,99.8,99.8,99.8,685.0276085,11,7
27242,20,178,1-20-2022-178-07,7,3,5J6YH28324L0,17,474,1868,7,0,37,403,2004,14,3,14,0,1,F,3,1535,5,9999,9,0,998,2,89,1,0,0,995,0,0,0,95076,1,9,0,4,2,1,2,1,1,1,1,2,0,0,1,8,0,0,1,0,1,4,62,2,1,1,6,M,98,0,0,0,0,0,0,0,0,0,0,340,170,0,1,0,2,3,42,-41,7,102630,998,33,39,0,4,9,97,0,0,0,995,2.6,5,5,120,2.0,3.2,3.8,685.0276085,11,7