CASEID,PSU,CASENO,CASENUMBER,CATEGORY,VEHNO,VIN,VINLENGTH,VPICMAKE,VPICMODEL,VPICBODYCLASS,ICFINALBODY,MAKE,MODEL,MODELYR,BODYTYPE,BODYCAT,VEHCLASS,SPECUSE,TRANSTAT,DAMPLANE,DAMSEV,CURBWT,CURBSRC,CARGOWT,CARGOSRC,INSPTYPE,INSPLAG,TOWED,SPEEDLIMIT,DRPRESENT,PARALCOHOL,ALCTEST,ALCTESTRESULT,ALCTESTSRC,PARDRUG,DRUGTEST,ZIP,RACE,ETHNICITY,RELTOJUNCT,TRAFFLOW,RDLANES,INITLANE,SURFTYPE,SURFCOND,ALIGNMENT,PROFILE,LINERIGHT,LINELEFT,RUMBINIT,RUMBROAD,LIGHTCOND,WEATHER,TRAFDEV,TRAFFUNCT,DISTRACT,PREFHE,PREMOVE,CRITCAT,CRITEVENT,MANEUVER,PRESTAB,PRELOC,CRASHCAT,CRASHCONF,CRASHTYPE,ROLLTYPE,ROLLTURN,ROLLINTRPT,ROLLPREMAN,ROLLINITYP,ROLLINLOC,ROLLOBJ,ROLLTRIP,ROLLDIR,ROLLDIST,DVANGTHIS,DVANGOTH,TOWHITCH,TRAJDOC,TREEPOLE,DVEVENT,DVBASIS,DVTOTAL,DVLONG,DVLAT,DVENERGY,DVSPEED,DVMOMENT,DVBES,DVEST,DVCONF,VAIS,VISS,VINJURED,VTREAT,INITOBJCLASS,HEADANGLECAT,SHLDRWIDTH,STRKLENGTH,STRKWIDTH,STRKHEIGHT,EDGEDISTX,EDGEDISTY,EDGEDISTZ,CASEWGT,PSUSTRAT,VERSION
27347,12,54,1-12-2022-054-09,9,2,5FNYF5H24NB0,17,474,1864,7,0,37,421,2022,15,3,15,0,1,B,2,1932,5,9999,9,0,998,5,56,1,0,0,995,0,0,0,73030,9,9,2,4,4,2,2,2,1,5,3,2,0,0,1,2,0,0,1,0,5,3,53,99,1,1,2,D,21,0,0,0,0,0,0,0,0,0,0,90,90,0,0,0,1,3,31,31,0,52763,998,0,27,0,4,95,95,95,95,0,995,9.8,998,998,998,99.8,99.8,99.8,503.9478444,9,7
27348,12,55,1-12-2022-055-09,9,1,1FTWX32F1XED,17,460,1806,60,0,12,880,1999,67,8,60,0,1,L,9,,,,,,,2,89,1,0,0,995,0,0,0,76118,9,9,2,4,2,1,1,1,1,1,0,0,0,0,1,8,2,2,9,0,11,2,15,99,1,1,4,K,82,,,,,,,,,,,,,,,,,,,,,,,,,,,95,95,95,95,,,9.8,998,998,998,99.8,99.8,99.8,503.9478444,9,7
27348,12,55,1-12-2022-055-09,9,2,1G1AY0787E51,17,467,1831,3,0,20,4,1984,2,1,1,0,1,F,2,1447,5,0,1,1,10,2,89,1,0,0,995,0,0,0,73401,9,9,2,1,4,3,2,1,1,1,3,2,0,0,1,8,5,2,1,0,1,4,67,99,1,1,4,K,83,0,0,0,0,0,0,0,0,0,0,275,155,0,0,0,1,5,999,999,999,9999999,999,999,36,3,0,9,97,0,0,0,995,9.8,998,998,998,99.8,99.8,99.8,503.9478444,9,7
27349,17,94,1-17-2022-094-04,4,1,5FNYF8H08NB0,17,474,5959,7,0,37,422,2022,15,3,15,0,1,F,1,1890,5,0,1,1,5,2,113,1,9,0,995,0,9,0,61265,1,2,0,1,2,1,2,1,2,9,2,3,2,3,2,1,0,0,1,0,14,6,87,1,1,1,1,C,13,0,0,0,0,0,0,0,0,0,0,998,998,0,0,0,1,10,999,999,999,9999999,999,30,13,2,0,0,0,0,0,0,998,9.8,998,998,998,99.8,99.8,99.8,166.338839,4,7
27350,17,95,1-17-2022-095-09,9,1,999999999999,99,99999,99999,999,0,99,999,9999,99,10,99,99,1,L,9,,,,,,,5,89,1,9,0,995,0,9,9,99999,9,9,0,3,4,1,1,1,1,9,1,3,0,0,1,1,0,0,9,1,15,2,10,99,1,2,2,F,47,,,,,,,,,,,,,,,,,,,,,,,,,,,95,95,95,95,,,9.8,998,998,998,99.8,99.8,99.8,239.6031767,4,7
27350,17,95,1-17-2022-095-09,9,2,2G1WD58C8792,17,467,1833,13,0,20,2,2007,4,1,4,0,1,F,2,1684,5,0,1,1,7,2,89,1,0,0,995,0,0,0,61265,9,9,0,2,4,4,1,1,1,9,3,1,0,0,1,1,0,0,1,0,1,4,61,99,1,1,2,F,45,0,0,0,0,0,0,0,0,0,0,998,998,0,0,0,2,1,25,-16,-19,89607,998,-162,25,0,1,99,99,0,8,0,998,3.0,999,999,999,0.0,0.0,0.0,239.6031767,4,7
27352,19,140,1-19-2022-140-09,9,1,1FTFW1EF0BFB,17,460,1801,60,0,12,481,2011,34,5,31,0,1,F,1,2522,5,0,1,1,9,2,64,1,0,0,995,0,0,0,35903,1,9,0,4,2,1,2,1,1,1,1,2,0,0,2,1,0,0,9,1,1,2,13,1,1,4,1,A,1,0,0,0,0,0,0,0,0,0,0,998,998,0,1,1,2,1,15,-10,12,42859,998,158,15,0,4,1,1,0,4,0,998,0.0,999,999,999,30.0,1.6,30.3,322.7414863,9,7
27354,19,142,1-19-2022-142-09,9,1,1N4AL2AP4CN4,17,478,1904,13,0,35,47,2012,4,1,4,0,1,F,9,1437,5,0,1,3,5,3,72,1,0,0,995,0,0,0,35903,2,9,2,1,4,3,2,2,2,1,3,0,0,0,3,8,1,2,3,1,14,3,51,99,1,2,2,D,24,0,0,0,0,0,0,0,0,0,0,110,110,0,0,0,1,12,999,999,999,9999999,999,999,999,9,0,99,99,0,6,0,995,9.8,998,998,998,99.8,99.8,99.8,322.7414863,9,7
27354,19,142,1-19-2022-142-09,9,2,5GAERBKW7JJ2,17,468,1841,7,0,18,421,2018,15,3,15,0,1,B,9,1978,5,9999,9,0,998,5,72,1,0,0,995,0,0,0,35903,9,9,2,1,4,3,2,2,2,1,3,0,0,0,3,8,1,2,1,0,14,3,53,1,1,1,2,D,25,0,0,0,0,0,0,0,0,0,0,110,110,0,0,0,1,0,999,999,999,9999999,999,999,999,9,0,95,95,95,95,0,995,9.8,998,998,998,99.8,99.8,99.8,322.7414863,9,7
27355,19,143,1-19-2022-143-01,1,1,JTHBN36F6550,17,515,2182,13,0,59,32,2005,4,1,5,0,1,F,3,1810,5,0,1,1,8,2,72,1,9,0,995,0,0,0,35903,1,9,3,4,2,1,2,1,1,1,1,4,0,0,1,1,0,0,9,1,1,2,12,1,9,4,1,B,6,0,0,0,0,0,0,0,0,0,0,998,998,0,1,0,1,1,62,-59,-21,341012,998,-60,62,0,1,9,97,0,1,0,998,1.0,55,120,64,14.3,2.2,14.4,114.8855068,9,7
27356,11,62,1-11-2022-062-03,3,1,7SAXCBE56NF3,17,441,10199,7,0,29,5,2022,14,3,14,0,1,F,2,2390,5,0,1,1,21,2,56,1,0,0,995,0,0,0,23112,1,2,2,3,1,1,2,1,1,2,1,2,0,0,1,1,2,2,9,0,1,2,17,3,1,1,5,L,88,0,0,0,0,0,0,0,0,0,0,10,270,0,0,0,1,98,999,999,999,9999999,999,999,999,7,0,1,1,0,0,0,995,6.5,101,10,30,0.0,0.0,0.0,1010.806753,8,7
27356,11,62,1-11-2022-062-03,3,2,1N4AA5AP1BC8,17,478,2302,13,0,35,39,2011,4,1,4,0,1,L,2,1630,5,0,1,1,22,2,56,1,0,0,995,0,0,0,23225,2,9,2,1,1,1,2,1,1,2,1,2,0,0,1,1,0,0,9,0,1,4,62,2,9,1,5,L,89,0,0,0,0,0,0,0,0,0,0,270,10,0,0,0,1,12,999,999,999,9999999,999,999,999,7,0,0,0,0,4,0,995,9.8,998,998,998,99.8,99.8,99.8,1010.806753,8,7
27357,11,63,1-11-2022-063-01,1,1,2G1WB58K9794,17,467,1833,13,0,20,2,2007,4,1,4,0,1,F,3,1630,5,0,1,1,55,2,97,1,0,0,995,0,9,0,23224,9,9,1,2,4,1,2,1,1,9,1,3,0,0,2,98,0,0,3,1,1,2,13,99,1,4,1,A,1,0,0,0,0,0,0,0,0,0,0,998,998,0,0,0,2,1,44,-41,-15,153715,998,-67,44,0,1,9,97,0,1,0,998,3.1,999,999,999,99.9,99.9,99.9,134.0709483,8,7
27358,11,64,1-11-2022-064-05,5,1,2HKRW2H84HH6,17,474,1865,7,0,37,402,2017,14,3,14,0,1,F,2,1580,5,0,1,5,89,2,97,1,0,0,995,0,0,0,23112,1,9,0,2,2,2,2,1,1,9,3,2,1,3,1,1,0,0,1,1,1,3,50,8,1,2,2,D,20,0,0,0,0,0,0,0,0,0,0,260,250,0,0,0,1,5,999,999,999,9999999,999,999,999,7,0,0,0,0,4,0,995,3.2,999,999,999,0.0,0.0,0.0,186.1022603,8,7
27358,11,64,1-11-2022-064-05,5,2,1HTMMAAM55H6,17,526,9529,11,0,84,881,2005,62,8,60,0,1,B,9,,,,,,,5,97,1,0,0,995,0,0,0,23450,9,9,0,2,2,2,2,1,1,9,3,2,1,3,1,1,0,0,1,0,5,3,53,1,1,1,2,D,21,,,,,,,,,,,,,,,,,,,,,,,,,,,95,95,95,95,,,9.8,998,998,998,99.8,99.8,99.8,186.1022603,8,7
27359,13,106,1-13-2022-106-02,2,1,3GNCJKSB1KL1,17,467,10988,7,0,20,406,2019,14,3,14,0,1,T,2,1382,5,0,1,1,48,2,64,1,8,0,995,0,7,0,99999,2,9,2,2,3,3,2,1,1,1,3,2,0,0,3,1,1,2,9,0,1,2,17,9,1,1,5,L,89,1,4,2,5,1,1,61,1,1,999,997,997,0,0,0,2,6,999,999,999,9999999,999,999,999,7,0,9,97,0,8,3,997,9.8,998,998,998,99.8,99.8,99.8,62.58812801,7,7
27359,13,106,1-13-2022-106-02,2,2,JTHGL46F5850,17,515,2182,13,0,59,32,2008,4,1,5,0,1,F,9,2025,5,9999,9,0,998,5,64,1,8,0,995,0,7,0,76040,9,9,2,5,4,1,2,1,1,1,1,3,0,0,3,1,1,2,9,0,1,4,66,99,1,1,5,L,88,0,0,0,0,0,0,0,0,0,0,270,180,0,0,0,1,0,999,999,999,9999999,999,999,999,9,0,95,95,95,95,0,995,9.8,998,998,998,99.8,99.8,99.8,62.58812801,7,7
27360,13,107,1-13-2022-107-06,6,1,1HGCP26839A0,17,474,1861,13,0,37,32,2009,4,1,4,0,1,F,1,1523,5,0,1,1,29,2,64,1,8,0,995,0,7,0,75216,2,9,2,1,6,3,2,1,2,4,3,3,0,0,1,1,1,2,9,0,14,2,17,2,1,1,4,J,69,0,0,0,0,0,0,0,0,0,0,0,100,0,0,0,1,3,5,-4,2,1030,998,48,4,0,4,99,99,0,8,0,995,9.8,998,998,998,99.8,99.8,99.8,3545.966017,7,7
27360,13,107,1-13-2022-107-06,6,2,5N1AT2MT1HC8,17,478,1913,8,0,35,51,2017,6,1,3,0,1,R,1,1550,5,0,1,1,7,2,64,1,8,0,995,0,7,0,76012,1,9,2,1,6,5,2,1,3,4,1,1,0,0,1,1,1,2,9,0,11,4,63,99,1,1,4,J,68,0,0,0,0,0,0,0,0,0,0,100,0,0,0,0,1,3,5,-3,-4,2389,998,-67,6,0,4,2,5,0,4,0,995,9.8,998,998,998,99.8,99.8,99.8,3545.966017,7,7
27360,13,107,1-13-2022-107-06,6,3,1FTFW1E86NFA,17,460,1801,60,0,12,481,2022,34,5,31,0,1,L,9,2134,5,9999,9,0,998,5,64,1,8,0,995,0,7,0,76017,9,9,2,1,3,3,1,1,1,1,1,0,0,0,1,1,1,2,9,0,5,4,66,1,1,1,6,M,98,0,0,0,0,0,0,0,0,0,0,185,315,0,0,0,2,0,999,999,999,9999999,999,999,999,9,0,95,95,95,95,0,995,9.8,998,998,998,99.8,99.8,99.8,3545.966017,7,7
27363,10,153,1-10-2022-153-03,3,1,JT6HF10U2Y01,17,515,2214,7,0,59,401,2000,14,3,14,0,1,R,2,1770,5,0,1,1,9,2,56,1,0,0,995,0,0,0,45377,9,9,2,4,2,1,2,1,2,1,1,2,0,0,1,1,2,2,1,0,14,2,17,1,1,1,5,L,87,0,0,0,0,0,0,0,0,0,0,140,30,0,0,0,1,1,27,-14,-24,77373,998,77,29,0,1,0,0,0,0,0,995,9.8,998,998,998,99.8,99.8,99.8,138.9182466,4,7
27363,10,153,1-10-2022-153-03,3,2,1FMCU0BZ7NUA,17,460,1798,7,0,12,402,2022,14,3,14,0,1,F,2,1612,5,0,1,1,10,2,80,1,0,0,995,0,0,0,45311,1,2,2,4,2,1,2,1,1,1,1,2,0,0,1,1,0,0,1,0,1,4,66,4,1,1,5,L,86,0,0,0,0,0,0,0,0,0,0,30,140,0,0,0,1,1,30,-29,5,53033,998,35,28,0,1,1,1,0,4,0,995,9.8,998,998,998,99.8,99.8,99.8,138.9182466,4,7
27363,10,153,1-10-2022-153-03,3,3,5FNRL6H77KB0,17,474,1869,2,0,37,441,2019,20,4,20,0,1,F,9,2046,5,9999,9,0,998,2,56,1,0,0,995,0,0,0,45417,9,9,2,4,2,1,2,1,2,1,1,2,0,0,1,1,2,2,1,0,5,4,62,1,1,1,6,M,98,0,0,0,0,0,0,0,0,0,0,325,240,0,0,0,2,0,999,999,999,9999999,999,999,999,9,0,0,0,0,0,0,995,9.8,998,998,998,99.8,99.8,99.8,138.9182466,4,7
27364,10,154,1-10-2022-154-04,4,1,JTDKAMFU5N31,17,448,2209,5,0,49,46,2022,5,1,3,0,1,F,2,1390,5,0,1,1,8,2,56,1,0,0,995,0,0,0,45315,9,9,0,5,6,2,2,1,1,1,3,2,0,0,1,1,0,0,1,0,1,3,52,1,1,1,2,D,28,0,0,0,0,0,0,0,0,0,0,90,90,0,0,0,1,5,999,999,999,9999999,999,999,25,3,0,0,0,0,0,0,995,0.0,10,10,999,12.0,1.4,12.1,432.4567163,4,7
27364,10,154,1-10-2022-154-04,4,2,2FTDF15Y9KCA,17,460,1801,60,0,12,481,1989,34,5,30,0,1,B,9,1688,5,9999,9,0,998,5,56,1,0,0,995,0,0,0,45322,9,9,0,5,6,2,2,1,1,1,3,2,0,0,1,1,0,0,1,0,2,3,53,1,1,1,2,D,29,0,0,0,0,0,0,0,0,0,0,90,90,0,0,0,1,0,999,999,999,9999999,999,999,999,9,0,95,95,95,95,0,995,9.8,998,998,998,99.8,99.8,99.8,432.4567163,4,7
27365,10,155,1-10-2022-155-04,4,1,2C3CDZKG1LH2,17,476,1893,13,0,7,28,2020,2,1,5,0,1,F,2,1867,5,0,1,1,7,2,64,1,0,0,995,0,0,0,45424,9,9,2,1,3,2,2,1,1,1,3,2,0,0,1,8,1,2,1,0,1,2,17,1,1,1,5,L,86,0,0,0,0,0,0,0,0,0,0,330,70,0,0,0,1,3,26,-26,5,32051,998,12,21,0,4,0,0,0,0,0,995,9.8,998,998,998,99.8,99.8,99.8,432.4567163,4,7
27365,10,155,1-10-2022-155-04,4,2,1FAHP2E86DG1,17,460,1782,13,0,12,17,2013,4,1,4,0,1,R,2,1822,5,9999,9,0,998,5,56,1,0,0,995,0,0,0,45449,9,9,2,3,4,2,2,1,1,1,1,1,0,0,1,8,1,2,1,0,1,4,66,99,1,1,5,L,87,0,0,0,0,0,0,0,0,0,0,70,330,0,0,0,1,3,28,-10,-26,79598,998,45,32,0,4,95,95,95,95,0,995,9.8,998,998,998,99.8,99.8,99.8,432.4567163,4,7
27366,24,110,1-24-2022-110-04,4,1,3FADP4EJ8JM1,17,460,3267,5,0,12,32,2018,5,1,1,0,1,F,1,1151,5,0,1,1,12,2,80,1,0,0,995,0,0,0,08234,9,9,2,4,3,1,2,1,1,1,1,1,0,0,1,1,1,2,3,0,1,3,52,98,1,1,2,D,28,0,0,0,0,0,0,0,0,0,0,20,25,0,0,0,1,12,999,999,999,9999999,999,999,999,6,0,0,0,0,0,0,995,9.8,998,998,998,99.8,99.8,99.8,963.9444436,1,7
27366,24,110,1-24-2022-110-04,4,2,2HGFE2F57NH5,17,474,1863,13,0,37,31,2022,4,1,3,0,1,B,9,1313,5,9999,9,0,998,5,80,1,0,0,995,0,0,0,08234,9,9,2,4,3,1,2,1,1,1,1,1,0,0,1,1,1,2,9,0,1,3,53,1,1,1,2,D,29,0,0,0,0,0,0,0,0,0,0,25,20,0,0,0,1,0,999,999,999,9999999,999,999,999,9,0,95,95,95,95,0,995,9.8,998,998,998,99.8,99.8,99.8,963.9444436,1,7
27367,24,111,1-24-2022-111-03,3,1,3KPFK4A72JE2,17,499,2462,13,0,63,38,2018,4,1,3,0,1,L,1,1272,5,0,1,4,11,2,40,1,0,0,995,0,0,0,08401,2,2,0,4,5,98,2,1,1,1,0,0,0,0,1,1,0,0,9,1,8,2,21,1,1,2,6,M,98,0,0,0,0,0,0,0,0,0,0,320,30,0,0,0,1,12,999,999,999,9999999,999,999,999,6,0,1,2,0,4,0,995,9.8,998,998,998,99.8,99.8,99.8,228.3427591,1,7
27367,24,111,1-24-2022-111-03,3,2,1HGCR2F85FA1,17,474,1861,13,0,37,32,2015,4,1,4,0,1,F,1,1496,5,0,1,1,39,2,40,1,0,0,995,0,0,0,27514,2,2,0,4,5,2,2,1,1,1,3,2,0,0,1,1,0,0,1,0,1,4,64,3,1,1,6,M,98,0,0,0,0,0,0,0,0,0,0,30,320,0,0,0,1,11,999,999,999,9999999,999,999,999,6,0,1,2,0,4,0,995,9.8,998,998,998,99.8,99.8,99.8,228.3427591,1,7
27368,73,91,1-73-2022-091-10,10,1,WAUJGAFC7CN0,17,582,3148,13,0,32,42,2012,4,1,5,0,1,F,1,1835,5,0,1,1,13,2,80,1,8,0,995,0,7,0,04105,9,9,0,4,2,1,2,1,1,1,1,4,0,0,2,1,0,0,1,0,1,6,87,99,1,1,1,C,13,0,0,0,0,0,0,0,0,0,0,998,998,0,0,0,1,12,999,999,999,9999999,999,999,999,6,0,0,0,0,0,0,998,9.8,998,998,998,99.8,99.8,99.8,1560.739046,3,7
27369,73,92,1-73-2022-092-05,5,1,1FTEX1EP6GFD,17,460,1801,60,0,12,481,2016,34,5,31,0,1,F,2,2081,5,0,1,1,8,2,72,1,8,0,995,0,0,0,04401,9,9,0,4,2,1,2,1,1,1,1,2,0,0,2,1,0,0,9,1,1,2,13,8,4,4,1,A,1,1,2,2,2,1,1,61,1,1,23,998,998,0,0,1,1,1,36,-31,-18,158996,998,-118,36,0,4,0,0,0,3,3,998,0.1,120,95,35,3.6,11.6,12.1,23.59090556,3,7
27372,52,137,1-52-2022-137-03,3,1,JM3LW28G6Y01,17,473,2322,2,0,41,441,2000,20,4,20,0,1,L,2,1656,5,9999,9,0,998,2,56,1,9,0,995,0,9,0,59101,1,9,0,4,4,98,2,2,1,1,2,3,0,0,1,2,0,0,3,1,1,2,11,1,1,2,3,G,52,0,0,0,0,0,0,0,0,0,0,170,270,0,0,0,3,3,27,-17,20,76774,998,-79,30,0,4,2,5,0,4,0,995,9.8,998,998,998,99.8,99.8,99.8,31.17820355,12,7
27372,52,137,1-52-2022-137-03,3,2,3B7KF23682M2,17,476,1938,60,0,7,482,2002,34,5,31,0,1,R,9,2623,5,9999,9,0,998,5,56,1,0,0,995,0,0,0,59105,9,9,0,4,4,2,2,2,1,1,3,2,0,0,1,2,0,0,1,0,1,3,54,3,1,1,3,G,52,0,0,0,0,0,0,0,0,0,0,270,95,1,0,0,1,0,999,999,999,9999999,999,999,999,9,0,95,95,95,95,0,995,9.8,998,998,998,99.8,99.8,99.8,31.17820355,12,7
27372,52,137,1-52-2022-137-03,3,3,2FMDK49C28BA,17,460,1797,7,0,12,24,2008,6,1,4,0,1,F,1,1945,5,0,1,1,17,2,56,1,0,0,995,0,0,0,59101,9,9,0,4,4,2,2,2,1,1,3,2,0,0,1,2,0,0,9,0,1,6,90,2,1,1,6,M,98,0,0,0,0,0,0,0,0,0,0,998,998,0,0,0,2,10,999,999,999,9999999,999,-37,20,2,0,99,99,0,99,0,998,9.8,998,998,998,99.8,99.8,99.8,31.17820355,12,7
27372,52,137,1-52-2022-137-03,3,4,1FTER4FH0KLA,17,460,1803,60,0,12,471,2019,34,5,31,0,1,F,1,2014,5,0,1,1,17,2,56,1,0,0,995,0,0,0,59101,1,2,0,4,4,2,2,2,1,1,3,2,0,0,1,2,0,0,1,0,1,3,54,3,1,1,6,M,98,0,0,0,0,0,0,0,0,0,0,270,170,0,0,0,3,3,20,-17,-10,33893,998,-98,17,0,4,1,1,0,4,0,995,9.8,998,998,998,99.8,99.8,99.8,31.17820355,12,7
27374,14,78,1-14-2022-078-05,5,1,1N4AL3AP3GC1,17,478,1904,13,0,35,47,2016,4,1,4,0,1,F,1,1453,5,0,1,1,11,2,97,1,0,1,177,2,0,2,78130,9,1,0,2,3,1,2,1,1,9,1,3,2,3,1,1,0,0,9,1,1,2,13,99,1,4,1,A,1,0,0,0,0,0,0,0,0,0,0,998,998,0,0,0,1,1,19,-19,0,21288,998,10,19,0,4,3,10,1,3,0,998,4.6,999,999,999,99.9,99.9,99.9,286.7323974,8,7
27376,66,85,1-66-2022-085-09,9,1,3AKJHLDV7MSM,17,450,2501,66,0,82,881,2021,66,8,68,0,1,R,9,,,,,,,5,89,1,0,0,995,0,7,0,72704,9,9,2,4,2,1,2,1,1,1,1,2,0,0,1,1,2,2,9,0,1,2,17,99,1,1,5,L,87,,,,,,,,,,,,,,,,,,,,,,,,,,,95,95,95,95,,,9.8,998,998,998,99.8,99.8,99.8,277.3538386,6,7
27376,66,85,1-66-2022-085-09,9,2,KMHDN46D24U8,17,498,2735,13,0,55,35,2004,4,1,2,0,1,F,2,1217,5,0,1,1,20,2,105,1,0,0,995,0,7,0,64862,9,9,2,4,3,2,2,1,1,1,1,4,1,0,1,1,0,0,9,0,1,4,66,2,2,1,5,L,86,0,0,0,0,0,0,0,0,0,0,270,0,0,0,0,1,5,999,999,999,9999999,999,999,35,3,0,1,1,0,4,0,995,9.8,998,998,998,99.8,99.8,99.8,277.3538386,6,7
27377,66,86,1-66-2022-086-09,9,1,JHMES26705S0,17,474,1863,13,0,37,31,2005,4,1,2,0,1,F,2,1117,5,0,1,1,8,2,64,1,0,0,995,0,7,0,65712,9,9,0,4,2,1,2,1,3,1,0,0,0,0,1,1,0,0,9,1,14,4,62,8,1,4,3,G,51,0,0,0,0,0,0,0,0,0,0,998,998,0,1,1,2,8,999,999,999,9999999,999,999,999,7,0,99,99,0,99,0,998,0.0,35,35,70,11.2,3.4,11.2,277.3538386,6,7
27377,66,86,1-66-2022-086-09,9,2,999999999999,99,99999,99999,999,0,99,999,9999,99,10,99,99,1,F,9,,,,,,,5,64,1,9,0,995,0,9,0,99999,9,9,0,4,2,1,2,1,2,1,0,0,0,0,1,1,0,0,9,1,14,2,10,99,1,2,3,G,50,,,,,,,,,,,,,,,,,,,,,,,,,,,95,95,95,95,,,9.8,998,998,998,99.8,99.8,99.8,277.3538386,6,7
27378,14,79,1-14-2022-079-06,6,1,JN8AS5MT8EW6,17,478,18137,8,0,35,51,2014,6,1,3,0,1,R,1,1567,5,0,1,1,23,2,72,1,0,0,995,0,0,0,78130,1,2,2,1,4,1,2,1,1,9,1,3,0,0,1,1,1,2,9,0,1,2,17,1,1,1,5,L,87,0,0,0,0,0,0,0,0,0,0,115,50,0,0,0,1,3,21,11,-18,39114,998,74,22,0,4,0,0,0,5,0,995,9.8,998,998,998,99.8,99.8,99.8,3596.682018,8,7
27378,14,79,1-14-2022-079-06,6,2,5TFEY5F16LX2,17,448,2467,60,0,49,482,2020,34,5,31,0,1,F,1,2422,8,9999,9,0,998,5,72,1,0,0,995,0,0,0,78227,9,9,2,3,4,2,2,1,1,9,3,1,0,0,1,1,1,2,9,0,1,4,66,99,1,1,5,L,86,0,0,0,0,0,0,0,0,0,0,50,115,0,0,0,1,3,14,-14,-2,16539,998,-43,13,0,4,95,95,95,95,0,995,9.8,998,998,998,99.8,99.8,99.8,3596.682018,8,7
27379,28,80,1-28-2022-080-06,6,1,2GNALBEK6E62,17,467,1847,7,0,20,404,2014,14,3,14,0,1,F,3,1706,5,0,1,1,15,2,48,1,0,0,995,0,0,0,16748,9,9,0,4,2,1,2,1,1,1,1,2,2,3,1,1,0,0,9,1,1,2,13,1,1,4,1,C,11,0,0,0,0,0,0,0,0,0,0,130,140,0,0,0,1,12,999,999,999,9999999,999,999,999,8,0,1,1,0,5,0,995,9.8,998,998,998,99.8,99.8,99.8,39.61181158,3,7
27379,28,80,1-28-2022-080-06,6,2,1N6BF0LX1CN1,17,478,1922,95,0,35,461,2012,21,4,21,0,2,B,2,2716,5,9999,9,4,25,,,,,,,,,,,,,,,,,,,,,,,,,,,,,,,,,,,,,,,,,,,,,,,,,,,,,,,,,,,,,,,,,,95,95,95,95,,,,,,,,,,39.61181158,3,7
27379,28,80,1-28-2022-080-06,6,3,1GKS2HKC1FR6,17,472,4579,7,0,23,422,2015,15,3,15,0,1,9,9,2620,5,9999,9,0,998,5,48,1,0,0,995,0,0,0,16915,9,9,0,4,2,1,2,1,1,1,1,2,2,3,1,1,0,0,1,0,1,4,62,4,1,1,6,M,98,0,0,0,0,0,0,0,0,0,0,320,355,0,0,0,2,0,999,999,999,9999999,999,999,999,9,0,95,95,95,95,0,995,9.8,998,998,998,99.8,99.8,99.8,39.61181158,3,7
27380,28,81,1-28-2022-081-04,4,1,2FMPK4K98NBA,17,460,1797,7,0,12,424,2022,15,3,15,0,1,F,1,1875,5,0,1,1,3,2,113,1,0,0,995,0,0,0,14020,1,2,0,2,2,1,2,1,3,1,1,3,2,3,1,1,0,0,1,0,14,6,87,3,1,1,1,C,13,0,0,0,0,0,0,0,0,0,0,998,998,0,0,0,1,10,999,999,999,9999999,999,-113,12,2,0,0,0,0,0,0,998,9.8,998,998,998,99.8,99.8,99.8,62.20629765,3,7
27381,32,60,1-32-2022-060-02,2,1,1FTEW1E53KKD,17,460,1801,60,0,12,481,2019,34,5,31,0,1,F,1,2236,5,9999,9,0,998,2,48,1,8,0,995,0,7,0,75224,2,9,0,4,2,1,1,1,3,3,0,0,0,0,2,1,0,0,3,1,14,2,10,1,1,2,3,G,50,0,0,0,0,0,0,0,0,0,0,120,300,0,0,0,1,3,13,-13,0,17036,998,-45,13,0,4,0,0,0,0,0,995,9.8,998,998,998,99.8,99.8,99.8,216.1108865,7,7
27381,32,60,1-32-2022-060-02,2,2,1FMSK7DH6LGB,17,460,1800,7,0,12,425,2020,15,3,15,0,1,F,1,2022,5,0,1,1,24,2,48,1,8,0,995,0,7,0,75211,2,9,0,4,2,1,1,1,2,3,0,0,0,0,2,1,0,0,9,0,14,4,62,1,1,1,3,G,51,0,0,0,0,0,0,0,0,0,0,300,120,0,0,0,1,3,13,-13,0,15232,998,-45,13,0,4,9,97,0,8,0,995,9.8,998,998,998,99.8,99.8,99.8,216.1108865,7,7
27383,16,91,1-16-2022-091-09,9,1,1HGCP2F30CA2,17,474,1861,13,0,37,32,2012,4,1,4,0,1,F,9,1523,5,9999,9,0,998,2,105,1,0,0,995,0,0,0,45246,9,9,1,2,5,3,2,1,1,1,3,3,0,3,3,1,0,0,9,1,1,2,12,99,1,4,1,B,6,0,0,0,0,0,0,0,0,0,0,998,998,0,0,0,1,0,999,999,999,9999999,999,999,999,9,0,9,97,0,5,0,998,3.2,999,999,999,0.0,0.0,0.0,1729.902219,5,7
27384,76,81,1-76-2022-081-04,4,1,JTME6RFV9NJ0,17,448,2217,7,0,49,402,2022,14,3,14,0,1,F,9,1703,5,9999,9,0,998,2,89,1,8,9,998,8,7,9,13753,9,9,0,4,2,1,2,1,2,2,1,2,0,0,5,1,0,0,9,0,14,6,87,99,1,1,1,C,13,0,0,0,0,0,0,0,0,0,0,998,998,0,0,0,1,0,999,999,999,9999999,999,999,999,9,0,0,0,0,0,0,998,9.8,998,998,998,99.8,99.8,99.8,40.87878184,3,7