CASEID,PSU,CASENO,CASENUMBER,CATEGORY,VEHNO,VIN,VINLENGTH,VPICMAKE,VPICMODEL,VPICBODYCLASS,ICFINALBODY,MAKE,MODEL,MODELYR,BODYTYPE,BODYCAT,VEHCLASS,SPECUSE,TRANSTAT,DAMPLANE,DAMSEV,CURBWT,CURBSRC,CARGOWT,CARGOSRC,INSPTYPE,INSPLAG,TOWED,SPEEDLIMIT,DRPRESENT,PARALCOHOL,ALCTEST,ALCTESTRESULT,ALCTESTSRC,PARDRUG,DRUGTEST,ZIP,RACE,ETHNICITY,RELTOJUNCT,TRAFFLOW,RDLANES,INITLANE,SURFTYPE,SURFCOND,ALIGNMENT,PROFILE,LINERIGHT,LINELEFT,RUMBINIT,RUMBROAD,LIGHTCOND,WEATHER,TRAFDEV,TRAFFUNCT,DISTRACT,PREFHE,PREMOVE,CRITCAT,CRITEVENT,MANEUVER,PRESTAB,PRELOC,CRASHCAT,CRASHCONF,CRASHTYPE,ROLLTYPE,ROLLTURN,ROLLINTRPT,ROLLPREMAN,ROLLINITYP,ROLLINLOC,ROLLOBJ,ROLLTRIP,ROLLDIR,ROLLDIST,DVANGTHIS,DVANGOTH,TOWHITCH,TRAJDOC,TREEPOLE,DVEVENT,DVBASIS,DVTOTAL,DVLONG,DVLAT,DVENERGY,DVSPEED,DVMOMENT,DVBES,DVEST,DVCONF,VAIS,VISS,VINJURED,VTREAT,INITOBJCLASS,HEADANGLECAT,SHLDRWIDTH,STRKLENGTH,STRKWIDTH,STRKHEIGHT,EDGEDISTX,EDGEDISTY,EDGEDISTZ,CASEWGT,PSUSTRAT,VERSION
27501,59,76,1-59-2022-076-04,4,1,1N4BL4CV3KC1,17,478,1904,13,0,35,47,2019,4,1,4,0,1,F,1,1545,5,0,1,1,4,2,48,1,0,0,995,0,0,0,47802,9,9,2,1,6,2,2,1,1,1,1,3,0,0,3,1,1,2,9,0,1,3,50,2,1,1,2,D,20,0,0,0,0,0,0,0,0,0,0,180,180,0,0,0,1,5,999,999,999,9999999,999,999,18,2,0,0,0,0,0,0,995,9.8,998,998,998,99.8,99.8,99.8,443.657633,6,7
27501,59,76,1-59-2022-076-04,4,2,1XP5DB9X25N8,17,495,2046,66,0,87,881,2005,66,8,68,0,1,B,9,,,,,,,5,48,1,0,0,995,0,0,0,60954,9,9,2,1,6,2,2,1,1,1,1,3,0,0,3,1,1,2,9,0,5,3,53,1,1,1,2,D,21,,,,,,,,,,,,,,,,,,,,,,,,,,,95,95,95,95,,,9.8,998,998,998,99.8,99.8,99.8,443.657633,6,7
27502,59,77,1-59-2022-077-08,8,1,1B3ES56C93D1,17,476,5880,13,0,7,20,2003,4,1,3,0,1,F,3,1230,5,9999,9,5,11,2,64,1,1,1,161,2,0,2,47802,1,2,0,4,4,2,2,1,3,1,3,2,0,0,3,1,0,0,9,1,14,2,10,99,1,2,3,G,50,0,0,0,0,0,0,0,0,0,0,160,345,0,0,0,1,12,999,999,999,9999999,999,999,999,8,0,3,10,1,3,0,995,9.8,998,998,998,99.8,99.8,99.8,126.2150634,6,7
27502,59,77,1-59-2022-077-08,8,2,1GNDT13S1622,17,467,4548,7,0,20,403,2006,14,3,14,0,1,F,3,2084,5,9999,9,5,11,2,64,1,1,1,80,1,1,2,46901,1,9,0,4,4,2,2,1,2,1,3,2,0,0,3,1,0,0,9,0,14,4,62,99,1,1,3,G,51,0,0,0,0,0,0,0,0,0,0,345,160,0,0,0,1,12,999,999,999,9999999,999,999,999,8,0,1,1,0,4,0,995,9.8,998,998,998,99.8,99.8,99.8,126.2150634,6,7
27505,17,102,1-17-2022-102-05,5,1,JTDKB20U8570,17,448,2209,5,0,49,46,2005,5,1,3,0,1,R,1,1335,5,0,1,1,5,2,72,1,9,0,995,0,9,0,61201,9,9,2,4,5,3,1,1,1,1,1,2,0,0,1,1,1,2,9,0,11,2,15,99,1,1,4,J,68,0,0,0,0,0,0,0,0,0,0,5,255,0,0,0,1,1,13,-4,-12,23820,998,194,12,0,1,0,0,0,0,0,995,9.8,998,998,998,99.8,99.8,99.8,74.63199473,4,7
27505,17,102,1-17-2022-102-05,5,2,1HGCR2F94GA2,17,474,1861,13,0,37,32,2016,4,1,4,0,1,F,1,1496,5,0,1,5,5,2,72,1,9,0,995,0,9,0,61265,1,2,2,4,6,2,1,1,1,1,1,3,0,0,1,1,1,2,1,0,1,4,62,1,1,1,4,J,69,0,0,0,0,0,0,0,0,0,0,255,5,0,0,0,1,1,12,-12,0,11599,998,45,13,0,1,1,1,0,4,0,995,9.8,998,998,998,99.8,99.8,99.8,74.63199473,4,7
27506,17,103,1-17-2022-103-03,3,1,5FNRL18943B1,17,474,1869,2,0,37,441,2003,20,4,20,0,1,F,9,1980,5,9999,9,0,998,2,48,1,9,0,995,0,9,0,61201,9,9,2,4,4,2,1,1,1,1,1,1,0,0,1,1,1,2,9,0,1,2,17,99,1,1,4,K,83,0,0,0,0,0,0,0,0,0,0,260,120,0,0,0,1,0,999,999,999,9999999,999,999,999,9,0,99,99,0,8,0,995,9.8,998,998,998,99.8,99.8,99.8,149.7642903,4,7
27506,17,103,1-17-2022-103-03,3,2,JTEBU5JR0L57,17,448,2216,7,0,49,401,2020,14,3,14,0,1,L,1,2111,5,0,1,1,7,2,48,1,9,0,995,0,9,0,61201,1,2,2,4,4,3,1,1,1,1,1,2,0,0,1,1,1,2,1,0,11,4,66,4,1,1,4,K,82,0,0,0,0,0,0,0,0,0,0,120,260,0,0,0,1,98,999,999,999,9999999,999,999,999,6,0,1,1,0,4,0,995,9.8,998,998,998,99.8,99.8,99.8,149.7642903,4,7
27507,17,104,1-17-2022-104-03,3,1,3C4PDCAB5JT1,17,476,1939,7,0,7,27,2018,6,1,4,0,1,L,1,1735,5,0,1,1,12,2,48,1,0,0,995,0,0,0,61201,9,9,2,4,2,1,2,1,1,1,0,0,0,0,1,1,2,2,9,0,1,2,18,8,1,1,5,L,89,1,2,1,5,7,1,2,2,1,9,110,160,0,0,0,1,1,16,3,16,25273,998,-22,19,0,4,1,2,0,4,1,995,9.8,998,998,998,99.8,99.8,99.8,149.7642903,4,7
27507,17,104,1-17-2022-104-03,3,2,1C3LC46K98N2,17,477,1877,13,0,6,43,2008,4,1,3,0,1,F,1,1502,5,0,1,1,13,2,48,1,0,0,995,0,0,0,61201,9,9,2,4,2,1,2,1,1,1,0,4,0,0,1,1,0,0,9,0,1,4,66,99,1,1,5,L,88,0,0,0,0,0,0,0,0,0,0,160,110,0,0,0,1,1,19,-16,-9,26444,998,-103,17,0,4,0,0,0,0,0,995,9.8,998,998,998,99.8,99.8,99.8,149.7642903,4,7
27508,12,56,1-12-2022-056-09,9,1,1FMCU9GX7FUB,17,460,1798,7,0,12,402,2015,14,3,14,0,1,B,1,1635,5,9999,9,0,998,5,121,1,0,0,995,0,0,0,75025,9,9,0,2,2,2,1,1,1,1,3,2,1,3,1,8,0,0,9,0,1,3,52,99,1,1,2,D,28,0,0,0,0,0,0,0,0,0,0,180,190,0,0,0,2,3,21,21,0,22236,998,0,19,0,4,95,95,95,95,0,995,9.8,998,998,998,99.8,99.8,99.8,933.0779303,9,7
27508,12,56,1-12-2022-056-09,9,2,1G4GE5EVXAF1,17,468,1821,13,0,18,22,2010,4,1,4,0,1,F,1,1822,5,0,1,1,33,2,121,1,0,0,995,0,0,0,73160,9,9,0,2,2,2,1,1,1,1,3,2,1,3,1,8,0,0,9,0,1,3,52,2,1,1,6,M,98,0,0,0,0,0,0,0,0,0,0,190,180,0,0,0,2,3,17,-17,3,29298,998,-13,19,0,4,0,0,0,0,0,995,9.8,998,998,998,99.8,99.8,99.8,933.0779303,9,7
27508,12,56,1-12-2022-056-09,9,3,2G11Z5SA5G91,17,467,1833,13,0,20,2,2016,4,1,4,0,1,B,9,1661,5,9999,9,0,998,5,121,1,0,0,995,0,0,0,73117,9,9,0,2,2,2,1,1,1,1,3,2,1,3,1,8,0,0,1,0,2,3,53,99,1,1,2,D,29,0,0,0,0,0,0,0,0,0,0,180,180,0,0,0,1,0,999,999,999,9999999,999,999,999,9,0,95,95,95,95,0,995,9.8,998,998,998,99.8,99.8,99.8,933.0779303,9,7
27510,19,149,1-19-2022-149-07,7,1,19XFB2F8XFE0,17,474,1863,13,0,37,31,2015,4,1,3,0,1,F,2,1258,5,0,1,1,7,2,72,1,0,0,995,0,0,0,35907,1,9,2,5,5,2,2,1,1,1,3,2,0,0,1,1,0,0,2,1,6,3,52,99,1,2,2,D,28,0,0,0,0,0,0,0,0,0,0,60,80,0,0,0,1,3,32,-32,0,37513,998,34,25,0,4,0,0,0,0,0,995,9.8,998,998,998,99.8,99.8,99.8,3498.726146,9,7
27510,19,149,1-19-2022-149-07,7,2,999999999999,99,448,2465,13,0,49,43,2014,4,1,4,0,1,B,2,1620,5,9999,9,0,998,5,72,1,0,0,995,0,0,0,35146,9,9,2,5,5,1,2,1,1,1,1,3,0,0,1,1,0,0,1,0,10,3,53,1,1,1,2,D,31,0,0,0,0,0,0,0,0,0,0,80,60,0,0,0,1,3,27,26,-9,93373,998,99,31,0,4,95,95,95,95,0,995,9.8,998,998,998,99.8,99.8,99.8,3498.726146,9,7
27511,19,150,1-19-2022-150-05,5,1,JTDZN3EU5HJ0,17,448,13822,15,0,49,46,2017,6,1,4,0,1,R,1,1505,5,0,1,1,2,2,72,1,0,0,995,0,0,0,36265,1,9,2,4,2,1,2,1,1,2,0,2,0,0,1,8,2,2,9,0,1,2,17,7,1,1,5,L,90,0,0,0,0,0,0,0,0,0,0,160,20,0,1,0,1,1,18,-16,-9,11553,998,-19,14,0,1,9,97,0,8,0,995,9.8,998,998,998,99.8,99.8,99.8,72.34199548,9,7
27511,19,150,1-19-2022-150-05,5,2,4T1BE46K77U1,17,448,2469,13,0,49,40,2007,4,1,3,0,1,F,1,1490,5,0,1,1,2,2,72,1,0,0,995,0,0,0,35905,1,9,2,4,2,1,2,1,1,1,1,2,0,0,1,8,0,0,9,0,1,4,66,2,1,1,5,L,90,0,0,0,0,0,0,0,0,0,0,20,160,0,1,0,1,1,17,-17,3,32039,998,55,20,0,1,9,97,0,8,0,995,9.8,998,998,998,99.8,99.8,99.8,72.34199548,9,7
27514,11,68,1-11-2022-068-07,7,1,5J8YD4H34HL0,17,475,2147,7,0,54,421,2017,15,3,15,0,1,F,2,1970,5,9999,9,4,86,2,72,1,0,0,995,0,0,0,23236,9,9,2,1,6,4,2,1,1,9,1,1,0,0,3,1,1,2,1,0,1,3,52,99,1,1,2,D,28,0,0,0,0,0,0,0,0,0,0,165,160,0,0,0,1,12,999,999,999,9999999,999,999,999,7,0,0,0,0,0,0,995,9.8,998,998,998,99.8,99.8,99.8,3536.475004,8,7
27514,11,68,1-11-2022-068-07,7,2,5NMSG13D98H1,17,498,2057,7,0,55,401,2008,14,3,14,0,1,B,9,1724,5,9999,9,0,998,5,72,1,0,0,995,0,0,0,23112,9,9,2,1,6,4,2,1,1,9,1,1,0,0,3,1,1,2,1,0,2,3,53,99,1,1,2,D,29,0,0,0,0,0,0,0,0,0,0,160,165,0,0,0,1,0,999,999,999,9999999,999,999,999,9,0,95,95,95,95,0,995,9.8,998,998,998,99.8,99.8,99.8,3536.475004,8,7
27515,11,69,1-11-2022-069-04,4,1,WDCTG4GB4KU0,17,449,2084,7,0,42,55,2019,5,1,3,0,1,F,9,1505,5,9999,9,0,998,2,72,1,0,0,995,0,0,0,23832,9,9,2,3,2,2,2,1,3,9,1,2,0,0,3,1,1,2,1,1,11,2,10,99,1,2,2,F,48,0,0,0,0,0,0,0,0,0,0,350,5,0,0,0,1,0,999,999,999,9999999,999,999,999,9,0,0,0,0,0,0,995,9.8,998,998,998,99.8,99.8,99.8,1340.142026,8,7
27515,11,69,1-11-2022-069-04,4,2,1V2BE2CA8MC2,17,482,29590,7,0,30,403,2021,14,3,14,0,1,R,1,2042,5,0,1,4,11,2,72,1,0,0,995,0,0,0,23234,2,2,2,3,2,2,2,1,3,9,1,2,0,0,3,1,1,2,1,0,11,4,61,99,1,1,2,F,48,0,0,0,0,0,0,0,0,0,0,5,350,0,0,0,1,12,999,999,999,9999999,999,999,999,6,0,0,0,0,0,0,995,9.8,998,998,998,99.8,99.8,99.8,1340.142026,8,7
27516,11,70,1-11-2022-070-06,6,1,1N4AL3AP3HC4,17,478,1904,13,0,35,47,2017,4,1,4,0,1,F,3,1453,5,0,1,1,9,2,72,1,0,0,995,0,0,0,23236,9,9,2,4,5,4,2,1,1,9,1,1,0,0,1,1,1,2,1,0,1,2,17,2,1,1,4,K,83,0,0,0,0,0,0,0,0,0,0,255,160,0,0,0,1,3,43,-42,-7,77712,998,-36,34,0,4,2,5,0,4,0,995,9.8,998,998,998,99.8,99.8,99.8,957.5790044,8,7
27516,11,70,1-11-2022-070-06,6,2,5NMSG13D28H1,17,498,2057,7,0,55,401,2008,14,3,14,0,1,L,2,1724,5,0,1,1,10,2,72,1,0,0,995,0,0,0,23224,9,9,2,1,4,4,2,1,1,1,1,2,0,0,1,1,1,2,1,0,11,4,66,1,1,1,4,K,82,0,0,0,0,0,0,0,0,0,0,160,255,0,0,0,1,3,38,-7,37,149171,998,-35,45,0,4,0,0,0,0,0,995,9.8,998,998,998,99.8,99.8,99.8,957.5790044,8,7
27516,11,70,1-11-2022-070-06,6,3,5NPE24AF3GH3,17,498,2459,13,0,55,33,2016,4,1,4,0,1,L,9,1475,5,9999,9,0,998,5,72,1,0,0,995,0,0,0,23225,9,9,2,4,4,3,2,1,1,9,1,1,0,0,1,1,1,2,1,0,11,4,60,8,1,1,6,M,98,0,0,0,0,0,0,0,0,0,0,195,195,0,0,0,2,0,999,999,999,9999999,999,999,999,9,0,95,95,95,95,0,995,9.8,998,998,998,99.8,99.8,99.8,957.5790044,8,7
27517,76,83,1-76-2022-083-02,2,1,3VW167AJ6GM3,17,482,3137,13,0,30,40,2016,4,1,3,0,1,R,3,1364,5,9999,9,0,998,2,89,1,1,9,998,8,7,9,12074,9,9,2,4,3,2,2,1,1,1,1,2,0,0,1,1,1,2,9,0,11,2,15,99,1,1,4,J,68,0,0,0,0,0,0,0,0,0,0,140,20,0,0,0,1,3,75,-48,-57,510943,998,78,83,0,4,0,0,0,0,0,995,9.8,998,998,998,99.8,99.8,99.8,24.42671201,3,7
27517,76,83,1-76-2022-083-02,2,2,JA4AZ3A32LZ0,17,481,2163,7,0,52,404,2020,14,3,14,0,1,F,3,1545,5,0,1,1,35,2,89,1,8,9,998,8,7,9,12124,1,2,2,4,3,2,2,1,3,1,1,2,0,0,1,1,1,2,9,0,14,4,62,98,1,1,4,J,69,0,0,0,0,0,0,0,0,0,0,20,140,0,0,0,1,3,66,-65,12,193166,998,34,54,0,4,2,4,0,4,0,995,9.8,998,998,998,99.8,99.8,99.8,24.42671201,3,7
27518,24,114,1-24-2022-114-09,9,1,KMHFC46F27A2,17,498,2771,13,0,55,39,2007,4,1,4,0,1,F,9,1648,5,9999,9,0,998,2,80,1,0,0,995,0,0,0,08232,9,9,0,4,2,1,2,1,2,5,1,3,2,2,1,1,0,0,9,1,14,2,11,99,9,4,1,C,11,0,0,0,0,0,0,0,0,0,0,300,280,0,0,0,1,0,999,999,999,9999999,999,999,999,9,0,3,10,1,3,0,995,9.8,998,998,998,99.8,99.8,99.8,3349.249847,1,7
27518,24,114,1-24-2022-114-09,9,2,1FTNE2EW7DDB,17,460,1817,95,0,12,461,2013,21,4,21,0,2,B,9,2268,5,9999,9,0,998,,,,,,,,,,,,,,,,,,,,,,,,,,,,,,,,,,,,,,,,,,,,,,,,,,,,,,,,,,,,,,,,,,95,95,95,95,,,,,,,,,,3349.249847,1,7
27519,14,80,1-14-2022-080-06,6,1,JN8AT2MT3HW4,17,478,1913,8,0,35,51,2017,6,1,3,0,1,R,2,1550,5,0,1,1,29,2,72,1,0,0,995,0,0,0,78130,1,2,2,1,5,5,2,1,1,9,1,2,0,0,1,1,1,2,1,0,11,2,15,9,1,1,4,J,68,1,4,2,5,7,1,2,2,2,21,210,100,0,0,0,1,5,999,999,999,9999999,999,999,36,3,0,1,1,0,4,1,995,9.8,998,998,998,99.8,99.8,99.8,7106.979741,8,7
27519,14,80,1-14-2022-080-06,6,2,1XP5DB9X06N8,17,495,2046,66,0,87,881,2006,66,8,68,0,1,F,9,,,,,,,5,72,1,0,0,995,0,0,0,78666,9,9,2,1,5,2,2,1,1,9,1,3,0,0,1,1,1,2,9,0,1,4,62,99,1,1,4,J,69,,,,,,,,,,,,,,,,,,,,,,,,,,,95,95,95,95,,,9.8,998,998,998,99.8,99.8,99.8,7106.979741,8,7
27520,14,81,1-14-2022-081-02,2,1,1V2HR2CA5NC5,17,482,29592,7,0,30,403,2022,14,3,14,0,1,B,9,2042,5,9999,9,0,998,5,113,1,0,0,995,0,0,0,78384,9,9,1,2,4,1,2,1,1,9,1,3,2,3,1,1,0,0,9,0,5,3,53,99,1,1,6,M,98,0,0,0,0,0,0,0,0,0,0,20,20,0,0,0,3,0,999,999,999,9999999,999,999,999,9,0,95,95,95,95,0,995,9.8,998,998,998,99.8,99.8,99.8,154.7892079,8,7
27520,14,81,1-14-2022-081-02,2,2,2GCEC13V1711,17,467,1850,60,0,20,481,2007,34,5,30,0,1,B,1,2262,5,91,1,1,19,2,113,1,0,0,995,0,0,0,76110,9,1,1,2,4,1,2,1,1,9,1,3,2,3,1,1,0,0,9,0,2,3,50,99,1,1,6,M,98,0,0,0,0,0,0,0,0,0,0,20,20,0,0,0,2,3,13,13,0,25430,998,-5,16,0,4,0,0,0,0,0,995,9.8,998,998,998,99.8,99.8,99.8,154.7892079,8,7
27520,14,81,1-14-2022-081-02,2,3,3FMCR9B66NRD,17,460,27411,7,0,12,498,2022,19,3,19,0,1,B,3,1568,5,0,1,1,19,2,113,1,0,0,995,0,0,0,78233,9,1,1,2,4,1,2,1,1,9,1,3,2,3,1,1,0,0,9,0,2,3,53,1,1,1,2,D,29,0,0,0,0,0,0,0,0,0,0,20,20,0,0,0,1,3,59,59,0,142952,998,6,46,0,4,2,5,0,4,0,995,9.8,998,998,998,99.8,99.8,99.8,154.7892079,8,7
27520,14,81,1-14-2022-081-02,2,4,1GCEC19V46Z2,17,467,1850,60,0,20,481,2006,34,5,30,0,1,F,3,1980,5,9999,9,0,998,2,113,1,0,0,995,0,0,0,78222,1,1,1,2,4,1,2,1,1,9,1,3,2,3,1,1,0,0,3,0,1,3,52,2,1,1,2,D,28,0,0,0,0,0,0,0,0,0,0,20,20,0,0,0,1,3,48,-48,0,274038,998,0,58,0,4,3,14,1,3,0,995,9.8,998,998,998,99.8,99.8,99.8,154.7892079,8,7
27521,25,95,1-25-2022-095-04,4,1,1GCHK29D16E1,17,467,1850,60,0,20,481,2006,34,5,30,0,1,R,1,2644,5,9999,9,1,7,2,48,1,0,0,995,0,0,0,04105,9,9,3,4,2,1,2,1,3,2,1,2,0,0,1,1,0,0,1,0,14,4,72,3,2,1,4,K,83,0,0,0,0,0,0,0,0,0,0,355,270,0,1,0,1,12,999,999,999,9999999,999,999,999,6,0,0,0,0,0,0,995,9.8,998,998,998,99.8,99.8,99.8,842.9694796,2,7
27521,25,95,1-25-2022-095-04,4,2,1G1ZD5ST3NF1,17,467,1834,13,0,20,37,2022,4,1,4,0,1,F,9,1418,5,0,1,1,6,2,48,1,0,0,995,0,0,0,04106,9,9,3,4,2,1,2,1,1,2,0,0,0,0,1,1,0,0,9,0,11,2,15,99,1,1,4,K,82,0,0,0,0,0,0,0,0,0,0,270,355,0,1,0,1,12,999,999,999,9999999,999,999,999,9,0,99,99,0,0,0,995,9.8,998,998,998,99.8,99.8,99.8,842.9694796,2,7
27522,25,96,1-25-2022-096-03,3,1,JF1ZNBE1XP97,17,448,29364,3,0,49,398,2023,2,1,2,0,1,T,2,1278,5,0,1,1,16,2,56,1,8,1,0,2,7,0,04038,1,2,3,4,2,1,2,2,1,1,1,2,0,0,1,2,0,0,1,1,6,4,61,4,1,4,1,B,8,1,2,2,2,6,4,42,3,1,7,997,997,0,1,0,3,6,999,999,999,9999999,999,999,999,7,0,1,1,0,4,3,997,2.1,119,15,19,0.0,0.0,0.0,297.0462163,2,7
27523,73,98,1-73-2022-098-02,2,1,JA4ATWAA0NZ0,17,481,17617,7,0,52,403,2022,14,3,14,0,1,L,3,1575,5,0,1,1,33,2,72,1,1,1,270,2,0,1,04976,9,9,0,4,2,1,2,1,2,1,1,2,0,0,1,1,0,0,3,1,14,2,12,99,1,4,1,B,6,1,99,9,6,1,4,61,1,1,999,997,997,0,0,0,3,6,999,999,999,9999999,999,999,999,8,0,3,10,1,3,3,997,0.3,120,999,999,16.3,6.1,17.5,37.3527147,3,7
27524,73,99,1-73-2022-099-02,2,1,1G1PG5SC1C73,17,467,1832,13,0,20,25,2012,4,1,3,0,1,F,9,1407,5,9999,9,0,998,2,72,1,8,0,995,0,7,0,04487,9,9,2,4,2,1,2,2,1,1,0,0,0,0,1,2,2,2,9,0,1,2,17,99,1,1,5,L,88,0,0,0,0,0,0,0,0,0,0,10,235,0,0,0,1,0,999,999,999,9999999,999,999,999,9,0,9,97,0,8,0,995,9.8,998,998,998,99.8,99.8,99.8,37.3527147,3,7
27524,73,99,1-73-2022-099-02,2,2,5XXGT4L38KG2,17,499,2739,13,0,63,34,2019,4,1,4,0,1,L,9,1465,5,0,1,1,8,2,72,1,8,0,995,0,7,0,04943,1,2,2,4,2,1,2,2,1,1,1,2,0,0,1,2,0,0,1,0,1,4,66,99,1,1,5,L,89,0,0,0,0,0,0,0,0,0,0,235,10,0,0,0,1,12,999,999,999,9999999,999,999,999,9,0,2,5,0,3,0,995,0.0,999,999,999,99.9,99.9,99.9,37.3527147,3,7
27525,73,100,1-73-2022-100-03,3,1,3GCUKREC7EG3,17,467,1850,60,0,20,481,2014,34,5,31,0,1,F,1,2378,5,0,1,5,9,2,40,1,1,8,997,8,7,0,04976,9,9,0,4,3,1,2,1,2,1,1,2,0,0,5,1,0,0,1,1,14,1,8,99,1,2,3,I,64,0,0,0,0,0,0,0,0,0,0,0,185,0,0,0,1,5,999,999,999,9999999,999,999,8,1,0,1,1,0,4,0,995,9.8,998,998,998,99.8,99.8,99.8,130.1776371,3,7
27525,73,100,1-73-2022-100-03,3,2,5TFUY5F19LX9,17,448,2467,60,0,49,482,2020,34,5,31,0,1,L,1,2480,5,0,1,5,9,2,40,1,8,0,995,0,7,0,04084,9,9,0,4,3,2,2,1,3,1,3,2,0,0,5,1,0,0,1,0,14,4,62,99,1,1,3,I,65,0,0,0,0,0,0,0,0,0,0,185,0,1,0,0,1,5,999,999,999,9999999,999,999,999,2,0,99,99,0,99,0,995,9.8,998,998,998,99.8,99.8,99.8,130.1776371,3,7
27526,10,159,1-10-2022-159-03,3,1,3KPA25AD7NE4,17,499,2299,5,0,63,32,2022,5,1,2,0,1,F,2,1156,5,0,1,1,6,2,999,1,0,0,995,0,0,0,45067,9,9,2,3,1,1,2,1,1,4,1,2,0,0,4,1,2,2,1,0,1,2,17,99,1,1,5,L,88,0,0,0,0,0,0,0,0,0,0,100,0,0,0,0,1,12,999,999,999,9999999,999,999,999,7,0,9,97,0,5,0,995,9.8,998,998,998,99.8,99.8,99.8,184.7452621,4,7
27526,10,159,1-10-2022-159-03,3,2,KNAGM4A78F55,17,499,2739,13,0,63,34,2015,4,1,4,0,1,L,2,1468,5,9999,9,4,36,2,48,1,0,0,995,0,0,0,45404,1,2,2,4,2,1,2,1,1,1,0,2,0,0,4,1,0,0,1,0,1,4,66,99,1,1,5,L,89,0,0,0,0,0,0,0,0,0,0,0,100,0,0,0,1,12,999,999,999,9999999,999,999,999,7,0,0,0,0,5,0,995,9.8,998,998,998,99.8,99.8,99.8,184.7452621,4,7
27528,10,161,1-10-2022-161-03,3,1,1GC1YLEY0LF1,17,467,1850,60,0,20,481,2020,34,5,31,0,1,F,2,3009,5,9999,9,4,34,2,64,1,0,0,995,0,0,0,45322,9,9,2,1,2,2,2,1,1,1,3,2,0,0,1,1,1,2,1,0,1,2,17,99,1,1,4,J,69,0,0,0,0,0,0,0,0,0,0,10,150,0,0,0,1,3,27,-26,5,117532,998,50,30,0,4,9,97,0,5,0,995,9.8,998,998,998,99.8,99.8,99.8,184.7452622,4,7
27528,10,161,1-10-2022-161-03,3,2,1C4RJFJG0GC3,17,483,1949,7,0,2,422,2016,15,3,15,0,1,F,2,2261,5,0,1,1,35,2,64,1,0,0,995,0,0,0,45068,9,9,2,4,5,3,2,1,1,1,1,2,0,0,1,1,1,2,1,0,11,2,15,2,1,1,4,J,68,0,0,0,0,0,0,0,0,0,0,150,10,0,0,0,1,3,36,-31,-18,111211,998,-63,32,0,4,9,97,0,8,0,995,9.8,998,998,998,99.8,99.8,99.8,184.7452622,4,7
27529,10,162,1-10-2022-162-03,3,1,3N1AB8CV1NY2,17,478,1907,13,0,35,43,2022,4,1,3,0,1,F,1,1385,5,9999,9,0,998,5,56,1,0,0,995,0,0,0,45429,9,9,2,1,4,2,2,1,2,1,1,1,0,0,1,8,1,2,1,0,14,2,17,99,1,1,6,M,98,0,0,0,0,0,0,0,0,0,0,245,30,0,0,0,1,3,16,-16,0,14049,998,0,16,0,4,95,95,95,95,0,995,9.8,998,998,998,99.8,99.8,99.8,184.7452622,4,7
27529,10,162,1-10-2022-162-03,3,2,1HGCV1F19JA1,17,474,1861,13,0,37,32,2018,4,1,4,0,1,F,1,1462,5,0,1,1,3,2,64,1,0,0,995,0,0,0,45429,2,9,2,4,6,2,2,1,1,1,1,3,0,0,1,8,1,2,1,0,1,4,66,3,1,1,6,M,98,0,0,0,0,0,0,0,0,0,0,30,245,0,0,0,1,3,14,-12,-7,13991,998,-52,14,0,4,1,1,0,4,0,995,9.8,998,998,998,99.8,99.8,99.8,184.7452622,4,7
27530,16,95,1-16-2022-095-09,9,1,JTDDR32T3501,17,448,3645,5,0,49,33,2005,3,1,2,0,1,L,2,1100,5,0,1,1,8,2,40,1,1,1,101,1,0,0,45205,9,9,3,4,4,2,2,1,1,1,3,2,0,0,5,8,0,0,3,0,11,2,15,1,1,1,4,J,72,0,0,0,0,0,0,0,0,0,0,40,95,0,0,0,1,5,999,999,999,9999999,999,999,31,3,0,0,0,0,6,0,995,9.8,998,998,998,99.8,99.8,99.8,2845.612815,5,7
27530,16,95,1-16-2022-095-09,9,2,4ENGAAA85310,17,511,2151,130,0,98,898,2003,63,8,60,7,1,F,9,,,,,,,5,40,1,0,0,995,0,0,0,45202,9,9,3,4,4,3,2,1,1,1,2,3,0,0,5,8,0,0,1,1,6,4,61,1,1,2,4,J,73,,,,,,,,,,,,,,,,,,,,,,,,,,,95,95,95,95,,,9.8,998,998,998,99.8,99.8,99.8,2845.612815,5,7
27531,16,96,1-16-2022-096-06,6,1,1FAFP4444XF2,17,460,1781,1,0,12,3,1999,1,1,2,0,1,R,1,1445,5,0,1,1,6,2,56,1,0,0,995,0,0,0,45205,9,9,2,4,4,2,2,1,1,2,3,2,0,0,1,1,1,2,9,0,11,2,15,99,1,1,4,J,68,0,0,0,0,0,0,0,0,0,0,215,100,0,0,0,1,3,7,-6,-5,11521,998,245,7,0,4,0,0,0,0,0,995,9.8,998,998,998,99.8,99.8,99.8,1545.544586,5,7