CASEID,PSU,CASENO,CASENUMBER,CATEGORY,VEHNO,VIN,VINLENGTH,VPICMAKE,VPICMODEL,VPICBODYCLASS,ICFINALBODY,MAKE,MODEL,MODELYR,BODYTYPE,BODYCAT,VEHCLASS,SPECUSE,TRANSTAT,DAMPLANE,DAMSEV,CURBWT,CURBSRC,CARGOWT,CARGOSRC,INSPTYPE,INSPLAG,TOWED,SPEEDLIMIT,DRPRESENT,PARALCOHOL,ALCTEST,ALCTESTRESULT,ALCTESTSRC,PARDRUG,DRUGTEST,ZIP,RACE,ETHNICITY,RELTOJUNCT,TRAFFLOW,RDLANES,INITLANE,SURFTYPE,SURFCOND,ALIGNMENT,PROFILE,LINERIGHT,LINELEFT,RUMBINIT,RUMBROAD,LIGHTCOND,WEATHER,TRAFDEV,TRAFFUNCT,DISTRACT,PREFHE,PREMOVE,CRITCAT,CRITEVENT,MANEUVER,PRESTAB,PRELOC,CRASHCAT,CRASHCONF,CRASHTYPE,ROLLTYPE,ROLLTURN,ROLLINTRPT,ROLLPREMAN,ROLLINITYP,ROLLINLOC,ROLLOBJ,ROLLTRIP,ROLLDIR,ROLLDIST,DVANGTHIS,DVANGOTH,TOWHITCH,TRAJDOC,TREEPOLE,DVEVENT,DVBASIS,DVTOTAL,DVLONG,DVLAT,DVENERGY,DVSPEED,DVMOMENT,DVBES,DVEST,DVCONF,VAIS,VISS,VINJURED,VTREAT,INITOBJCLASS,HEADANGLECAT,SHLDRWIDTH,STRKLENGTH,STRKWIDTH,STRKHEIGHT,EDGEDISTX,EDGEDISTY,EDGEDISTZ,CASEWGT,PSUSTRAT,VERSION
27567,26,98,1-26-2022-098-03,3,4,2T3WFREVXFW1,17,448,2217,7,0,49,402,2015,14,3,14,0,2,L,9,1615,5,9999,9,0,998,,,,,,,,,,,,,,,,,,,,,,,,,,,,,,,,,,,,,,,,,,,,,,,,,,,,,,,,,,,,,,,,,,95,95,95,95,,,,,,,,,,460.259669,10,7
27570,20,198,1-20-2022-198-03,3,1,WAUENAF44KA0,17,582,3146,13,0,32,43,2019,4,1,4,0,1,L,1,1645,5,0,1,1,30,2,40,1,0,0,995,0,0,0,93905,9,1,2,4,2,1,2,1,1,1,3,2,0,0,1,1,2,2,2,0,11,2,15,1,1,1,4,K,82,0,0,0,0,0,0,0,0,0,0,40,155,0,0,0,1,3,8,-3,7,6575,998,-93,8,0,4,9,97,0,0,0,995,9.8,998,998,998,99.8,99.8,99.8,108.8614435,11,7
27570,20,198,1-20-2022-198-03,3,2,JT2GK12E3S01,17,448,2469,13,0,49,40,1995,4,1,2,0,1,F,1,1330,5,9999,9,0,998,5,56,1,0,0,995,0,0,0,93905,9,9,2,4,2,1,2,1,1,1,3,2,0,0,1,1,0,0,9,0,1,4,67,99,1,1,4,K,83,0,0,0,0,0,0,0,0,0,0,155,40,0,0,0,1,3,9,-9,0,3440,998,0,8,0,4,95,95,95,95,0,995,9.8,998,998,998,99.8,99.8,99.8,108.8614435,11,7
27571,48,34,1-48-2022-034-07,7,1,5NPEB4AC2DH5,17,498,2459,13,0,55,33,2013,4,1,4,0,1,F,2,1475,5,0,1,1,2,2,48,1,0,0,995,0,0,0,84041,9,9,2,2,3,3,2,2,1,1,1,0,0,0,3,2,1,2,1,0,11,2,15,10,1,1,4,J,68,0,0,0,0,0,0,0,0,0,0,330,200,0,1,0,1,3,28,-24,-14,48779,998,-101,23,0,4,0,0,0,0,0,995,9.8,998,998,998,99.8,99.8,99.8,1257.611966,12,7
27571,48,34,1-48-2022-034-07,7,2,JHMCM56393C0,17,474,1861,13,0,37,32,2003,4,1,3,0,1,F,2,1389,5,0,1,1,2,2,48,1,0,0,995,0,0,0,84302,9,9,2,4,4,2,2,2,1,1,1,1,0,0,3,2,1,2,1,0,1,4,62,1,1,1,4,J,69,0,0,0,0,0,0,0,0,0,0,200,330,0,1,0,1,3,29,-27,10,78587,998,65,34,0,4,0,0,0,0,0,995,9.8,998,998,998,99.8,99.8,99.8,1257.611966,12,7
27572,77,87,1-77-2022-087-06,6,1,4S4BSBNC4F32,17,523,2233,7,0,48,45,2015,6,1,3,0,1,F,1,1614,5,0,1,1,7,2,97,1,0,0,995,0,0,0,99999,1,2,0,1,4,3,2,1,1,1,3,1,0,2,2,1,0,0,1,0,1,6,87,2,1,1,1,C,13,0,0,0,0,0,0,0,0,0,0,998,998,0,0,0,1,10,999,999,999,9999999,999,-9,14,2,0,1,1,0,0,0,998,9.8,998,998,998,99.8,99.8,99.8,1180.591184,9,7
27573,77,88,1-77-2022-088-06,6,1,ZACCJBBB8HPG,17,483,6160,7,0,2,408,2017,14,3,14,0,1,F,1,1447,5,0,1,1,6,2,97,1,0,0,995,0,9,0,22938,1,2,0,1,4,2,2,1,1,1,1,3,0,0,2,1,0,0,3,1,1,2,13,99,1,4,1,A,1,0,0,0,0,0,0,0,0,0,0,998,998,0,0,0,3,10,999,999,999,9999999,999,-157,11,2,0,1,1,0,0,0,998,4.2,999,999,999,32.6,4.2,33.0,1180.591184,9,7
27575,59,78,1-59-2022-078-06,6,1,1N4AL3AP9FN8,17,478,1904,13,0,35,47,2015,4,1,4,0,1,B,2,1416,5,9999,9,4,17,2,48,1,0,0,995,0,0,0,61832,9,9,2,4,3,1,2,1,1,1,0,1,0,0,1,1,1,2,9,0,5,3,53,99,1,1,2,D,21,0,0,0,0,0,0,0,0,0,0,0,0,0,0,0,1,12,999,999,999,9999999,999,999,999,7,0,9,97,0,0,0,995,9.8,998,998,998,99.8,99.8,99.8,321.0916227,6,7
27575,59,78,1-59-2022-078-06,6,2,1FTPX14546FA,17,460,1801,60,0,12,481,2006,34,5,31,0,1,F,9,2478,5,9999,9,0,998,2,48,1,0,0,995,0,0,0,47885,1,9,2,4,3,1,2,1,1,1,0,1,0,0,1,1,1,2,1,0,1,3,50,1,1,1,2,D,20,0,0,0,0,0,0,0,0,0,0,0,0,0,0,0,1,0,999,999,999,9999999,999,999,999,9,0,0,0,0,4,0,995,9.8,998,998,998,99.8,99.8,99.8,321.0916227,6,7
27576,59,79,1-59-2022-079-03,3,1,5FNRL6H74KB0,17,474,1869,2,0,37,441,2019,20,4,20,0,1,B,2,2046,5,0,1,1,6,2,89,1,0,0,995,0,0,0,47807,1,9,2,4,4,2,2,1,1,1,3,2,0,0,3,1,0,0,1,0,2,3,53,10,1,1,6,M,98,0,0,0,0,0,0,0,0,0,0,70,80,0,0,0,2,12,999,999,999,9999999,999,999,999,7,0,0,0,0,4,0,995,9.8,998,998,998,99.8,99.8,99.8,141.0184615,6,7
27576,59,79,1-59-2022-079-03,3,2,1C6RD6FT8CS1,17,476,1938,60,0,7,482,2012,34,5,31,0,1,B,1,2202,5,0,1,1,6,2,89,1,0,0,995,0,0,0,47804,1,9,2,4,4,2,2,1,1,1,3,2,0,0,3,1,0,0,9,0,5,3,53,99,1,1,2,D,21,0,0,0,0,0,0,0,0,0,0,80,85,0,0,0,1,1,16,16,3,12418,998,-74,11,0,4,2,4,0,4,0,995,9.8,998,998,998,99.8,99.8,99.8,141.0184615,6,7
27576,59,79,1-59-2022-079-03,3,3,1GCEC19X85Z2,17,467,1850,60,0,20,481,2005,34,5,31,0,1,F,1,1980,5,9999,9,1,6,2,89,1,0,0,995,0,0,0,47842,1,9,2,4,4,2,2,1,1,1,3,2,0,0,3,1,0,0,9,0,1,3,50,4,1,1,2,D,20,0,0,0,0,0,0,0,0,0,0,85,80,0,0,0,1,1,18,-18,-3,47665,998,-76,22,0,4,2,4,0,4,0,995,9.8,998,998,998,99.8,99.8,99.8,141.0184615,6,7
27576,59,79,1-59-2022-079-03,3,4,5NPE34AF0GH4,17,498,2459,13,0,55,33,2016,4,1,4,0,1,F,3,1475,5,9999,9,4,23,2,89,1,0,0,995,0,0,0,47803,9,9,2,4,4,2,2,1,1,1,3,2,0,0,3,1,0,0,1,1,1,4,62,7,1,2,6,M,98,0,0,0,0,0,0,0,0,0,0,999,999,0,0,0,4,11,999,999,999,9999999,999,999,999,8,0,9,97,0,5,0,995,9.8,998,998,998,99.8,99.8,99.8,141.0184615,6,7
27576,59,79,1-59-2022-079-03,3,5,2C4RC1CG7DR7,17,477,1936,2,0,6,441,2013,20,4,20,0,1,9,9,2115,5,9999,9,0,998,5,89,1,0,0,995,0,0,0,47834,9,9,2,4,4,2,2,1,1,1,3,2,0,0,3,1,0,0,1,1,1,4,78,99,1,9,6,M,98,0,0,0,0,0,0,0,0,0,0,999,999,0,0,0,5,0,999,999,999,9999999,999,999,999,9,0,95,95,95,95,0,999,9.8,998,998,998,99.8,99.8,99.8,141.0184615,6,7
27577,59,80,1-59-2022-080-03,3,1,2C4RDGCG2KR5,17,476,14832,2,0,7,442,2019,20,4,20,0,1,F,9,2050,5,9999,9,0,998,5,64,1,0,0,995,0,0,0,55443,9,9,2,1,4,4,2,1,1,1,1,2,0,0,1,1,0,0,9,0,11,2,15,99,1,1,4,J,68,0,0,0,0,0,0,0,0,0,0,290,190,0,0,0,1,0,999,999,999,9999999,999,999,999,9,0,95,95,95,95,0,995,9.8,998,998,998,99.8,99.8,99.8,141.0184615,6,7
27577,59,80,1-59-2022-080-03,3,2,3GNKBFRS0KS6,17,467,11502,7,0,20,498,2019,14,3,14,0,1,L,1,1818,5,0,1,1,4,2,64,1,0,0,995,0,0,0,47805,1,2,2,1,3,1,2,1,1,1,3,0,0,0,1,1,0,0,1,0,1,4,62,1,1,1,4,J,69,0,0,0,0,0,0,0,0,0,0,190,290,0,0,0,1,12,999,999,999,9999999,999,999,999,6,0,0,0,0,0,0,995,9.8,998,998,998,99.8,99.8,99.8,141.0184615,6,7
27577,59,80,1-59-2022-080-03,3,3,1FTEW1CP6LFC,17,460,1801,60,0,12,481,2020,34,5,31,0,1,R,9,2028,5,9999,9,0,998,5,64,1,0,0,995,0,0,0,46368,9,9,2,1,3,3,2,1,1,1,2,3,0,0,1,1,0,0,9,0,2,4,60,99,1,1,6,M,98,0,0,0,0,0,0,0,0,0,0,190,130,0,0,0,2,0,999,999,999,9999999,999,999,999,9,0,95,95,95,95,0,995,9.8,998,998,998,99.8,99.8,99.8,141.0184615,6,7
27578,54,82,1-54-2022-082-07,7,1,1N4AA5APXEC4,17,478,2302,13,0,35,39,2014,4,1,4,0,1,F,9,1621,5,0,1,1,5,2,105,1,0,0,995,0,0,0,35585,1,9,0,1,2,1,2,1,1,1,1,3,2,3,1,1,0,0,9,1,1,2,13,4,2,4,1,A,2,0,0,0,0,0,0,0,0,0,0,998,998,0,0,7,1,12,999,999,999,9999999,999,999,999,9,0,0,0,0,0,0,998,2.7,999,999,999,15.2,1.3,15.3,161.6619254,9,7
27579,54,83,1-54-2022-083-04,4,1,1FTRF12258KF,17,460,1801,60,0,12,481,2008,34,5,31,0,1,F,9,2158,5,9999,9,0,998,2,72,1,0,0,995,0,0,0,35585,1,9,2,1,4,3,2,1,2,1,3,1,0,0,1,1,1,2,9,0,14,2,17,99,1,1,5,L,88,0,0,0,0,0,0,0,0,0,0,225,140,0,0,0,1,0,999,999,999,9999999,999,999,999,9,0,0,0,0,0,0,995,9.8,998,998,998,99.8,99.8,99.8,339.9867161,9,7
27579,54,83,1-54-2022-083-04,4,2,3GNKBCR41PS1,17,467,11502,7,0,20,498,2023,14,3,14,0,1,L,9,1715,5,0,1,3,29,2,72,1,0,0,995,0,0,0,35004,1,2,2,4,2,1,2,1,1,1,1,2,0,0,1,1,1,2,1,0,1,4,66,2,1,1,5,L,89,0,0,0,0,0,0,0,0,0,0,140,225,0,0,0,1,12,999,999,999,9999999,999,999,999,9,0,0,0,0,0,0,995,9.8,998,998,998,99.8,99.8,99.8,339.9867161,9,7
27583,12,59,1-12-2022-059-06,6,1,3C6UR5CL6EG3,17,496,13621,60,0,7,482,2014,34,5,31,0,1,F,9,3008,5,9999,9,0,998,3,56,1,0,0,995,0,0,0,99999,9,9,0,4,2,1,2,2,3,1,1,2,0,0,3,8,6,2,9,1,14,2,13,99,1,4,1,A,1,0,0,0,0,0,0,0,0,0,0,998,998,0,1,7,99,0,999,999,999,9999999,999,999,999,9,0,99,99,0,99,0,998,1.9,40,15,17,0.0,0.0,0.0,1047.471337,9,7
27584,12,60,1-12-2022-060-03,3,1,5NPDH4AE8GH7,17,498,2735,13,0,55,35,2016,4,1,3,0,1,F,1,1305,5,0,1,1,3,2,64,1,0,0,995,0,0,0,73441,9,9,0,1,2,1,2,1,1,4,1,3,0,0,1,1,0,0,9,0,1,3,50,7,1,1,2,D,20,0,0,0,0,0,0,0,0,0,0,260,270,0,0,0,1,3,13,-13,0,10249,998,67,12,0,4,0,0,0,0,0,995,9.8,998,998,998,99.8,99.8,99.8,460.033168,9,7
27584,12,60,1-12-2022-060-03,3,2,MAJ3S2GE0MC4,17,460,17774,7,0,12,403,2021,14,3,14,0,1,B,1,1370,5,0,1,1,3,2,64,1,0,0,995,0,0,0,75216,9,1,0,1,2,1,2,1,1,4,1,3,0,0,1,1,0,0,1,0,5,3,53,99,1,1,2,D,21,0,0,0,0,0,0,0,0,0,0,270,260,0,0,0,1,3,11,11,-2,8317,998,36,11,0,4,99,99,0,0,0,995,9.8,998,998,998,99.8,99.8,99.8,460.033168,9,7
27585,17,105,1-17-2022-105-07,7,1,1FTNF1CF3EKD,17,460,1801,60,0,12,481,2014,34,5,31,0,1,L,1,2223,5,680,1,1,8,2,113,1,9,0,995,0,9,0,61257,1,9,1,2,3,3,2,1,1,9,3,2,1,3,2,1,0,0,9,0,1,6,87,7,1,1,1,C,13,0,0,0,0,0,0,0,0,0,0,998,998,0,0,0,2,10,999,999,999,9999999,999,999,999,6,0,0,0,0,0,0,998,9.8,998,998,998,99.8,99.8,99.8,456.1128798,4,7
27586,17,106,1-17-2022-106-06,6,1,1G1FB3DS5H01,17,467,1829,1,0,20,9,2017,1,1,4,0,1,F,1,1654,5,0,1,1,30,2,48,1,0,0,995,0,0,0,61282,1,9,2,4,3,2,1,1,1,1,1,2,0,0,4,1,1,2,9,0,11,2,15,99,1,1,4,J,68,0,0,0,0,0,0,0,0,0,0,220,100,0,0,0,1,1,19,-15,-12,67187,998,-140,23,0,4,0,0,0,0,0,995,9.8,998,998,998,99.8,99.8,99.8,125.4715788,4,7
27586,17,106,1-17-2022-106-06,6,2,5NPEB4AC4DH8,17,498,2459,13,0,55,33,2013,4,1,4,0,1,F,1,1475,5,0,1,1,30,2,48,1,0,1,18,2,0,2,61265,1,9,2,4,3,1,1,1,1,1,0,1,0,0,4,1,1,2,9,0,1,4,62,99,1,1,4,J,69,0,0,0,0,0,0,0,0,0,0,100,220,0,0,0,1,1,22,-20,7,10375,998,34,13,0,4,1,1,0,4,0,995,9.8,998,998,998,99.8,99.8,99.8,125.4715788,4,7
27587,17,107,1-17-2022-107-06,6,1,1FTFW1EF8EKD,17,460,1801,60,0,12,481,2014,34,5,31,0,1,F,2,2574,5,0,1,1,7,2,89,1,9,0,995,0,9,0,61276,9,9,2,4,3,2,2,1,1,1,1,2,0,0,1,1,1,2,9,0,11,2,15,1,1,1,4,J,68,0,0,0,0,0,0,0,0,0,0,230,95,0,0,0,1,1,34,-32,-11,253695,998,-84,45,0,4,9,97,0,8,0,995,9.8,998,998,998,99.8,99.8,99.8,125.4715788,4,7
27587,17,107,1-17-2022-107-06,6,2,1G4PP5SK0C41,17,468,1823,13,0,18,25,2012,4,1,3,0,1,F,3,1497,5,0,1,1,9,2,89,1,9,1,0,2,9,1,61231,1,2,2,4,3,2,2,1,1,1,1,2,0,0,1,1,1,2,1,0,1,4,62,4,1,1,4,J,69,0,0,0,0,0,0,0,0,0,0,95,230,0,0,0,1,1,57,-49,28,128317,998,67,41,0,4,2,5,0,4,0,995,9.8,998,998,998,99.8,99.8,99.8,125.4715788,4,7
27588,19,151,1-19-2022-151-08,8,1,1D7HU18D45S2,17,476,1938,60,0,7,482,2005,34,5,31,0,1,B,1,2333,5,0,1,1,7,2,40,0,7,7,887,6,8,8,99998,8,8,0,4,2,1,2,1,3,4,0,0,0,0,2,1,0,0,0,8,0,8,98,0,0,0,6,M,98,0,0,0,0,0,0,0,0,0,0,998,998,0,1,1,3,1,11,11,0,11637,998,-4,11,0,4,0,0,0,0,0,998,0.0,15,15,70,12.4,6.3,14.2,90.98801942,9,7
27589,19,152,1-19-2022-152-07,7,1,5NPE24AF1GH3,17,498,2459,13,0,55,33,2016,4,1,4,0,1,F,1,1475,5,0,1,1,2,2,72,1,9,0,995,0,9,0,35006,1,9,0,4,4,1,2,1,1,1,0,3,0,0,3,1,0,0,3,1,1,2,13,1,1,4,1,A,1,0,0,0,0,0,0,0,0,0,0,998,998,0,1,0,1,1,18,-18,0,17738,998,0,18,0,4,0,0,0,0,0,998,0.0,20,120,18,12.6,1.3,12.7,586.0523797,9,7
27590,11,71,1-11-2022-071-06,6,1,3FADP4BJ1EM2,17,460,3267,13,0,12,32,2014,4,1,1,0,1,F,1,1215,5,0,1,1,11,3,56,1,0,0,995,0,0,0,23834,9,9,2,4,3,1,2,1,1,9,0,1,0,0,3,1,1,2,1,1,11,2,15,7,1,1,4,J,68,0,0,0,0,0,0,0,0,0,0,285,145,0,0,0,1,3,24,-24,-4,32668,998,-31,25,0,4,0,0,0,4,0,995,9.8,998,998,998,99.8,99.8,99.8,1470.364424,8,7
27590,11,71,1-11-2022-071-06,6,2,1G6KD57YX6U1,17,469,4308,13,0,19,22,2006,4,1,5,0,1,F,1,1818,5,0,1,4,11,3,56,1,0,0,995,0,0,0,23860,9,9,2,4,3,1,2,1,1,9,0,1,0,0,3,1,1,2,1,0,1,4,62,99,1,1,4,J,69,0,0,0,0,0,0,0,0,0,0,145,285,0,1,0,1,3,17,-14,8,29414,998,112,16,0,4,1,2,0,4,0,995,9.8,998,998,998,99.8,99.8,99.8,1470.364424,8,7
27592,11,73,1-11-2022-073-03,3,1,2C4RC1CG7MR6,17,477,15131,2,0,6,444,2021,20,4,20,0,1,F,1,1964,5,9999,9,0,998,2,97,1,0,0,995,0,0,0,23860,9,9,0,2,3,3,2,1,1,1,3,2,0,0,1,1,0,0,1,0,1,3,52,99,1,1,2,D,28,0,0,0,0,0,0,0,0,0,0,0,0,0,0,0,1,3,17,-17,-3,25772,998,-41,17,0,4,0,0,0,0,0,995,9.8,998,998,998,99.8,99.8,99.8,636.6726516,8,7
27592,11,73,1-11-2022-073-03,3,2,5N1DR2MN2JC6,17,478,1911,8,0,35,401,2018,14,3,14,0,1,B,1,1939,5,0,1,1,21,2,97,1,0,0,995,0,0,0,23234,9,9,0,1,3,1,2,1,1,1,1,2,0,0,1,1,0,0,1,0,1,3,53,1,1,1,2,D,29,0,0,0,0,0,0,0,0,0,0,0,0,0,0,0,1,3,17,16,3,20242,998,8,16,0,4,1,1,0,4,0,995,9.8,998,998,998,99.8,99.8,99.8,636.6726516,8,7
27593,76,84,1-76-2022-084-03,3,1,2HKRW2H59KH6,17,474,1865,7,0,37,402,2019,14,3,14,0,1,T,1,1580,5,9999,9,4,56,2,89,1,8,9,998,8,7,9,13731,9,9,0,4,2,1,2,1,3,1,1,2,0,0,1,8,0,0,3,1,14,2,13,99,1,4,1,A,1,1,2,2,2,1,4,61,1,2,9,997,997,0,0,0,2,6,999,999,999,9999999,999,999,999,6,0,1,1,0,4,3,997,1.4,999,999,999,6.3,1.6,6.5,39.62349875,3,7
27594,24,115,1-24-2022-115-06,6,1,2T2HA31U44C0,17,515,2214,7,0,59,403,2004,14,3,14,0,1,F,1,1844,5,9999,9,4,100,2,72,1,0,0,995,0,0,0,08330,9,9,0,1,2,2,2,1,1,1,3,2,0,0,1,1,0,0,3,0,1,3,50,1,1,1,2,D,20,0,0,0,0,0,0,0,0,0,0,140,140,0,0,0,1,3,20,-20,0,31106,998,0,20,0,4,99,99,0,99,0,995,9.8,998,998,998,99.8,99.8,99.8,840.8741721,1,7
27594,24,115,1-24-2022-115-06,6,2,KMHCU4AE4EU6,17,498,2773,13,0,55,36,2014,4,1,2,0,1,B,2,1295,5,0,1,1,52,2,72,1,0,0,995,0,0,0,08203,1,2,0,1,2,2,2,1,1,1,3,2,0,0,1,1,0,0,1,0,5,3,53,1,1,1,2,D,21,0,0,0,0,0,0,0,0,0,0,140,140,0,0,0,1,3,29,29,0,44325,998,0,29,0,4,1,1,0,4,0,995,9.8,998,998,998,99.8,99.8,99.8,840.8741721,1,7
27594,24,115,1-24-2022-115-06,6,3,55SWF4KB0GU1,17,449,2085,13,0,42,42,2016,4,1,4,0,1,B,2,1625,5,0,1,1,52,2,72,1,0,0,995,0,0,0,08203,1,2,0,1,2,2,2,1,1,1,3,2,0,0,1,1,0,0,1,0,2,4,61,6,1,1,6,M,98,0,0,0,0,0,0,0,0,0,0,140,140,0,0,0,2,12,999,999,999,9999999,999,999,999,7,0,0,0,0,4,0,995,9.8,998,998,998,99.8,99.8,99.8,840.8741721,1,7
27594,24,115,1-24-2022-115-06,6,4,1GKKNTLSXHZ1,17,472,1855,7,0,23,423,2017,15,3,15,0,1,B,9,1998,5,9999,9,0,998,5,72,1,0,0,995,0,0,0,08203,9,9,0,1,2,2,2,1,1,1,3,2,0,0,1,1,0,0,1,1,16,3,51,99,1,2,6,M,98,0,0,0,0,0,0,0,0,0,0,140,140,0,0,0,3,0,999,999,999,9999999,999,999,999,9,0,95,95,95,95,0,995,9.8,998,998,998,99.8,99.8,99.8,840.8741721,1,7
27595,24,116,1-24-2022-116-04,4,1,1FTFW1E84MFA,17,460,1801,60,0,12,481,2021,34,5,31,0,1,F,9,2266,5,9999,9,0,998,2,80,1,0,0,995,0,0,0,08037,1,2,0,4,2,1,2,2,1,1,1,2,0,0,2,2,0,0,9,1,1,1,6,2,9,4,1,A,2,0,0,0,0,0,0,0,0,0,0,998,998,0,0,7,1,0,999,999,999,9999999,999,999,999,9,0,0,0,0,0,0,998,0.9,999,999,999,23.0,1.1,24.0,1423.585001,1,7
27596,52,148,1-52-2022-148-03,3,1,1J4GL58K43W5,17,483,1944,7,0,2,405,2003,14,3,14,0,1,F,1,1834,5,0,1,1,31,2,56,1,0,0,995,0,0,0,59105,9,9,3,4,2,1,2,1,1,1,1,2,0,0,1,1,0,0,9,0,1,3,50,99,1,1,2,D,20,0,0,0,0,0,0,0,0,0,0,110,110,0,0,0,1,1,19,-19,0,25429,998,-16,18,0,1,0,0,0,0,0,995,9.8,998,998,998,99.8,99.8,99.8,62.24779613,12,7
27596,52,148,1-52-2022-148-03,3,2,2HGFC2F62LH5,17,474,1863,13,0,37,31,2020,4,1,3,0,1,B,2,1252,5,0,2,1,29,2,56,1,0,0,995,0,0,0,59105,1,2,3,4,2,1,2,1,1,1,1,2,0,0,1,1,0,0,1,0,5,3,53,1,1,1,2,D,21,0,0,0,0,0,0,0,0,0,0,110,110,0,0,0,1,1,25,25,0,35917,998,-16,25,0,1,1,1,0,4,0,995,9.8,998,998,998,99.8,99.8,99.8,62.24779613,12,7
27596,52,148,1-52-2022-148-03,3,3,KNDJX3AA5J75,17,499,2460,7,0,63,37,2018,6,1,2,0,1,B,9,1287,5,9999,9,0,998,5,56,1,0,0,995,0,0,0,59105,9,9,3,4,2,1,2,1,1,1,1,2,0,0,1,1,0,0,1,0,5,3,53,1,1,1,6,M,98,0,0,0,0,0,0,0,0,0,0,110,110,0,0,0,2,0,999,999,999,9999999,999,999,999,9,0,95,95,95,95,0,995,9.8,998,998,998,99.8,99.8,99.8,62.24779613,12,7
27597,52,149,1-52-2022-149-06,6,1,5XYKTCA62FG6,17,499,2769,7,0,63,402,2015,14,3,14,0,1,F,1,1730,5,0,1,1,21,2,56,1,0,0,995,0,0,0,59105,9,9,2,4,5,3,2,1,1,1,3,2,0,0,1,1,1,2,3,0,1,3,50,11,1,1,2,D,20,0,0,0,0,0,0,0,0,0,0,55,55,0,0,0,1,3,13,-13,0,11087,998,28,12,0,4,9,97,0,99,0,995,9.8,998,998,998,99.8,99.8,99.8,141.7349591,12,7
27597,52,149,1-52-2022-149-06,6,2,5LMJJ2J52BEJ,17,464,1814,7,0,13,421,2011,15,3,15,0,1,B,1,2724,5,9999,9,0,998,5,56,1,0,0,995,0,0,0,59105,9,9,2,4,5,3,2,1,1,1,3,2,0,0,1,1,1,2,9,0,5,3,53,1,1,1,2,D,21,0,0,0,0,0,0,0,0,0,0,55,55,0,0,0,1,3,9,9,0,9177,998,0,9,0,4,95,95,95,95,0,995,9.8,998,998,998,99.8,99.8,99.8,141.7349591,12,7
27598,52,150,1-52-2022-150-04,4,1,1FTYR11UX6PA,17,460,1803,60,0,12,471,2006,34,5,30,0,1,F,1,1392,5,0,1,1,15,2,56,1,0,0,995,0,0,0,59106,9,9,2,4,2,1,2,1,3,1,0,2,0,0,1,1,2,2,9,0,11,2,15,99,1,1,4,K,82,0,0,0,0,0,0,0,0,0,0,20,115,0,0,0,1,1,10,-6,7,10806,998,125,10,0,4,0,0,0,0,0,995,9.8,998,998,998,99.8,99.8,99.8,254.2362658,12,7
27598,52,150,1-52-2022-150-04,4,2,5YFEPMAE7MP2,17,448,2208,13,0,49,32,2021,4,1,3,0,1,R,1,1315,5,0,1,1,15,2,56,1,0,0,995,0,0,0,59808,1,2,2,4,5,1,2,1,2,4,1,3,0,0,1,1,0,0,1,0,14,4,67,3,1,1,4,K,83,0,0,0,0,0,0,0,0,0,0,115,20,0,0,0,1,1,10,-9,-5,4876,998,32,9,0,4,0,0,0,4,0,995,9.8,998,998,998,99.8,99.8,99.8,254.2362658,12,7
27599,52,151,1-52-2022-151-03,3,1,999999999999,99,99999,99999,999,0,99,399,9999,9,1,9,99,1,L,9,9999,9,9999,9,0,998,5,24,1,9,0,995,0,9,0,99999,9,9,2,3,2,2,2,1,2,1,1,2,0,0,1,1,3,2,9,0,14,2,17,99,1,1,4,K,78,0,0,0,0,0,0,0,0,0,0,35,90,0,0,0,1,0,999,999,999,9999999,999,999,999,9,0,95,95,95,95,0,995,9.8,998,998,998,99.8,99.8,99.8,62.24779613,12,7
27599,52,151,1-52-2022-151-03,3,2,1FMCU9H68NUA,17,460,1798,7,0,12,402,2022,14,3,14,0,1,F,1,1571,5,0,1,1,13,2,24,1,0,0,995,0,0,0,59106,1,2,2,1,2,2,2,1,3,1,1,2,0,0,1,1,0,0,1,0,14,4,65,1,1,1,4,K,79,0,0,0,0,0,0,0,0,0,0,90,35,0,0,0,1,5,999,999,999,9999999,999,999,15,2,0,1,2,0,4,0,995,9.8,998,998,998,99.8,99.8,99.8,62.24779613,12,7
27601,25,98,1-25-2022-098-03,3,1,JN1BJ1CR9KW3,17,478,17214,5,0,35,404,2019,14,3,14,0,1,F,1,1547,8,0,1,1,12,2,56,1,0,0,995,0,0,0,04011,9,9,0,4,4,1,2,1,1,1,0,3,0,0,4,1,0,0,3,1,1,2,13,1,1,4,1,A,1,0,0,0,0,0,0,0,0,0,0,998,998,0,1,1,1,1,23,-22,-4,32538,998,10,23,0,1,1,1,0,4,0,998,0.0,30,30,87,0.0,0.0,0.0,183.8256214,2,7
27602,23,40,1-23-2022-040-06,6,1,KM8JU3AC4DU6,17,498,2058,7,0,55,402,2013,14,3,14,0,1,T,2,1505,5,0,1,1,5,2,89,1,1,1,221,1,7,1,43040,9,9,0,4,2,1,2,1,1,2,1,2,0,0,2,5,0,0,1,1,6,2,10,99,1,2,3,G,52,1,4,2,6,7,4,3,2,2,14,997,997,0,1,0,3,6,999,999,999,9999999,999,999,999,7,0,9,97,0,5,1,997,9.8,998,998,998,99.8,99.8,99.8,2111.436577,5,7