CASEID,PSU,CASENO,CASENUMBER,CATEGORY,VEHNO,VIN,VINLENGTH,VPICMAKE,VPICMODEL,VPICBODYCLASS,ICFINALBODY,MAKE,MODEL,MODELYR,BODYTYPE,BODYCAT,VEHCLASS,SPECUSE,TRANSTAT,DAMPLANE,DAMSEV,CURBWT,CURBSRC,CARGOWT,CARGOSRC,INSPTYPE,INSPLAG,TOWED,SPEEDLIMIT,DRPRESENT,PARALCOHOL,ALCTEST,ALCTESTRESULT,ALCTESTSRC,PARDRUG,DRUGTEST,ZIP,RACE,ETHNICITY,RELTOJUNCT,TRAFFLOW,RDLANES,INITLANE,SURFTYPE,SURFCOND,ALIGNMENT,PROFILE,LINERIGHT,LINELEFT,RUMBINIT,RUMBROAD,LIGHTCOND,WEATHER,TRAFDEV,TRAFFUNCT,DISTRACT,PREFHE,PREMOVE,CRITCAT,CRITEVENT,MANEUVER,PRESTAB,PRELOC,CRASHCAT,CRASHCONF,CRASHTYPE,ROLLTYPE,ROLLTURN,ROLLINTRPT,ROLLPREMAN,ROLLINITYP,ROLLINLOC,ROLLOBJ,ROLLTRIP,ROLLDIR,ROLLDIST,DVANGTHIS,DVANGOTH,TOWHITCH,TRAJDOC,TREEPOLE,DVEVENT,DVBASIS,DVTOTAL,DVLONG,DVLAT,DVENERGY,DVSPEED,DVMOMENT,DVBES,DVEST,DVCONF,VAIS,VISS,VINJURED,VTREAT,INITOBJCLASS,HEADANGLECAT,SHLDRWIDTH,STRKLENGTH,STRKWIDTH,STRKHEIGHT,EDGEDISTX,EDGEDISTY,EDGEDISTZ,CASEWGT,PSUSTRAT,VERSION
27721,77,91,1-77-2022-091-05,5,1,1G11A5SL6EF2,17,467,1834,13,0,20,37,2014,4,1,3,0,1,F,3,1620,5,0,1,1,11,2,105,1,9,1,192,2,9,2,23117,2,9,0,1,2,1,2,1,1,9,1,2,2,3,2,1,0,0,1,1,1,2,13,1,1,4,1,A,1,0,0,0,0,0,0,0,0,0,0,998,998,0,1,0,2,1,53,-53,0,182520,998,5,53,0,4,5,25,1,3,0,998,9.9,999,999,999,99.9,99.9,99.9,343.71798,9,7
27722,77,92,1-77-2022-092-02,2,1,3KPFK4A72JE2,17,499,2462,13,0,63,38,2018,4,1,3,0,1,L,1,1272,5,0,1,1,16,2,56,1,0,0,995,0,0,0,22973,9,9,2,4,2,1,2,1,2,1,1,2,0,0,1,1,0,0,1,0,12,2,21,1,1,1,6,M,98,0,0,0,0,0,0,0,0,0,0,235,320,0,1,0,1,3,12,-10,6,17685,998,6,18,0,4,2,4,0,3,0,995,9.8,998,998,998,99.8,99.8,99.8,146.8959601,9,7
27722,77,92,1-77-2022-092-02,2,2,4M2ZU86P41UJ,17,465,1816,7,0,14,401,2001,14,3,14,0,1,F,1,1834,5,9999,9,0,998,5,56,1,0,0,995,0,0,0,22968,9,9,2,4,2,1,2,1,2,1,1,2,0,0,1,1,0,0,1,0,14,4,64,99,1,1,6,M,98,0,0,0,0,0,0,0,0,0,0,320,235,0,1,0,1,3,9,-5,-8,6686,998,-195,6,0,4,95,95,95,95,0,995,9.8,998,998,998,99.8,99.8,99.8,146.8959601,9,7
27723,54,86,1-54-2022-086-01,1,1,3N1AB61E59L6,17,478,1907,13,0,35,43,2009,4,1,3,0,1,F,3,1296,5,9999,9,4,33,2,64,1,0,1,237,7,0,1,35653,1,1,0,4,2,1,2,1,1,1,1,2,0,0,2,1,5,2,9,1,1,2,10,99,1,2,3,G,50,0,0,0,0,0,0,0,0,0,0,65,250,0,1,0,1,12,999,999,999,9999999,999,999,999,8,0,3,17,1,1,0,995,0.0,999,999,999,99.9,99.9,99.9,179.7587124,9,7
27723,54,86,1-54-2022-086-01,1,2,1N4AL3APXDC2,17,478,1904,13,0,35,47,2013,4,1,4,0,1,F,3,1420,5,9999,9,4,17,2,64,1,0,0,995,0,0,0,35674,1,2,0,4,2,1,2,1,3,1,1,2,0,0,2,1,5,2,9,0,14,4,62,99,1,1,3,G,51,0,0,0,0,0,0,0,0,0,0,250,65,0,1,0,1,12,999,999,999,9999999,999,999,999,8,0,1,1,0,1,0,995,0.1,999,999,999,99.9,99.9,99.9,179.7587124,9,7
27724,54,87,1-54-2022-087-03,3,1,JN8AY2ND2K90,17,478,1915,7,0,35,421,2019,15,3,15,0,1,L,1,2684,5,0,1,1,3,2,105,1,0,0,995,0,0,0,38863,2,9,0,1,2,1,2,1,1,1,1,3,2,3,1,8,0,0,9,0,1,6,87,4,1,1,6,M,98,0,0,0,0,0,0,0,0,0,0,998,998,0,0,0,1,10,999,999,999,9999999,999,-83,16,2,0,1,1,0,4,0,998,9.8,998,998,998,99.8,99.8,99.8,370.3080544,9,7
27725,59,84,1-59-2022-084-04,4,1,1GCVKREH0EZ1,17,467,1850,60,0,20,481,2014,34,5,31,0,1,9,9,2360,5,9999,9,0,998,5,56,1,0,0,995,0,0,0,47885,9,9,2,4,4,2,2,1,1,1,3,2,0,0,1,1,0,0,9,0,11,2,15,99,1,1,4,J,68,0,0,0,0,0,0,0,0,0,0,100,10,0,1,0,1,0,999,999,999,9999999,999,999,999,9,0,95,95,95,95,0,995,9.8,998,998,998,99.8,99.8,99.8,376.2546914,6,7
27725,59,84,1-59-2022-084-04,4,2,4T1KZ1AK3NU0,17,448,2469,13,0,49,40,2022,4,1,4,0,1,F,1,1610,5,0,1,1,11,2,56,1,0,0,995,0,0,0,47443,9,9,2,4,4,1,2,1,1,1,0,3,0,0,1,1,0,0,9,0,1,4,62,98,1,1,4,J,69,0,0,0,0,0,0,0,0,0,0,10,100,0,1,0,1,5,999,999,999,9999999,999,999,22,2,0,0,0,0,0,0,995,9.8,998,998,998,99.8,99.8,99.8,376.2546914,6,7
27725,59,84,1-59-2022-084-04,4,3,KMHDH4AE5DU5,17,498,2735,13,0,55,35,2013,4,1,3,0,1,F,9,1265,5,9999,9,0,998,5,48,1,0,0,995,0,0,0,47802,9,9,2,4,2,1,2,1,1,1,0,0,0,0,1,1,2,2,9,0,5,4,65,99,1,1,6,M,98,0,0,0,0,0,0,0,0,0,0,280,100,0,1,0,2,0,999,999,999,9999999,999,999,999,9,0,95,95,95,95,0,995,9.8,998,998,998,99.8,99.8,99.8,376.2546914,6,7
27726,59,85,1-59-2022-085-06,6,1,1G11C5SA0DF2,17,467,1834,13,0,20,37,2013,4,1,3,0,1,F,1,1602,5,0,1,1,9,2,89,1,0,1,0,2,0,0,47875,9,9,0,1,2,2,2,3,1,4,3,2,1,3,1,4,0,0,1,1,15,1,6,4,3,4,1,A,2,0,0,0,0,0,0,0,0,0,0,998,998,0,1,0,1,10,999,999,999,9999999,999,999,999,6,0,0,0,0,4,0,998,3.5,120,120,-120,23.0,1.2,23.2,231.9895301,6,7
27727,59,86,1-59-2022-086-07,7,1,1GTP9EEL5MZ1,17,472,1857,60,0,23,481,2021,34,5,31,0,1,F,9,2193,5,9999,9,0,998,5,48,1,0,0,995,0,0,0,47834,9,9,2,4,4,1,2,1,1,1,1,3,0,0,1,8,0,0,9,0,1,4,62,99,1,1,4,J,69,0,0,0,0,0,0,0,0,0,0,10,120,0,0,0,1,0,999,999,999,9999999,999,999,999,9,0,95,95,95,95,0,995,9.8,998,998,998,99.8,99.8,99.8,702.6611954,6,7
27727,59,86,1-59-2022-086-07,7,2,KMHGC4DD8EU2,17,498,2774,13,0,55,41,2014,4,1,5,0,1,R,2,1768,5,0,1,1,4,2,48,1,0,0,995,0,0,0,47802,9,9,2,4,4,2,2,1,1,1,3,2,0,0,1,8,0,0,2,0,11,2,15,2,1,1,4,J,68,0,0,0,0,0,0,0,0,0,0,120,10,0,0,0,1,12,999,999,999,9999999,999,999,999,7,0,0,0,0,0,0,995,9.8,998,998,998,99.8,99.8,99.8,702.6611954,6,7
27728,12,63,1-12-2022-063-03,3,1,1GNSCHKC8KR1,17,467,1851,7,0,20,422,2019,15,3,15,0,1,F,1,2511,5,0,1,1,20,2,105,1,0,0,995,0,0,0,73401,1,2,0,4,2,1,2,1,1,2,1,2,2,3,1,1,0,0,9,1,1,2,10,99,1,2,3,I,64,0,0,0,0,0,0,0,0,0,0,260,90,0,1,0,1,5,999,999,999,9999999,999,999,999,6,0,1,1,0,4,0,995,2.4,999,3,110,24.3,24.0,34.4,255.1263244,9,7
27728,12,63,1-12-2022-063-03,3,2,3AKJHHDR6LSK,17,450,2501,66,0,82,881,2020,66,8,68,0,1,L,9,,,,,,,5,105,1,0,0,995,0,0,0,75169,9,9,0,4,2,1,2,1,1,1,1,2,2,3,1,1,0,0,0,0,1,4,62,99,1,1,3,I,65,,,,,,,,,,,,,,,,,,,,,,,,,,,95,95,95,95,,,9.8,998,998,998,99.8,99.8,99.8,255.1263244,9,7
27729,12,64,1-12-2022-064-07,7,1,1FMCU0GD2HUC,17,460,1798,7,0,12,402,2017,14,3,14,0,1,F,2,1611,5,0,1,1,5,2,64,1,1,1,359,2,7,0,73401,9,1,0,1,2,2,2,1,1,1,3,0,0,0,3,1,0,0,9,1,1,2,12,1,1,4,1,B,6,0,0,0,0,0,0,0,0,0,0,998,998,0,0,2,3,98,999,999,999,9999999,999,999,999,7,0,1,1,0,4,0,998,1.0,46,14,18,0.0,0.0,0.0,1624.223227,9,7
27730,17,112,1-17-2022-112-04,4,1,2FMPK4K90LBA,17,460,1797,7,0,12,424,2020,15,3,15,0,1,F,2,1875,5,0,1,1,9,2,113,1,0,0,995,0,0,0,52302,1,2,0,1,2,1,2,1,1,1,1,3,2,3,2,1,0,0,1,0,1,6,87,3,1,1,1,C,13,0,0,0,0,0,0,0,0,0,0,998,998,0,0,0,1,10,999,999,999,9999999,999,0,30,3,0,1,1,0,0,0,998,9.8,998,998,998,99.8,99.8,99.8,219.0764889,4,7
27731,17,113,1-17-2022-113-04,4,1,4S3GTAB65M37,17,523,2235,5,0,48,38,2021,5,1,3,0,1,L,1,1382,5,0,1,1,7,2,48,1,9,0,995,0,9,0,60617,9,1,2,3,2,1,2,3,1,1,0,3,0,0,1,4,0,0,3,1,11,2,10,99,1,2,4,J,72,0,0,0,0,0,0,0,0,0,0,50,90,0,0,0,1,3,5,2,4,3252,998,159,5,0,4,0,0,0,0,0,995,9.8,998,998,998,99.8,99.8,99.8,219.076489,4,7
27731,17,113,1-17-2022-113-04,4,2,1FAHP2D83FG1,17,460,1782,13,0,12,17,2015,4,1,4,0,1,F,1,1822,5,9999,9,0,998,2,48,1,9,0,995,0,9,0,52804,2,2,2,3,2,2,2,3,1,1,3,0,0,0,1,4,1,2,1,0,1,4,61,3,1,1,4,J,73,0,0,0,0,0,0,0,0,0,0,90,50,0,0,0,1,3,4,-3,-2,1396,998,-109,4,0,4,1,1,0,6,0,995,9.8,998,998,998,99.8,99.8,99.8,219.076489,4,7
27732,17,114,1-17-2022-114-04,4,1,1FM5K8F80JGB,17,460,1800,7,0,12,401,2018,14,3,14,0,1,F,9,2146,5,9999,9,0,998,2,89,1,0,0,995,0,0,0,61256,9,9,0,4,2,1,2,1,1,1,1,4,0,0,4,1,0,0,9,0,1,6,87,99,1,1,1,C,13,0,0,0,0,0,0,0,0,0,0,998,998,0,0,0,1,0,999,999,999,9999999,999,999,999,9,0,0,0,0,0,0,998,9.8,998,998,998,99.8,99.8,99.8,219.076489,4,7
27733,33,36,1-33-2022-036-09,9,1,4A3AK34T17E0,17,481,2166,5,0,52,37,2007,3,1,2,0,1,F,3,1705,5,0,1,4,34,2,80,1,1,1,283,2,0,2,95928,1,9,0,4,2,1,2,1,1,1,1,4,0,0,2,1,0,0,9,1,1,2,13,99,1,4,1,A,1,0,0,0,0,0,0,0,0,0,0,998,998,0,0,1,1,12,999,999,999,9999999,999,999,999,8,0,1,1,0,4,0,998,0.5,70,80,110,2.6,1.4,3.0,1247.81946,12,7
27734,11,79,1-11-2022-079-04,4,1,1HGCV3F53MA0,17,474,1861,13,0,37,32,2021,4,1,4,0,1,F,1,1462,5,9999,9,0,998,5,72,1,0,0,995,0,0,0,23235,9,9,2,1,4,3,2,1,1,9,1,1,0,0,1,5,1,2,1,0,1,2,17,99,1,1,4,K,83,0,0,0,0,0,0,0,0,0,0,155,35,0,0,0,1,3,13,-13,2,6470,998,35,10,0,4,95,95,95,95,0,995,9.8,998,998,998,99.8,99.8,99.8,3352.815874,8,7
27734,11,79,1-11-2022-079-04,4,2,1GKKNWLS3JZ1,17,472,1855,7,0,23,423,2018,15,3,15,0,1,L,1,1998,5,0,1,1,18,2,72,1,0,0,995,0,0,0,23832,9,9,2,1,3,3,2,1,1,9,1,2,0,0,1,5,1,2,1,0,11,4,66,99,1,1,4,K,82,0,0,0,0,0,0,0,0,0,0,35,155,0,0,0,1,3,9,-3,9,10503,998,-39,11,0,4,0,0,0,0,0,995,9.8,998,998,998,99.8,99.8,99.8,3352.815874,8,7
27734,11,79,1-11-2022-079-04,4,3,3GCUKREC7EG1,17,467,1850,60,0,20,481,2014,34,5,31,0,1,L,9,2409,5,9999,9,0,998,5,72,1,0,0,995,0,0,0,23832,9,9,2,1,3,2,2,1,1,9,1,1,0,0,1,5,1,2,1,0,11,4,60,99,1,1,6,M,98,0,0,0,0,0,0,0,0,0,0,45,15,0,0,0,2,0,999,999,999,9999999,999,999,999,9,0,95,95,95,95,0,995,9.8,998,998,998,99.8,99.8,99.8,3352.815874,8,7
27735,11,80,1-11-2022-080-03,3,1,JHMCG6675XC0,17,474,1861,13,0,37,32,1999,4,1,3,0,1,L,1,1370,5,0,1,1,17,2,40,1,0,0,995,0,0,0,23234,9,9,2,1,2,2,2,1,1,1,1,0,0,0,1,1,2,2,1,0,11,2,15,99,1,1,4,K,82,0,0,0,0,0,0,0,0,0,0,190,260,0,0,0,1,3,11,-4,10,11737,998,78,13,0,4,9,97,0,0,0,995,9.8,998,998,998,99.8,99.8,99.8,1037.348543,8,7
27735,11,80,1-11-2022-080-03,3,2,1FM5K8HC4NGA,17,460,1800,7,0,12,425,2022,15,3,15,0,1,F,1,2144,8,0,1,1,17,3,72,1,0,0,995,0,0,0,22405,9,9,2,2,4,2,2,1,1,1,1,1,0,0,1,1,1,2,1,1,1,4,65,3,1,2,4,K,83,0,0,0,0,0,0,0,0,0,0,260,190,0,0,0,1,3,7,-5,-4,4437,998,-153,5,0,4,99,99,0,0,0,995,9.8,998,998,998,99.8,99.8,99.8,1037.348543,8,7
27736,52,154,1-52-2022-154-09,9,1,2CNDL73F4561,17,467,1847,7,0,20,404,2005,14,3,14,0,1,R,1,1660,5,0,1,1,19,2,40,1,0,0,995,0,0,0,59101,9,9,2,1,2,2,2,1,1,1,1,0,0,0,3,1,1,2,9,0,11,2,15,99,1,1,4,J,68,0,0,0,0,0,0,0,0,0,0,125,0,0,0,0,1,1,20,-17,-10,3595,998,39,7,0,4,0,0,0,0,0,995,9.8,998,998,998,99.8,99.8,99.8,603.8848422,12,7
27736,52,154,1-52-2022-154-09,9,2,1N4AL11D96N3,17,478,1904,13,0,35,47,2006,4,1,4,0,1,F,2,1378,5,0,1,1,19,2,40,1,0,0,995,0,0,0,59101,9,9,2,4,3,2,2,1,1,1,1,2,0,0,3,1,1,2,9,0,1,4,62,99,1,1,4,J,69,0,0,0,0,0,0,0,0,0,0,0,125,0,0,0,1,1,25,-23,8,68152,998,65,32,0,4,1,1,0,4,0,995,9.8,998,998,998,99.8,99.8,99.8,603.8848422,12,7
27737,52,155,1-52-2022-155-06,6,1,JA4LX41FX4U0,17,481,2163,7,0,52,47,2004,6,1,2,0,1,F,2,1470,5,0,1,1,7,2,40,1,0,0,995,0,0,0,59101,9,9,2,4,2,1,2,2,1,1,0,2,0,0,3,8,1,2,9,0,1,2,17,99,1,1,5,L,86,0,0,0,0,0,0,0,0,0,0,0,85,0,0,0,1,1,33,-21,25,139790,998,143,33,0,4,9,97,0,99,0,995,9.8,998,998,998,99.8,99.8,99.8,246.9324265,12,7
27737,52,155,1-52-2022-155-06,6,2,1FTFW1ET4DFD,17,460,1801,60,0,12,481,2013,34,5,31,0,1,R,1,2522,5,0,1,1,7,2,40,1,0,0,995,0,0,0,59102,9,9,2,4,3,1,2,2,1,1,1,1,0,0,3,8,1,2,9,0,1,4,66,1,1,1,5,L,87,0,0,0,0,0,0,0,0,0,0,85,0,0,0,0,1,1,20,-15,-13,41282,998,83,18,0,4,9,97,0,99,0,995,9.8,998,998,998,99.8,99.8,99.8,246.9324265,12,7
27738,24,117,1-24-2022-117-04,4,1,999999999999,99,99999,99999,999,0,99,399,9999,9,1,9,99,1,L,9,9999,9,9999,9,0,998,5,40,1,0,0,995,0,0,0,99999,9,9,2,3,3,2,2,1,1,9,1,1,0,0,3,1,1,2,9,1,15,2,10,99,9,2,2,F,47,0,0,0,0,0,0,0,0,0,0,310,320,0,0,0,1,0,999,999,999,9999999,999,999,999,9,0,95,95,95,95,0,995,9.8,998,998,998,99.8,99.8,99.8,1513.051169,1,7
27738,24,117,1-24-2022-117-04,4,2,1N6AD0EV7KN7,17,478,1919,60,0,35,472,2019,34,5,30,0,1,R,9,2073,5,0,1,5,10,2,40,1,0,0,995,0,0,0,08332,9,9,2,3,3,3,2,1,1,9,1,1,0,0,3,1,1,2,1,0,1,4,60,1,1,1,2,F,45,0,0,0,0,0,0,0,0,0,0,320,310,0,0,0,1,12,999,999,999,9999999,999,999,999,9,0,0,0,0,0,0,995,9.8,998,998,998,99.8,99.8,99.8,1513.051169,1,7
27739,24,118,1-24-2022-118-07,7,1,1GAZGMFG9H11,17,467,1848,9,0,20,461,2017,21,4,21,0,1,F,9,2400,5,9999,9,0,998,5,72,1,0,0,995,0,0,0,08234,9,9,2,4,5,3,2,2,1,1,1,2,0,0,1,2,1,2,9,0,11,2,15,99,1,1,4,J,68,0,0,0,0,0,0,0,0,0,0,240,90,0,0,0,1,0,999,999,999,9999999,999,999,999,9,0,95,95,95,95,0,995,9.8,998,998,998,99.8,99.8,99.8,2956.500947,1,7
27739,24,118,1-24-2022-118-07,7,2,4S3GTAT65H37,17,523,2235,5,0,48,38,2017,5,1,3,0,1,L,1,1382,5,0,1,4,6,2,72,1,0,0,995,0,0,0,07436,9,9,2,1,3,2,2,2,1,1,1,1,0,0,1,2,1,2,1,0,1,4,62,99,1,1,4,J,69,0,0,0,0,0,0,0,0,0,0,90,240,0,0,0,1,12,999,999,999,9999999,999,999,999,6,0,0,0,0,0,0,995,9.8,998,998,998,99.8,99.8,99.8,2956.500947,1,7
27740,23,42,1-23-2022-042-03,3,1,1G1ZC5E15BF2,17,467,1834,13,0,20,37,2011,4,1,4,0,1,F,9,1549,5,9999,9,0,998,2,72,1,0,0,995,0,0,0,43068,9,9,2,4,2,1,2,2,1,4,1,2,0,0,1,2,1,2,1,0,1,3,50,1,1,1,2,D,20,0,0,0,0,0,0,0,0,0,0,165,165,0,0,0,1,0,999,999,999,9999999,999,999,999,9,0,0,0,0,0,0,995,9.8,998,998,998,99.8,99.8,99.8,1005.745183,5,7
27740,23,42,1-23-2022-042-03,3,2,19XFC1F39KE0,17,474,1863,13,0,37,31,2019,4,1,3,0,1,F,1,1252,5,0,1,1,11,2,72,1,0,0,995,0,0,0,43085,9,9,2,4,2,1,2,2,1,4,1,2,0,0,1,2,1,2,1,0,5,3,53,1,1,1,2,D,21,0,0,0,0,0,0,0,0,0,0,165,165,0,0,0,2,12,999,999,999,9999999,999,999,999,1,0,9,97,0,5,0,995,9.8,998,998,998,99.8,99.8,99.8,1005.745183,5,7
27740,23,42,1-23-2022-042-03,3,3,KNMAT2MV3FP5,17,478,1913,8,0,35,51,2015,6,1,3,99,1,B,9,1610,5,9999,9,0,998,5,72,1,8,0,995,0,7,0,43065,9,9,2,4,2,1,2,2,1,4,1,2,0,0,1,2,1,2,1,0,5,3,53,1,1,1,6,M,98,0,0,0,0,0,0,0,0,0,0,165,165,0,0,0,2,0,999,999,999,9999999,999,999,999,9,0,95,95,95,95,0,995,9.8,998,998,998,99.8,99.8,99.8,1005.745183,5,7
27741,25,103,1-25-2022-103-07,7,1,5J6RM4H59FL0,17,474,1865,7,0,37,402,2015,14,3,14,0,1,F,2,1586,5,0,1,1,38,2,40,1,0,0,995,0,0,0,04062,9,9,2,4,2,1,2,1,1,2,1,2,0,0,1,1,1,2,1,0,1,4,66,8,1,1,5,L,86,0,0,0,0,0,0,0,0,0,0,170,260,0,0,0,1,3,26,-13,23,51045,998,161,18,0,4,0,0,0,0,0,995,9.8,998,998,998,99.8,99.8,99.8,2845.376269,2,7
27741,25,103,1-25-2022-103-07,7,2,5Y2SL628X4Z4,17,536,2807,5,0,22,32,2004,6,1,2,0,1,R,2,1227,5,9999,9,0,998,2,40,1,0,0,995,0,0,0,04240,9,9,2,4,2,1,2,1,3,1,1,2,0,0,1,1,1,2,1,0,14,2,17,99,1,1,5,L,87,0,0,0,0,0,0,0,0,0,0,260,170,0,0,0,1,3,33,-29,-17,134576,998,89,43,0,4,0,0,0,0,0,995,9.8,998,998,998,99.8,99.8,99.8,2845.376269,2,7
27742,25,104,1-25-2022-104-10,10,1,JTEDP21A0601,17,448,2213,7,0,49,403,2006,14,3,14,0,1,F,9,1785,5,9999,9,0,998,2,40,1,1,1,240,1,0,0,04107,9,9,2,4,2,1,2,1,1,2,1,2,0,0,3,1,1,2,9,0,1,3,50,99,1,1,2,D,20,0,0,0,0,0,0,0,0,0,0,190,190,0,0,0,1,0,999,999,999,9999999,999,999,999,9,0,0,0,0,0,0,995,9.8,998,998,998,99.8,99.8,99.8,5304.001192,2,7
27742,25,104,1-25-2022-104-10,10,2,5N1ET2MV6JC8,17,478,1913,8,0,35,51,2018,6,1,3,0,1,B,9,1610,5,9999,9,0,998,5,40,1,0,0,995,0,0,0,04107,9,9,2,4,2,1,2,1,1,2,1,2,0,0,3,1,1,2,1,0,5,3,53,1,1,1,2,D,21,0,0,0,0,0,0,0,0,0,0,190,190,0,0,0,1,0,999,999,999,9999999,999,999,999,9,0,95,95,95,95,0,995,9.8,998,998,998,99.8,99.8,99.8,5304.001192,2,7
27743,16,101,1-16-2022-101-02,2,1,3C6LRVDG1ME5,17,496,13628,95,0,7,463,2021,21,4,21,6,1,F,3,2225,5,9999,9,1,41,2,48,1,0,0,995,0,0,0,41056,9,9,0,4,4,2,2,2,2,4,3,2,0,0,3,1,5,2,1,1,14,2,10,99,1,2,3,G,50,0,0,0,0,0,0,0,0,0,0,205,10,0,0,0,1,3,48,-48,0,225525,998,-60,47,0,4,9,97,0,8,0,995,9.8,998,998,998,99.8,99.8,99.8,59.4969547,5,7
27743,16,101,1-16-2022-101-02,2,2,2C3CDXHG3KH6,17,476,1895,13,0,7,24,2019,4,1,5,0,1,F,3,1785,5,0,1,1,15,2,48,1,0,1,100,2,0,2,45231,2,2,0,4,4,2,2,2,1,2,3,2,0,0,3,1,0,0,1,0,1,4,62,98,1,1,3,G,51,0,0,0,0,0,0,0,0,0,0,10,205,0,0,0,1,3,58,-54,-20,306457,998,-66,58,0,4,3,27,1,3,0,995,0.0,999,999,999,0.0,0.0,0.0,59.4969547,5,7
27744,16,102,1-16-2022-102-02,2,1,5NPE34AF0JH7,17,498,2459,13,0,55,33,2018,4,1,4,0,1,F,2,1572,5,0,1,1,34,2,40,1,0,1,275,2,0,0,45212,9,9,0,4,2,1,2,2,1,1,0,0,0,0,3,8,0,0,1,1,1,2,12,99,1,4,1,C,11,0,0,0,0,0,0,0,0,0,0,45,235,0,0,0,1,3,25,-25,0,39251,998,-36,24,0,4,2,5,0,4,0,995,9.8,998,998,998,99.8,99.8,99.8,59.49695468,5,7
27744,16,102,1-16-2022-102-02,2,2,JT4RN13P8P60,17,448,14263,60,0,49,471,1993,34,5,30,0,2,F,1,1730,5,9999,9,5,55,,,,,,,,,,,,,,,,,,,,,,,,,,,,,,,,,,,,,,,,,,,,,,,,,,,,,,,,,,,,,,,,,,95,95,95,95,,,,,,,,,,59.49695468,5,7
27747,66,96,1-66-2022-096-10,10,1,1HGCP3F84CA0,17,474,1861,13,0,37,32,2012,4,1,4,0,1,L,1,1621,5,0,1,1,10,2,56,1,0,9,998,8,7,9,65613,9,9,2,2,3,1,2,1,1,1,1,1,0,0,1,1,1,2,9,1,10,1,6,99,3,4,1,A,2,0,0,0,0,0,0,0,0,0,0,998,998,0,1,2,1,10,999,999,999,9999999,999,-112,16,2,0,99,99,0,99,0,998,3.4,10,10,999,10.2,0.7,10.3,208.9379154,6,7
27748,14,86,1-14-2022-086-05,5,1,1N4AL3AP0FC1,17,478,1904,13,0,35,47,2015,4,1,4,0,1,F,2,1416,5,0,1,1,19,2,56,1,0,0,995,0,0,0,78640,1,1,0,4,2,1,2,1,3,1,1,2,0,0,2,1,6,2,9,1,14,2,13,99,1,4,1,A,1,0,0,0,0,0,0,0,0,0,0,998,998,0,0,0,1,10,999,999,999,9999999,999,-12,30,3,0,1,3,0,4,0,998,9.9,120,5,-120,16.9,3.9,17.2,281.9842573,8,7
27749,14,87,1-14-2022-087-04,4,1,1FMJK2AT4LEA,17,460,1820,7,0,12,422,2020,15,3,15,0,1,F,2,2628,5,0,1,1,34,2,56,1,0,0,995,0,0,0,78163,1,9,0,4,2,1,2,1,1,1,0,0,0,0,4,1,0,0,3,1,1,2,13,7,2,4,1,A,1,0,0,0,0,0,0,0,0,0,0,998,998,0,0,7,1,12,999,999,999,9999999,999,999,999,7,0,0,0,0,0,0,998,0.0,999,999,999,99.9,99.9,99.9,4792.131098,8,7
27750,10,168,1-10-2022-168-01,1,1,1FMYU60E11UC,17,460,1800,7,0,12,401,2001,14,3,14,0,1,T,1,1706,8,0,1,1,15,2,105,1,0,0,995,0,0,0,45011,9,9,0,2,3,2,2,5,1,9,3,3,0,3,2,4,0,0,1,1,1,2,13,99,9,4,1,A,1,1,3,2,1,6,4,48,3,2,16,997,997,0,0,0,2,6,999,999,999,9999999,999,999,999,6,0,5,50,2,1,3,997,3.7,999,999,999,99.9,99.9,99.9,62.03393723,4,7
27751,10,169,1-10-2022-169-01,1,1,1GNLRFEDXAS1,17,467,1853,7,0,20,24,2010,6,1,5,0,1,F,9,2141,5,9999,9,0,998,2,89,1,1,1,224,1,1,3,45321,9,9,0,4,2,1,2,1,1,1,1,4,0,0,1,8,0,0,1,1,1,2,10,99,1,2,3,G,50,1,4,2,2,1,3,61,1,1,999,997,997,0,0,0,99,0,999,999,999,9999999,999,999,999,9,0,9,97,0,8,3,997,9.8,998,998,998,99.8,99.8,99.8,62.03393722,4,7
27751,10,169,1-10-2022-169-01,1,2,JTDJT923X851,17,448,2464,5,0,49,51,2008,9,1,1,0,1,F,9,1050,5,9999,9,0,998,2,89,1,0,0,995,0,0,0,47327,9,9,0,4,2,1,2,1,1,1,1,4,0,0,1,8,0,0,1,0,1,4,62,99,1,1,3,G,51,0,0,0,0,0,0,0,0,0,0,265,80,0,0,0,1,0,999,999,999,9999999,999,999,999,9,0,9,97,0,1,0,995,0.8,999,999,999,0.0,0.0,0.0,62.03393722,4,7
27752,32,65,1-32-2022-065-09,9,1,JN1CV6AP8AM4,17,480,2337,13,0,58,37,2010,4,1,4,0,1,R,9,1643,5,9999,9,0,998,2,80,1,8,0,995,0,7,0,75051,9,1,2,1,4,3,1,1,1,1,1,1,0,0,1,1,1,2,9,0,1,2,17,99,1,1,5,L,87,0,0,0,0,0,0,0,0,0,0,340,260,0,0,0,1,0,999,999,999,9999999,999,999,999,9,0,99,99,0,0,0,995,9.8,998,998,998,99.8,99.8,99.8,11061.50161,7,7