CASEID,PSU,CASENO,CASENUMBER,CATEGORY,VEHNO,VIN,VINLENGTH,VPICMAKE,VPICMODEL,VPICBODYCLASS,ICFINALBODY,MAKE,MODEL,MODELYR,BODYTYPE,BODYCAT,VEHCLASS,SPECUSE,TRANSTAT,DAMPLANE,DAMSEV,CURBWT,CURBSRC,CARGOWT,CARGOSRC,INSPTYPE,INSPLAG,TOWED,SPEEDLIMIT,DRPRESENT,PARALCOHOL,ALCTEST,ALCTESTRESULT,ALCTESTSRC,PARDRUG,DRUGTEST,ZIP,RACE,ETHNICITY,RELTOJUNCT,TRAFFLOW,RDLANES,INITLANE,SURFTYPE,SURFCOND,ALIGNMENT,PROFILE,LINERIGHT,LINELEFT,RUMBINIT,RUMBROAD,LIGHTCOND,WEATHER,TRAFDEV,TRAFFUNCT,DISTRACT,PREFHE,PREMOVE,CRITCAT,CRITEVENT,MANEUVER,PRESTAB,PRELOC,CRASHCAT,CRASHCONF,CRASHTYPE,ROLLTYPE,ROLLTURN,ROLLINTRPT,ROLLPREMAN,ROLLINITYP,ROLLINLOC,ROLLOBJ,ROLLTRIP,ROLLDIR,ROLLDIST,DVANGTHIS,DVANGOTH,TOWHITCH,TRAJDOC,TREEPOLE,DVEVENT,DVBASIS,DVTOTAL,DVLONG,DVLAT,DVENERGY,DVSPEED,DVMOMENT,DVBES,DVEST,DVCONF,VAIS,VISS,VINJURED,VTREAT,INITOBJCLASS,HEADANGLECAT,SHLDRWIDTH,STRKLENGTH,STRKWIDTH,STRKHEIGHT,EDGEDISTX,EDGEDISTY,EDGEDISTZ,CASEWGT,PSUSTRAT,VERSION
27866,54,91,1-54-2022-091-04,4,1,WBAPH7C53BE6,17,452,1709,13,0,34,34,2011,4,1,3,0,1,F,1,1525,5,9999,9,0,998,2,40,1,0,0,995,0,0,0,38847,1,9,2,4,2,1,2,1,1,2,1,2,0,0,1,8,2,2,9,0,1,2,17,99,1,1,5,L,88,0,0,0,0,0,0,0,0,0,0,295,205,0,0,0,1,3,9,-7,-6,4814,998,-138,6,0,4,0,0,0,0,0,995,9.8,998,998,998,99.8,99.8,99.8,535.85627,9,7
27866,54,91,1-54-2022-091-04,4,2,4T1B61HK7KU2,17,448,2469,13,0,49,40,2019,4,1,4,0,1,L,1,1520,5,0,1,1,43,2,105,1,0,0,995,0,0,0,35582,1,2,2,1,3,2,2,1,3,1,3,1,0,0,1,8,0,0,1,0,14,4,66,2,1,1,5,L,89,0,0,0,0,0,0,0,0,0,0,205,295,0,0,0,1,3,9,-6,7,11906,998,27,14,0,4,1,2,0,4,0,995,1.0,94,120,-120,2.7,11.5,11.3,535.85627,9,7
27867,59,90,1-59-2022-090-08,8,1,JHLRD78555C0,17,474,1865,7,0,37,402,2005,14,3,14,0,1,L,2,1480,5,9999,9,4,6,2,72,1,0,0,995,0,0,0,47802,1,9,2,4,3,1,2,1,1,1,0,1,0,0,1,1,1,2,9,0,1,4,66,99,1,1,5,L,89,0,0,0,0,0,0,0,0,0,0,275,5,0,0,0,1,12,999,999,999,9999999,999,999,999,7,0,1,1,0,4,0,995,9.8,998,998,998,99.8,99.8,99.8,207.5969719,6,7
27867,59,90,1-59-2022-090-08,8,2,1GTS7AFX3C11,17,472,1856,95,0,23,461,2012,21,4,21,0,1,F,2,2198,5,91,1,5,6,2,72,1,0,0,995,0,0,0,47802,9,9,2,1,4,3,2,1,1,1,3,1,0,0,1,1,1,2,3,0,1,4,66,99,1,1,5,L,88,0,0,0,0,0,0,0,0,0,0,5,275,0,1,0,1,12,999,999,999,9999999,999,999,999,7,0,1,1,0,0,0,995,9.8,998,998,998,99.8,99.8,99.8,207.5969719,6,7
27868,59,91,1-59-2022-091-03,3,1,1FAHP2HW2BG1,17,460,1782,13,0,12,17,2011,4,1,4,0,1,F,2,1918,5,0,1,1,7,2,56,1,0,0,995,0,0,0,47802,9,9,2,4,3,1,2,1,1,1,0,1,0,0,1,1,1,2,9,0,1,4,62,2,1,1,4,J,69,0,0,0,0,0,0,0,0,0,0,270,65,0,0,0,1,1,29,-28,5,124093,998,51,38,0,4,99,99,0,5,0,995,9.8,998,998,998,99.8,99.8,99.8,197.6019568,6,7
27868,59,91,1-59-2022-091-03,3,2,3KPFK4A72JE2,17,499,2462,13,0,63,38,2018,4,1,3,0,1,F,3,1272,5,0,1,1,7,2,56,1,0,0,995,0,0,0,47805,9,9,2,4,3,2,2,1,1,1,1,2,0,0,1,1,1,2,9,0,11,2,15,99,1,1,4,J,68,0,0,0,0,0,0,0,0,0,0,65,270,0,0,0,1,1,41,-39,-14,42001,998,-14,27,0,4,2,4,0,4,0,995,9.8,998,998,998,99.8,99.8,99.8,197.6019568,6,7
27869,59,92,1-59-2022-092-01,1,1,1C3CCBBB7CN2,17,477,2053,13,0,6,18,2012,4,1,3,0,1,F,3,1614,5,0,1,1,2,2,89,1,0,1,0,3,0,2,47804,1,2,0,4,4,99,2,1,1,1,9,9,0,0,1,1,0,0,9,1,1,2,12,99,1,4,1,B,6,0,0,0,0,0,0,0,0,0,0,998,998,0,1,1,2,1,41,-41,0,122501,998,42,41,0,4,4,26,1,1,0,998,1.3,10,10,999,4.1,1.3,4.5,63.48521921,6,7
27871,12,67,1-12-2022-067-06,6,1,1G11C5SA3GU1,17,467,1834,13,0,20,37,2016,4,1,3,0,1,B,2,1625,5,0,1,1,13,2,121,1,0,0,995,0,0,0,73401,2,2,0,2,2,2,1,2,1,1,1,3,2,3,2,2,0,0,1,1,15,2,11,99,1,2,2,D,32,0,0,0,0,0,0,0,0,0,0,205,185,0,1,0,1,5,999,999,999,9999999,999,999,999,7,0,0,0,0,6,0,995,9.8,998,998,998,99.8,99.8,99.8,510.2127987,9,7
27871,12,67,1-12-2022-067-06,6,2,1NKYD39X0MJ4,17,532,2733,66,0,85,881,2021,66,8,68,0,1,F,9,,,,,,,5,121,1,0,0,995,0,0,0,76205,9,9,0,2,2,1,2,2,1,1,1,3,2,3,2,2,0,0,1,0,1,4,60,99,1,1,2,D,32,,,,,,,,,,,,,,,,,,,,,,,,,,,95,95,95,95,,,9.8,998,998,998,99.8,99.8,99.8,510.2127987,9,7
27872,12,68,1-12-2022-068-03,3,1,1G1YD2D77K51,17,467,1831,3,0,20,4,2019,3,1,3,0,1,F,1,1497,5,0,1,1,3,2,56,1,0,0,995,0,0,0,75457,9,9,2,4,4,2,1,2,1,1,3,2,0,0,1,2,0,0,9,0,1,3,50,2,1,1,2,D,20,0,0,0,0,0,0,0,0,0,0,90,90,0,0,0,1,3,17,-17,0,15057,998,0,16,0,4,9,97,0,0,0,995,9.8,998,998,998,99.8,99.8,99.8,255.1263244,9,7
27872,12,68,1-12-2022-068-03,3,2,1GCCS13E5881,17,467,4086,60,0,20,473,2008,34,5,31,0,1,B,1,1702,5,9999,9,0,998,5,56,1,0,0,995,0,0,0,73401,9,9,2,4,4,2,2,2,1,1,3,2,0,0,1,2,0,0,1,0,5,3,53,1,1,1,2,D,21,0,0,0,0,0,0,0,0,0,0,90,90,0,0,0,1,3,15,15,0,16812,998,0,16,0,4,95,95,95,95,0,995,9.8,998,998,998,99.8,99.8,99.8,255.1263244,9,7
27873,17,118,1-17-2022-118-10,10,1,1HGCG16582A0,17,474,1861,13,0,37,32,2002,4,1,3,0,1,F,1,1485,5,9999,9,0,998,2,32,1,0,0,995,0,0,0,61265,1,9,2,4,2,98,2,1,1,1,1,1,0,0,1,1,0,0,9,0,1,2,17,99,1,1,4,J,69,0,0,0,0,0,0,0,0,0,0,240,345,0,0,0,1,3,8,-8,1,2131,998,35,6,0,4,0,0,0,0,0,995,9.8,998,998,998,99.8,99.8,99.8,1273.493954,4,7
27873,17,118,1-17-2022-118-10,10,2,5FNRL38258B0,17,474,1869,2,0,37,441,2008,20,4,20,0,1,R,1,1989,5,0,1,1,9,2,32,1,0,0,995,0,0,0,61265,2,9,2,1,2,1,2,1,1,1,0,2,0,0,1,1,0,0,9,0,11,2,15,99,1,1,4,J,68,0,0,0,0,0,0,0,0,0,0,345,240,0,0,0,1,3,6,-3,-5,4735,998,-71,7,0,4,0,0,0,0,0,995,9.8,998,998,998,99.8,99.8,99.8,1273.493954,4,7
27874,17,119,1-17-2022-119-04,4,1,1GHDT13S2225,17,4162,8920,7,0,21,401,2002,14,3,14,0,1,F,1,2099,5,9999,9,0,998,5,48,1,9,0,995,0,9,0,61265,9,9,0,4,4,2,2,1,3,1,3,2,0,0,3,1,0,0,9,1,14,2,10,99,4,2,3,I,64,0,0,0,0,0,0,0,0,0,0,200,60,0,0,0,1,3,8,-8,0,5621,998,0,8,0,4,95,95,95,95,0,995,9.8,998,998,998,99.8,99.8,99.8,225.3760501,4,7
27874,17,119,1-17-2022-119-04,4,2,1V2BP2CA0MC5,17,482,29592,7,0,30,403,2021,14,3,14,0,1,L,1,2042,5,0,1,1,8,2,48,1,9,0,995,0,9,0,61244,1,2,0,4,4,1,2,1,3,1,0,3,0,0,3,1,0,0,1,0,14,4,62,4,1,1,3,I,65,0,0,0,0,0,0,0,0,0,0,60,200,0,0,0,1,3,7,-5,4,10360,998,-200,6,0,4,99,99,0,6,0,995,0.0,22,22,35,3.8,3.4,5.1,225.3760501,4,7
27875,17,120,1-17-2022-120-04,4,1,2HGFC2F51JH5,17,474,1863,13,0,37,31,2018,4,1,3,0,1,F,1,1244,5,0,1,1,3,2,48,1,9,0,995,0,9,0,61265,9,1,0,5,3,1,2,1,1,2,1,2,0,0,3,1,0,0,3,1,1,2,12,8,1,4,1,B,6,0,0,0,0,0,0,0,0,0,0,998,998,0,0,7,2,10,999,999,999,9999999,999,-36,17,2,0,0,0,0,0,0,998,0.0,999,999,999,0.0,0.0,0.0,225.3760501,4,7
27878,19,157,1-19-2022-157-05,5,1,1N6AD0ER0GN7,17,478,1919,60,0,35,472,2016,34,5,31,0,1,R,2,2073,5,0,1,1,4,2,89,1,0,0,995,0,0,0,35622,1,9,0,4,3,1,2,1,3,4,1,2,2,3,2,8,0,0,9,1,14,2,13,7,4,4,1,A,2,0,0,0,0,0,0,0,0,0,0,998,998,1,1,0,1,5,999,999,999,9999999,999,999,999,3,0,9,97,0,8,0,998,0.8,120,120,120,99.0,3.1,99.0,38.14084918,9,7
27879,19,158,1-19-2022-158-04,4,1,KNDJ53AF7L70,17,499,2460,7,0,63,37,2020,6,1,2,0,1,F,1,1290,5,9999,9,0,998,5,40,1,0,0,995,0,0,0,35903,9,9,3,4,2,1,2,1,1,2,0,0,0,0,1,1,0,0,9,0,1,2,19,99,1,1,4,K,83,0,0,0,0,0,0,0,0,0,0,230,140,0,0,0,1,3,9,-8,-3,3504,998,-64,7,0,4,95,95,95,95,0,995,9.8,998,998,998,99.8,99.8,99.8,1070.342129,9,7
27879,19,158,1-19-2022-158-04,4,2,KM8R44HE7LU0,17,498,25847,7,0,55,422,2020,15,3,15,0,1,L,1,1880,5,0,1,1,6,2,40,1,0,0,995,0,0,0,35903,2,2,3,5,5,1,2,1,1,2,0,0,0,0,1,1,0,0,1,0,11,4,73,2,1,1,4,K,82,0,0,0,0,0,0,0,0,0,0,140,230,0,0,0,1,3,6,-2,6,5664,998,91,7,0,4,0,0,0,0,0,995,9.8,998,998,998,99.8,99.8,99.8,1070.342129,9,7
27881,11,84,1-11-2022-084-10,10,1,JTEEP21A6400,17,448,2213,7,0,49,403,2004,14,3,14,0,1,F,9,1760,5,9999,9,0,998,5,40,1,0,0,995,0,0,0,23831,9,9,2,4,3,1,2,1,1,9,0,1,0,0,1,1,2,2,1,0,1,2,17,99,1,1,5,L,89,0,0,0,0,0,0,0,0,0,0,155,255,0,0,0,2,0,999,999,999,9999999,999,999,999,9,0,95,95,95,95,0,995,9.8,998,998,998,99.8,99.8,99.8,19684.67158,8,7
27881,11,84,1-11-2022-084-10,10,2,1GKS1BKC9HR1,17,472,1859,7,0,23,421,2017,15,3,15,0,1,F,9,2408,5,9999,9,0,998,5,40,1,0,0,995,0,0,0,23120,9,9,2,4,4,2,2,1,2,9,1,1,0,0,1,1,2,2,1,0,14,4,66,99,1,1,5,L,88,0,0,0,0,0,0,0,0,0,0,255,155,0,0,0,1,0,999,999,999,9999999,999,999,999,9,0,95,95,95,95,0,995,9.8,998,998,998,99.8,99.8,99.8,19684.67158,8,7
27881,11,84,1-11-2022-084-10,10,3,3N1BC1CP0CL3,17,478,1894,5,0,35,50,2012,5,1,2,0,1,R,9,1235,5,9999,9,0,998,2,40,1,0,0,995,0,0,0,23112,9,9,2,4,4,3,2,1,2,9,1,2,0,0,1,1,2,2,1,0,14,4,66,99,1,1,6,M,98,0,0,0,0,0,0,0,0,0,0,255,155,0,0,0,2,0,999,999,999,9999999,999,999,999,9,0,0,0,0,0,0,995,9.8,998,998,998,99.8,99.8,99.8,19684.67158,8,7
27882,11,85,1-11-2022-085-04,4,1,1FTPW14V88FA,17,460,1801,60,0,12,481,2008,34,5,31,0,1,L,9,2543,5,9999,9,0,998,2,72,1,0,0,995,0,0,0,23237,9,9,2,1,2,1,2,1,1,9,1,2,0,0,1,1,2,2,9,0,10,2,16,99,1,1,4,K,78,0,0,0,0,0,0,0,0,0,0,40,80,0,0,0,1,0,999,999,999,9999999,999,999,999,9,0,0,0,0,0,0,995,9.8,998,998,998,99.8,99.8,99.8,4086.258163,8,7
27882,11,85,1-11-2022-085-04,4,2,2HKRW2H53JH6,17,474,1865,7,0,37,402,2018,14,3,14,0,1,F,9,1580,5,0,1,1,21,2,72,1,0,0,995,0,0,0,23112,2,2,2,4,2,1,2,1,1,9,1,2,0,0,1,1,0,0,1,0,1,4,65,3,1,1,4,K,79,0,0,0,0,0,0,0,0,0,0,80,40,0,0,0,1,12,999,999,999,9999999,999,999,999,9,0,1,1,0,0,0,995,9.8,998,998,998,99.8,99.8,99.8,4086.258163,8,7
27883,11,86,1-11-2022-086-05,5,1,1HGCR2F38EA1,17,474,1861,13,0,37,32,2014,4,1,4,0,1,F,3,1496,5,0,1,1,58,2,72,1,1,8,997,8,0,0,23112,1,9,0,4,2,1,2,1,2,9,1,2,0,0,1,1,0,0,1,1,14,2,13,7,9,4,1,A,2,0,0,0,0,0,0,0,0,0,0,998,998,0,0,9,1,1,74,-73,13,374862,998,54,74,0,3,3,22,1,3,0,998,0.4,999,999,999,99.9,99.9,99.9,232.7685557,8,7
27884,52,159,1-52-2022-159-04,4,1,WA1CVBF14LD0,17,582,25317,7,0,32,421,2020,15,3,15,0,1,F,1,2145,5,0,1,1,27,2,80,1,0,0,995,0,0,0,59044,1,2,2,4,2,1,2,5,1,1,1,2,0,0,1,4,2,2,1,0,1,1,6,2,2,1,5,L,86,0,0,0,0,0,0,0,0,0,0,270,0,0,0,0,1,5,999,999,999,9999999,999,999,9,1,0,0,0,0,0,0,995,9.8,998,998,998,99.8,99.8,99.8,677.6877614,12,7
27884,52,159,1-52-2022-159-04,4,2,1NKDLB9X8TS6,17,532,9706,11,0,85,881,1996,63,8,60,0,1,R,9,,,,,,,5,80,1,0,0,995,0,0,0,59072,9,9,2,4,2,1,2,5,1,1,1,2,0,0,1,4,1,2,9,0,1,4,66,99,1,1,5,L,87,,,,,,,,,,,,,,,,,,,,,,,,,,,95,95,95,95,,,9.8,998,998,998,99.8,99.8,99.8,677.6877614,12,7
27885,52,160,1-52-2022-160-08,8,1,1G1AL55F0676,17,467,4234,13,0,20,22,2006,4,1,2,0,1,F,3,1265,5,0,1,1,60,2,89,1,0,8,997,8,0,3,59101,5,2,2,4,2,1,2,1,2,1,1,2,0,0,1,8,2,2,9,0,11,2,15,1,1,1,4,K,82,0,0,0,0,0,0,0,0,0,0,300,90,0,0,0,1,1,41,-41,0,109927,998,0,45,0,4,4,41,1,3,0,995,9.8,998,998,998,99.8,99.8,99.8,174.3194693,12,7
27885,52,160,1-52-2022-160-08,8,2,1GKFK66U94J2,17,472,4579,7,0,23,422,2004,15,3,15,0,1,F,1,2323,5,0,1,1,60,2,89,1,0,8,997,8,0,3,59101,9,9,2,4,2,1,2,1,1,4,1,2,0,0,1,8,0,0,9,0,1,4,67,2,1,1,4,K,83,0,0,0,0,0,0,0,0,0,0,90,300,0,0,0,1,1,24,-20,-12,45160,998,-62,20,0,4,99,99,0,8,0,995,9.8,998,998,998,99.8,99.8,99.8,174.3194693,12,7
27886,24,121,1-24-2022-121-02,2,1,1GKKNKLA9KZ2,17,472,1855,7,0,23,423,2019,15,3,15,0,1,L,1,1794,5,0,1,1,20,2,72,1,0,0,995,0,0,0,08205,1,2,2,4,2,1,2,1,1,1,0,0,0,0,1,1,2,2,1,0,1,2,17,1,1,1,5,L,89,0,0,0,0,0,0,0,0,0,0,90,170,0,0,0,1,1,18,-3,18,5707,998,125,7,0,1,1,1,0,0,0,995,9.8,998,998,998,99.8,99.8,99.8,85.32753996,1,7
27886,24,121,1-24-2022-121-02,2,2,2T1BURHE1KC2,17,448,2208,13,0,49,32,2019,4,1,3,0,1,F,1,1265,5,0,1,1,50,2,72,1,0,0,995,0,0,0,08401,1,1,2,4,2,1,2,1,1,1,1,2,0,0,1,1,0,0,1,0,1,4,66,7,1,1,5,L,88,0,0,0,0,0,0,0,0,0,0,170,90,0,0,0,1,1,23,-22,-8,76262,998,-64,33,0,1,2,5,0,4,0,995,9.8,998,998,998,99.8,99.8,99.8,85.32753996,1,7
27887,24,122,1-24-2022-122-06,6,1,2T1BR32E55C4,17,448,2208,13,0,49,32,2005,4,1,2,0,1,L,9,1210,5,9999,9,0,998,2,80,1,0,1,0,2,0,1,08330,1,2,2,1,2,2,2,1,1,1,1,2,0,0,3,1,1,2,9,0,1,4,62,99,1,1,4,J,69,0,0,0,0,0,0,0,0,0,0,300,80,0,0,0,1,0,999,999,999,9999999,999,999,999,9,0,1,2,0,4,0,995,9.8,998,998,998,99.8,99.8,99.8,923.7495308,1,7
27887,24,122,1-24-2022-122-06,6,2,1HGCR2F35DA0,17,474,1861,13,0,37,32,2013,4,1,4,0,1,F,9,1521,5,9999,9,5,66,2,80,1,0,0,995,0,0,0,08234,3,2,2,4,3,2,2,1,1,1,1,2,0,0,3,1,1,2,9,0,11,2,15,1,1,1,4,J,68,0,0,0,0,0,0,0,0,0,0,80,300,0,0,0,1,12,999,999,999,9999999,999,999,999,9,0,1,2,0,4,0,995,9.8,998,998,998,99.8,99.8,99.8,923.7495308,1,7
27888,14,90,1-14-2022-090-10,10,1,3GCPCREA2BG1,17,467,1850,60,0,20,481,2011,34,5,31,0,1,T,1,2338,5,0,1,1,36,2,89,1,0,0,995,0,0,0,78221,9,1,0,5,3,1,2,1,1,1,1,2,0,0,1,1,0,0,3,1,1,2,13,99,1,4,1,A,1,1,4,1,2,1,4,61,1,2,21,997,997,0,1,0,1,6,999,999,999,9999999,999,999,999,6,0,0,0,0,0,3,997,1.5,120,7,120,24.6,10.8,27.1,19684.67158,8,7
27889,23,44,1-23-2022-044-04,4,1,JTNC4MBE9M31,17,448,2208,5,0,49,32,2021,5,1,2,0,1,L,1,1388,5,0,1,1,1,2,40,1,0,0,995,0,0,0,43015,9,9,2,3,1,1,2,1,1,1,1,1,0,0,4,1,1,2,1,0,1,2,17,99,1,1,5,L,89,0,0,0,0,0,0,0,0,0,0,15,100,0,0,0,1,5,999,999,999,9999999,999,999,17,2,0,0,0,0,0,0,995,9.8,998,998,998,99.8,99.8,99.8,5813.274123,5,7
27889,23,44,1-23-2022-044-04,4,2,1FDXE4FS0KDC,17,460,1819,62,997,12,870,2019,61,8,60,6,1,F,9,,,,,,,2,40,1,8,0,995,0,7,0,43338,9,9,2,4,2,1,2,1,1,4,0,2,0,0,4,1,1,2,1,0,1,4,66,99,1,1,5,L,88,,,,,,,,,,,,,,,,,,,,,,,,,,,95,95,95,95,,,9.8,998,998,998,99.8,99.8,99.8,5813.274123,5,7
27890,25,108,1-25-2022-108-06,6,1,JN8AE2KP2E91,17,478,1917,2,0,35,443,2014,20,4,20,0,1,R,2,1987,5,9999,9,4,8,2,56,1,8,0,995,0,7,0,04009,9,9,3,4,2,1,2,1,1,1,1,2,0,0,1,1,0,0,1,0,11,2,15,99,1,1,4,J,68,1,1,2,5,7,1,2,2,2,2,310,180,0,0,0,1,12,999,999,999,9999999,999,999,999,7,0,2,5,0,3,1,995,9.8,998,998,998,99.8,99.8,99.8,276.1792772,2,7
27890,25,108,1-25-2022-108-06,6,2,2HKRM4H31EH7,17,474,1865,7,0,37,402,2014,14,3,14,0,1,F,9,1526,5,9999,9,4,8,2,56,1,8,0,995,0,7,0,04049,9,9,3,4,2,1,2,1,1,1,1,2,0,0,1,1,0,0,1,0,1,4,62,99,1,1,4,J,69,0,0,0,0,0,0,0,0,0,0,180,310,0,0,0,1,12,999,999,999,9999999,999,999,999,9,0,0,0,0,0,0,995,9.8,998,998,998,99.8,99.8,99.8,276.1792772,2,7
27891,25,109,1-25-2022-109-07,7,1,1FTFX1EF7FFB,17,460,1801,60,0,12,481,2015,34,5,31,0,1,F,1,2236,5,0,1,1,8,2,72,1,0,0,995,0,0,0,04079,1,2,0,4,2,1,2,1,3,2,1,2,0,0,1,8,0,0,1,1,14,6,87,8,1,4,1,A,3,0,0,0,0,0,0,0,0,0,0,998,998,0,0,0,2,98,999,999,999,9999999,999,999,999,6,0,0,0,0,0,0,998,1.7,999,999,999,17.2,3.4,17.2,1028.715634,2,7
27892,25,110,1-25-2022-110-04,4,1,JNAUZU1J44A5,17,518,2329,11,0,98,808,2004,61,8,60,0,1,R,9,,,,,,,5,56,1,0,0,995,0,0,0,04032,9,9,2,4,4,2,2,2,1,1,1,2,0,0,1,8,1,2,1,0,11,2,15,99,1,1,4,J,68,,,,,,,,,,,,,,,,,,,,,,,,,,,95,95,95,95,,,9.8,998,998,998,99.8,99.8,99.8,339.367402,2,7
27892,25,110,1-25-2022-110-04,4,2,5NPD84LF0JH2,17,498,2735,13,0,55,35,2018,4,1,3,0,1,F,9,1275,5,0,1,1,27,2,56,1,0,0,995,0,0,0,04468,9,9,2,4,4,1,2,2,1,1,0,3,0,0,1,8,1,2,1,0,1,4,62,99,1,1,4,J,69,0,0,0,0,0,0,0,0,0,0,100,230,0,0,0,1,5,999,999,999,9999999,999,999,999,9,0,0,0,0,0,0,995,9.8,998,998,998,99.8,99.8,99.8,339.367402,2,7
27894,10,172,1-10-2022-172-09,9,1,1G8AJ54F35Z1,17,1056,4781,13,0,24,7,2005,4,1,2,0,1,F,2,1221,5,0,1,1,8,7,999,1,8,0,995,0,7,0,99999,9,9,2,1,2,1,2,1,3,1,0,1,0,0,4,1,1,2,9,1,10,2,10,99,9,2,3,I,64,0,0,0,0,0,0,0,0,0,0,80,270,0,0,0,1,8,999,999,999,9999999,999,999,999,7,0,99,99,0,0,0,995,9.8,998,998,998,99.8,99.8,99.8,1444.539642,4,7
27894,10,172,1-10-2022-172-09,9,2,1FADP3K24GL3,17,460,1779,5,0,12,37,2016,5,1,3,0,1,L,9,1327,5,9999,9,0,998,5,999,1,8,0,995,0,7,8,99999,9,9,2,4,3,2,2,1,1,1,1,2,0,0,4,1,1,2,9,0,2,4,62,99,1,1,3,I,65,0,0,0,0,0,0,0,0,0,0,270,80,0,0,0,1,0,999,999,999,9999999,999,999,999,9,0,95,95,95,95,0,995,9.8,998,998,998,99.8,99.8,99.8,1444.539642,4,7
27895,10,173,1-10-2022-173-06,6,1,2C3CDZBT1FH8,17,476,1893,3,0,7,28,2015,2,1,5,0,1,F,1,1785,5,0,1,1,5,2,56,1,0,0,995,0,0,0,45414,9,9,1,3,1,1,2,2,2,1,1,1,0,0,3,8,0,0,9,1,14,1,6,3,2,4,1,A,2,0,0,0,0,0,0,0,0,0,0,998,998,0,0,6,1,10,999,999,999,9999999,999,-51,22,2,0,9,97,0,5,0,998,9.9,999,999,999,0.0,0.0,0.0,625.5710757,4,7
27896,28,94,1-28-2022-094-08,8,1,1GNEK13T34J3,17,467,1852,7,0,20,421,2004,15,3,15,0,1,L,3,2506,5,0,1,1,28,2,72,1,1,1,227,2,1,2,16933,1,9,0,5,3,1,2,1,1,1,1,2,0,0,3,1,0,0,9,1,1,2,12,99,1,4,1,B,6,1,4,2,2,1,4,63,1,1,24,997,997,0,0,0,6,6,999,999,999,9999999,999,999,999,8,0,4,41,1,3,3,997,2.9,56,17,15,0.0,0.0,0.0,142.3024718,3,7
27897,18,99,1-18-2022-099-07,7,1,4S4BRCCC6E12,17,523,2233,7,0,48,45,2014,6,1,3,0,1,B,1,1621,5,0,1,1,8,2,80,1,0,0,995,0,0,0,54701,1,2,2,4,3,2,1,3,1,1,1,3,0,0,1,4,1,2,1,0,2,3,53,11,1,1,2,D,29,0,0,0,0,0,0,0,0,0,0,25,20,0,0,0,1,3,9,9,0,7298,998,44,10,0,4,0,0,0,0,0,995,9.8,998,998,998,99.8,99.8,99.8,903.3132865,6,7
27897,18,99,1-18-2022-099-07,7,2,1G1YY32G7451,17,467,1831,1,0,20,4,2004,1,1,3,0,1,F,1,1460,5,0,2,0,998,2,80,1,0,0,995,0,0,0,54755,1,2,2,1,3,3,1,3,1,1,3,2,0,0,1,4,1,2,3,1,1,3,52,3,9,2,2,D,28,0,0,0,0,0,0,0,0,0,0,20,25,0,0,0,1,3,10,-10,0,5243,998,0,9,0,4,0,0,0,0,0,995,9.8,998,998,998,99.8,99.8,99.8,903.3132865,6,7
27899,32,66,1-32-2022-066-02,2,1,WD3PF0CD7KP0,17,449,1703,95,0,42,461,2019,21,4,21,0,1,F,3,2465,5,227,1,1,23,2,64,1,8,1,0,2,7,0,76065,1,9,2,1,3,1,2,1,1,1,0,1,0,0,1,1,1,2,1,1,1,1,8,99,9,4,1,A,2,0,0,0,0,0,0,0,0,0,0,998,998,0,0,1,2,1,56,-56,0,349842,998,-18,56,0,4,3,22,1,3,0,998,0.0,999,999,999,0.0,0.0,0.0,258.7785478,7,7
27900,31,86,1-31-2022-086-04,4,1,1G1BJ5SMXK71,17,467,1832,13,0,20,25,2019,4,1,3,0,1,F,1,1250,5,0,1,5,4,2,89,1,0,0,995,0,0,0,47711,9,9,0,4,2,1,2,1,1,1,1,2,0,0,2,1,0,0,9,0,1,6,87,99,1,1,1,C,13,0,0,0,0,0,0,0,0,0,0,998,998,0,0,0,1,12,999,999,999,9999999,999,999,999,6,0,0,0,0,0,0,998,9.8,998,998,998,99.8,99.8,99.8,335.8718946,6,7
27901,31,87,1-31-2022-087-07,7,1,JTHBF1D25F50,17,515,2184,13,0,59,35,2015,4,1,4,0,1,F,2,1570,5,0,1,1,5,2,89,1,0,0,995,0,0,0,62922,1,2,0,4,2,1,2,1,1,1,1,2,0,0,2,1,0,0,9,0,1,6,87,3,1,1,1,C,13,0,0,0,0,0,0,0,0,0,0,998,998,0,0,0,1,10,999,999,999,9999999,999,10,29,3,0,0,0,0,0,0,998,9.8,998,998,998,99.8,99.8,99.8,629.8367373,6,7
27902,76,91,1-76-2022-091-07,7,1,2HGFG3B59FH5,17,474,1863,3,0,37,31,2015,2,1,2,0,1,F,2,1281,5,0,1,1,38,2,89,1,8,9,998,8,7,9,12083,9,9,0,2,2,1,2,1,1,1,1,3,0,0,1,1,0,0,9,1,1,6,87,99,1,4,1,B,8,0,0,0,0,0,0,0,0,0,0,998,998,0,0,0,1,12,999,999,999,9999999,999,999,999,7,0,0,0,0,0,0,998,4.2,999,999,999,0.0,0.0,0.0,22.10197634,3,7