CASEID,PSU,CASENO,CASENUMBER,CATEGORY,VEHNO,VIN,VINLENGTH,VPICMAKE,VPICMODEL,VPICBODYCLASS,ICFINALBODY,MAKE,MODEL,MODELYR,BODYTYPE,BODYCAT,VEHCLASS,SPECUSE,TRANSTAT,DAMPLANE,DAMSEV,CURBWT,CURBSRC,CARGOWT,CARGOSRC,INSPTYPE,INSPLAG,TOWED,SPEEDLIMIT,DRPRESENT,PARALCOHOL,ALCTEST,ALCTESTRESULT,ALCTESTSRC,PARDRUG,DRUGTEST,ZIP,RACE,ETHNICITY,RELTOJUNCT,TRAFFLOW,RDLANES,INITLANE,SURFTYPE,SURFCOND,ALIGNMENT,PROFILE,LINERIGHT,LINELEFT,RUMBINIT,RUMBROAD,LIGHTCOND,WEATHER,TRAFDEV,TRAFFUNCT,DISTRACT,PREFHE,PREMOVE,CRITCAT,CRITEVENT,MANEUVER,PRESTAB,PRELOC,CRASHCAT,CRASHCONF,CRASHTYPE,ROLLTYPE,ROLLTURN,ROLLINTRPT,ROLLPREMAN,ROLLINITYP,ROLLINLOC,ROLLOBJ,ROLLTRIP,ROLLDIR,ROLLDIST,DVANGTHIS,DVANGOTH,TOWHITCH,TRAJDOC,TREEPOLE,DVEVENT,DVBASIS,DVTOTAL,DVLONG,DVLAT,DVENERGY,DVSPEED,DVMOMENT,DVBES,DVEST,DVCONF,VAIS,VISS,VINJURED,VTREAT,INITOBJCLASS,HEADANGLECAT,SHLDRWIDTH,STRKLENGTH,STRKWIDTH,STRKHEIGHT,EDGEDISTX,EDGEDISTY,EDGEDISTZ,CASEWGT,PSUSTRAT,VERSION
27903,48,40,1-48-2022-040-07,7,1,4S3GTAA61H37,17,523,2235,5,0,48,38,2017,5,1,3,0,1,L,1,1382,5,9999,9,4,22,2,56,1,0,0,995,0,0,0,84414,9,9,3,4,2,1,2,1,1,1,0,0,0,0,1,1,0,0,1,0,10,2,16,99,1,1,4,K,78,0,0,0,0,0,0,0,0,0,0,120,170,0,1,0,1,98,999,999,999,9999999,999,999,999,6,0,0,0,0,0,0,995,9.8,998,998,998,99.8,99.8,99.8,763.6043975,12,7
27903,48,40,1-48-2022-040-07,7,2,1G1ZE5ST0GF2,17,467,1834,13,0,20,37,2016,4,1,4,0,1,F,1,1625,5,0,1,1,7,2,56,1,0,0,995,0,0,0,84404,9,9,3,4,6,1,2,1,1,4,1,1,0,0,1,1,0,0,1,0,1,4,70,2,1,1,4,K,79,0,0,0,0,0,0,0,0,0,0,170,120,0,1,0,1,98,999,999,999,9999999,999,999,999,6,0,0,0,0,0,0,995,9.8,998,998,998,99.8,99.8,99.8,763.6043975,12,7
27904,13,119,1-13-2022-119-03,3,1,2C3CDXBG7KH6,17,476,1895,13,0,7,24,2019,4,1,5,0,1,F,2,1785,5,0,1,1,27,2,56,1,8,1,312,2,7,0,76119,2,9,0,4,2,1,2,2,2,1,0,2,0,0,3,2,0,0,9,1,14,2,11,2,1,4,1,C,12,0,0,0,0,0,0,0,0,0,0,998,998,0,0,0,1,10,999,999,999,9999999,999,0,38,3,0,3,10,1,3,0,998,9.8,998,998,998,99.8,99.8,99.8,1884.654238,7,7
27905,13,120,1-13-2022-120-04,4,1,2C3CDXBG7MH6,17,476,1895,13,0,7,24,2021,4,1,5,0,1,F,1,1785,5,0,1,1,28,2,64,1,8,0,995,0,7,0,76119,9,1,0,1,2,2,1,1,2,1,3,0,0,0,3,1,0,0,9,1,14,2,12,3,1,4,1,B,6,0,0,0,0,0,0,0,0,0,0,998,998,0,0,7,1,10,999,999,999,9999999,999,106,17,2,0,0,0,0,0,0,998,0.0,999,999,999,19.7,1.3,19.8,5558.042533,7,7
27906,16,105,1-16-2022-105-07,7,1,5NPDH4AE5GH7,17,498,2735,13,0,55,35,2016,4,1,3,0,1,F,1,1305,5,0,1,1,31,2,56,1,0,0,995,0,0,0,41005,9,9,2,4,6,3,2,2,2,4,3,1,0,0,3,8,1,2,1,1,14,3,52,3,2,2,2,D,28,0,0,0,0,0,0,0,0,0,0,55,70,0,0,0,1,3,16,-16,-3,11617,998,21,15,0,4,0,0,0,0,0,995,9.8,998,998,998,99.8,99.8,99.8,4485.787832,5,7
27906,16,105,1-16-2022-105-07,7,2,WMWXU3C5XK2H,17,456,1862,5,0,69,54,2019,6,1,2,0,1,B,1,1313,5,9999,9,0,998,5,56,1,0,0,995,0,0,9,44406,9,9,2,4,6,2,2,2,2,4,0,3,0,0,3,8,1,2,1,0,2,4,60,1,1,1,2,D,29,0,0,0,0,0,0,0,0,0,0,70,55,0,0,0,1,3,17,17,0,17364,998,0,18,0,4,95,95,95,95,0,995,9.8,998,998,998,99.8,99.8,99.8,4485.787832,5,7
27907,16,106,1-16-2022-106-03,3,1,1GCPYFED6MZ2,17,467,1850,60,0,20,481,2021,34,5,30,0,1,F,1,2208,5,0,1,1,32,2,40,1,0,0,995,0,0,0,45251,9,9,2,3,2,2,2,1,1,2,0,1,0,0,3,1,1,2,1,0,1,2,17,2,1,1,5,L,88,0,0,0,0,0,0,0,0,0,0,350,265,0,0,0,1,1,17,-15,-9,58751,998,-124,21,0,1,0,0,0,0,0,995,9.8,998,998,998,99.8,99.8,99.8,551.0043065,5,7
27907,16,106,1-16-2022-106-03,3,2,5J6RW2H98ML0,17,474,1865,7,0,37,402,2021,14,3,14,0,1,L,1,1580,5,0,1,1,32,2,40,1,0,0,995,0,0,0,45236,9,9,2,3,4,2,2,1,1,1,0,3,0,0,3,1,1,2,1,0,1,4,66,8,1,1,5,L,89,0,0,0,0,0,0,0,0,0,0,265,350,0,0,0,1,1,24,-8,22,44696,998,-125,20,0,1,9,97,0,8,0,995,9.8,998,998,998,99.8,99.8,99.8,551.0043065,5,7
27908,73,115,1-73-2022-115-07,7,1,3FA6P0HR7DR1,17,460,1780,13,0,12,23,2013,4,1,4,0,1,9,9,1554,5,9999,9,0,998,2,80,1,8,0,995,0,7,0,04967,9,9,0,4,2,1,2,1,1,1,1,2,0,0,1,1,0,0,1,1,1,1,4,99,2,4,1,B,7,0,0,0,0,0,0,0,0,0,0,998,998,0,0,0,1,0,999,999,999,9999999,999,999,999,9,0,0,0,0,0,0,998,9.8,998,998,998,99.8,99.8,99.8,3070.456567,3,7
27909,15,68,1-15-2022-068-09,9,1,5NPEC4AC6BH0,17,498,2459,13,0,55,33,2011,4,1,4,0,1,F,1,1527,5,9999,9,4,11,2,48,1,8,0,995,0,7,0,11701,9,9,2,4,2,1,2,1,1,1,0,0,0,0,3,1,0,0,9,0,11,2,15,99,1,1,4,J,68,0,0,0,0,0,0,0,0,0,0,60,280,0,0,0,1,12,999,999,999,9999999,999,999,999,2,0,1,1,0,4,0,995,9.8,998,998,998,99.8,99.8,99.8,342.015155,1,7
27909,15,68,1-15-2022-068-09,9,2,999999999999,99,99999,99999,999,0,99,399,9999,9,1,9,99,1,F,9,9999,9,9999,9,0,998,5,48,1,9,9,998,8,9,9,99999,9,9,2,4,2,1,2,1,1,1,0,0,0,0,3,1,0,0,9,0,1,4,62,99,1,1,4,J,69,0,0,0,0,0,0,0,0,0,0,280,60,0,0,0,1,0,999,999,999,9999999,999,999,999,9,0,95,95,95,95,0,995,9.8,998,998,998,99.8,99.8,99.8,342.015155,1,7
27909,15,68,1-15-2022-068-09,9,3,999999999999,99,99999,99999,999,0,99,399,2019,9,1,9,0,2,L,9,9999,9,9999,9,0,998,,,,,,,,,,,,,,,,,,,,,,,,,,,,,,,,,,,,,,,,,,,,,,,,,,,,,,,,,,,,,,,,,,95,95,95,95,,,,,,,,,,342.015155,1,7
27911,33,37,1-33-2022-037-01,1,1,KMHCM36C09U1,17,498,2773,5,0,55,36,2009,3,1,1,0,1,F,3,1073,5,0,1,1,19,2,89,1,9,9,998,8,9,9,95928,1,9,0,1,2,2,2,1,2,9,3,2,1,3,2,1,0,0,9,1,14,2,12,99,9,4,3,G,52,0,0,0,0,0,0,0,0,0,0,220,90,0,0,0,1,3,124,-107,-62,383030,998,-63,80,0,4,3,13,1,1,0,995,9.8,998,998,998,99.8,99.8,99.8,48.13873654,12,7
27911,33,37,1-33-2022-037-01,1,2,1FT7W2BT7KEC,17,460,1805,60,0,12,481,2019,34,5,31,0,1,F,3,3037,5,0,1,4,42,2,89,1,0,1,0,2,0,1,95954,1,9,0,1,2,1,2,1,3,9,1,3,2,3,2,1,0,0,1,0,14,4,62,99,1,1,3,G,52,0,0,0,0,0,0,0,0,0,0,90,220,0,0,0,1,3,49,-46,17,834085,998,35,82,0,4,2,5,0,3,0,995,9.8,998,998,998,99.8,99.8,99.8,48.13873654,12,7
27914,20,215,1-20-2022-215-03,3,1,JT3HN86R8V01,17,448,2216,7,0,49,401,1997,14,3,14,0,1,F,1,1746,5,9999,9,0,998,2,89,1,0,0,995,0,0,0,93901,1,9,0,4,2,1,2,1,1,1,1,2,1,0,1,1,0,0,3,0,1,3,50,2,1,1,2,D,20,0,0,0,0,0,0,0,0,0,0,220,220,0,0,0,1,3,22,-22,0,25832,998,0,20,0,4,0,0,0,0,0,995,9.8,998,998,998,99.8,99.8,99.8,93.16540603,11,7
27914,20,215,1-20-2022-215-03,3,2,WBY73AW04PFN,17,452,29579,13,0,34,398,2023,4,1,4,0,1,B,1,2125,5,0,1,1,10,2,89,1,0,0,995,0,0,0,93908,1,2,0,4,2,1,2,1,1,1,1,2,1,0,1,1,0,0,1,0,5,3,53,1,1,1,2,D,21,0,0,0,0,0,0,0,0,0,0,220,220,0,0,0,1,3,17,17,0,31016,998,0,19,0,4,1,1,0,6,0,995,9.8,998,998,998,99.8,99.8,99.8,93.16540603,11,7
27916,20,217,1-20-2022-217-02,2,1,JF2SKADC3LH5,17,523,2234,7,0,48,401,2020,14,3,14,0,1,T,2,1569,5,9999,9,4,25,2,113,1,0,0,995,0,0,0,94127,1,9,0,1,2,2,2,1,2,1,3,2,1,3,2,1,0,0,3,1,14,2,12,8,4,4,1,B,7,1,4,2,2,1,4,61,1,1,21,997,997,0,0,0,1,6,999,999,999,9999999,999,999,999,7,0,9,97,0,8,3,997,9.8,998,998,998,99.8,99.8,99.8,31.9626892,11,7
27917,20,218,1-20-2022-218-04,4,1,1C4RJEAG2LC1,17,483,1949,7,0,2,422,2020,15,3,15,0,1,F,1,2121,5,0,1,1,54,2,40,1,9,9,998,8,9,9,93955,9,1,0,3,1,1,2,1,1,2,0,0,0,0,3,1,0,0,9,1,1,2,13,99,1,4,1,C,11,1,1,2,5,7,1,2,3,2,4,165,160,0,0,0,1,8,999,999,999,9999999,999,999,999,6,0,0,0,0,0,1,995,9.8,998,998,998,99.8,99.8,99.8,465.5369492,11,7
27917,20,218,1-20-2022-218-04,4,2,3C4NJCBB6KT7,17,483,1946,7,0,2,1,2019,6,1,2,0,2,B,9,1444,5,9999,9,0,998,,,,,,,,,,,,,,,,,,,,,,,,,,,,,,,,,,,,,,,,,,,,,,,,,,,,,,,,,,,,,,,,,,95,95,95,95,,,,,,,,,,465.5369492,11,7
27919,30,104,1-30-2022-104-08,8,1,4T1BF3EK8AU0,17,448,2469,13,0,49,40,2010,4,1,4,0,1,L,2,1500,5,0,1,1,49,2,72,1,0,0,995,0,0,0,85338,9,9,2,4,4,3,2,1,1,1,1,2,0,0,3,1,2,2,1,0,11,2,15,99,1,1,4,K,82,0,0,0,0,0,0,0,0,0,0,320,90,0,0,0,1,1,29,-19,23,56425,998,-10,29,0,1,1,2,0,4,0,995,9.8,998,998,998,99.8,99.8,99.8,247.4959795,10,7
27919,30,104,1-30-2022-104-08,8,2,1N4DL01D9WC2,17,478,1904,13,0,35,47,1998,4,1,2,0,1,F,2,1304,5,0,1,1,49,2,72,1,0,0,995,0,0,0,85353,9,9,2,4,5,2,2,1,1,1,3,2,0,0,3,1,0,0,1,0,1,4,67,99,1,1,4,K,83,0,0,0,0,0,0,0,0,0,0,90,320,0,0,0,1,1,36,-36,0,73353,998,44,35,0,1,9,97,0,8,0,995,9.8,998,998,998,99.8,99.8,99.8,247.4959795,10,7
27920,29,39,1-29-2022-039-03,3,1,YV1MW3906520,17,485,3128,15,0,51,48,2005,6,1,3,0,1,9,9,1616,5,9999,9,0,998,2,89,1,0,1,0,2,0,1,02746,9,9,0,2,2,2,2,2,2,9,3,2,1,3,2,1,0,0,9,1,14,2,12,99,9,4,1,B,6,0,0,0,0,0,0,0,0,0,0,998,998,0,0,0,1,0,999,999,999,9999999,999,999,999,9,0,4,24,1,3,0,998,2.2,999,999,999,99.9,99.9,99.9,490.4452918,2,7
27920,29,39,1-29-2022-039-03,3,2,YV1SW53D6121,17,485,3130,15,0,51,43,2001,6,1,3,0,1,9,9,2300,5,9999,9,0,998,5,89,1,0,0,995,0,0,9,02649,9,9,0,2,2,2,2,2,2,9,3,2,1,3,2,1,0,0,1,1,14,3,50,8,9,2,6,M,98,0,0,0,0,0,0,0,0,0,0,85,85,0,0,0,2,0,999,999,999,9999999,999,999,999,9,0,95,95,95,95,0,995,9.8,998,998,998,99.8,99.8,99.8,490.4452918,2,7
27920,29,39,1-29-2022-039-03,3,3,1HGFA168X7L0,17,474,1863,13,0,37,31,2007,4,1,3,0,1,F,3,1224,5,9999,9,4,27,2,89,1,0,1,0,2,0,0,02790,1,2,0,2,2,2,2,2,2,9,3,2,1,3,2,1,0,0,1,0,14,3,50,99,1,1,6,M,98,0,0,0,0,0,0,0,0,0,0,280,285,0,0,0,3,12,999,999,999,9999999,999,999,999,8,0,2,5,0,4,0,995,9.8,998,998,998,99.8,99.8,99.8,490.4452918,2,7
27920,29,39,1-29-2022-039-03,3,4,JA4ARUAU9NU0,17,481,13867,7,0,52,404,2022,14,3,14,0,1,F,9,1480,5,9999,9,1,13,2,89,1,0,1,0,2,7,0,02744,2,9,0,2,2,2,2,2,2,9,3,2,1,3,2,1,0,0,1,1,14,3,51,8,1,2,6,M,98,0,0,0,0,0,0,0,0,0,0,285,345,0,0,0,5,12,999,999,999,9999999,999,999,999,9,0,1,1,0,4,0,995,3.4,999,999,999,99.9,99.9,99.9,490.4452918,2,7
27921,29,40,1-29-2022-040-04,4,1,KNDJX3AAXK70,17,499,2460,7,0,63,37,2019,6,1,2,0,1,L,1,1303,5,0,1,1,4,2,48,1,0,9,998,8,0,9,02740,9,9,2,4,2,1,2,1,1,1,0,0,0,0,1,1,2,2,1,0,11,2,15,99,1,1,4,K,82,0,0,0,0,0,0,0,0,0,0,190,300,0,0,0,1,3,8,-8,3,8613,998,-89,10,0,4,0,0,0,0,0,995,9.9,15,15,20,0.0,0.0,0.0,1540.25385,2,7
27921,29,40,1-29-2022-040-04,4,2,4T1B11HK2KU7,17,448,2469,13,0,49,40,2019,4,1,4,0,1,F,1,1495,5,9999,9,0,998,2,48,1,0,9,998,8,0,9,02740,9,9,2,1,2,1,2,1,1,1,1,4,0,0,1,1,0,0,1,0,1,4,67,1,1,1,4,K,83,0,0,0,0,0,0,0,0,0,0,300,190,0,0,0,1,3,7,-4,-5,3270,998,-162,5,0,4,0,0,0,0,0,995,9.8,998,998,998,99.8,99.8,99.8,1540.25385,2,7
27923,30,105,1-30-2022-105-03,3,1,JN1CV6AP0BM5,17,480,2337,13,0,58,37,2011,4,1,4,0,1,R,2,1602,5,9999,9,4,209,2,72,1,0,0,995,0,0,0,85086,9,9,2,4,2,1,2,1,1,1,1,2,0,0,3,1,0,0,1,0,11,2,15,99,1,1,4,J,68,0,0,0,0,0,0,0,0,0,0,180,90,0,0,0,1,98,999,999,999,9999999,999,999,999,7,0,9,97,0,8,0,995,0.0,999,999,999,5.0,5.0,7.0,256.2273425,10,7
27923,30,105,1-30-2022-105-03,3,2,4S4BSANC0J33,17,523,2233,7,0,48,45,2018,6,1,3,0,1,F,2,1614,5,9999,9,4,209,2,72,1,0,0,995,0,0,0,85086,9,9,2,4,2,1,2,1,1,1,1,2,0,0,3,1,0,0,1,0,1,4,62,99,9,1,4,J,69,0,0,0,0,0,0,0,0,0,0,90,180,0,0,0,1,98,999,999,999,9999999,999,999,999,7,0,9,97,0,5,0,995,0.0,80,4,70,8.5,5.5,10.1,256.2273425,10,7
27925,25,112,1-25-2022-112-03,3,1,3GSDL43N38S5,17,1056,4595,7,0,24,401,2008,14,3,14,0,1,F,1,1735,5,0,1,1,9,2,56,1,0,0,995,0,0,0,04103,9,9,2,4,4,3,2,1,1,4,1,2,0,0,3,1,1,2,1,0,11,2,15,99,1,1,4,J,68,0,0,0,0,0,0,0,0,0,0,170,30,0,0,0,1,3,19,-18,-6,39246,998,-107,19,0,4,0,0,0,0,0,995,9.8,998,998,998,99.8,99.8,99.8,119.5865392,2,7
27925,25,112,1-25-2022-112-03,3,2,2GNAXUEV7K62,17,467,1847,7,0,20,404,2019,14,3,14,0,1,F,1,1593,5,0,1,1,62,2,56,1,0,0,995,0,0,0,04084,9,9,2,4,2,1,2,1,1,1,0,2,0,0,3,1,1,2,1,0,1,4,62,99,1,1,4,J,69,0,0,0,0,0,0,0,0,0,0,30,170,0,0,0,1,3,20,-19,7,27024,998,2,20,0,4,9,97,0,99,0,995,9.8,998,998,998,99.8,99.8,99.8,119.5865392,2,7
27926,15,70,1-15-2022-070-09,9,1,4T1BE32K62U6,17,448,2469,13,0,49,40,2002,4,1,3,0,1,F,3,1435,5,9999,9,4,9,2,40,1,8,9,998,8,7,9,11003,9,9,0,4,2,1,2,2,1,1,0,0,0,0,1,2,0,0,9,1,1,2,15,99,9,4,1,A,1,0,0,0,0,0,0,0,0,0,0,998,998,0,0,1,1,12,999,999,999,9999999,999,999,999,4,0,9,97,0,8,0,998,0.0,50,50,100,1.3,0.3,1.3,342.015155,1,7
27927,18,101,1-18-2022-101-04,4,1,1FTER4FH3KLA,17,460,1803,60,0,12,471,2019,34,5,30,0,1,R,3,2014,5,0,1,1,33,2,72,1,0,0,995,0,0,0,55082,1,2,2,1,4,4,1,1,1,1,3,0,0,0,3,1,1,2,2,0,11,2,15,1,1,1,4,J,68,0,0,0,0,0,0,0,0,0,0,25,265,0,0,0,1,3,45,-29,-34,308448,998,77,56,0,4,1,1,0,5,0,995,9.8,998,998,998,99.8,99.8,99.8,568.8508898,6,7
27927,18,101,1-18-2022-101-04,4,2,1FMZU63E75ZA,17,460,1800,7,0,12,401,2005,14,3,14,0,1,F,3,1984,5,0,1,1,40,2,72,1,0,0,995,0,0,0,54701,1,9,2,1,3,3,1,1,1,1,3,0,0,0,3,1,1,2,9,0,1,4,62,99,1,1,4,J,69,0,0,0,0,0,0,0,0,0,0,265,25,0,0,0,1,3,46,-45,8,71042,998,37,29,0,4,9,97,0,99,0,995,9.8,998,998,998,99.8,99.8,99.8,568.8508898,6,7
27927,18,101,1-18-2022-101-04,4,3,1FAFP56U77A1,17,460,1782,13,0,12,17,2007,4,1,3,0,1,L,1,1513,5,0,1,1,40,2,72,1,0,0,995,0,0,0,53024,9,9,2,1,3,1,1,1,1,1,1,3,0,0,3,1,1,2,9,0,1,4,60,99,1,1,6,M,98,0,0,0,0,0,0,0,0,0,0,265,65,0,0,0,3,3,9,-7,6,10117,998,-46,12,0,4,0,0,0,0,0,995,9.8,998,998,998,99.8,99.8,99.8,568.8508898,6,7
27928,20,219,1-20-2022-219-07,7,1,JHMGD38618S0,17,474,2127,5,0,37,39,2008,5,1,1,0,1,F,1,1141,5,9999,9,4,38,2,105,1,0,0,995,0,0,0,95012,1,9,0,2,2,1,1,1,3,1,1,3,2,3,1,1,0,0,9,0,14,3,52,99,1,1,2,D,28,0,0,0,0,0,0,0,0,0,0,30,30,0,0,0,1,3,12,-12,0,4828,998,0,10,0,4,0,0,0,0,0,995,9.8,998,998,998,99.8,99.8,99.8,622.5772061,11,7
27928,20,219,1-20-2022-219-07,7,2,5NPD84LF4HH0,17,498,2735,13,0,55,35,2017,4,1,3,0,1,B,1,1275,5,0,1,1,39,2,105,1,0,0,995,0,0,0,93933,9,9,0,2,2,1,2,1,3,1,1,3,2,3,1,1,0,0,1,0,14,3,53,1,1,1,2,D,29,0,0,0,0,0,0,0,0,0,0,30,30,0,0,0,1,3,10,10,0,7503,998,-15,12,0,4,0,0,0,0,0,995,9.8,998,998,998,99.8,99.8,99.8,622.5772061,11,7
27928,20,219,1-20-2022-219-07,7,3,JTNBE46K3730,17,448,2469,13,0,49,40,2007,4,1,3,0,1,R,2,1490,5,9999,9,4,38,2,105,1,0,0,995,0,0,0,93955,1,9,0,2,2,2,1,1,3,9,3,2,1,3,1,1,0,0,1,0,14,4,61,1,1,1,6,M,98,0,0,0,0,0,0,0,0,0,0,30,20,0,0,0,2,12,999,999,999,9999999,999,999,999,7,0,0,0,0,0,0,995,1.6,999,999,999,3.5,3.1,4.8,622.5772061,11,7
27929,21,63,1-21-2022-063-03,3,1,1GDGC34R6VF0,17,472,1857,63,11,23,481,1997,34,5,30,0,1,L,1,2335,5,9999,9,1,46,2,40,1,0,0,995,0,0,0,92509,9,1,2,4,2,1,2,1,1,1,0,0,0,0,2,1,2,2,2,0,11,2,15,1,1,1,4,K,82,0,0,0,0,0,0,0,0,0,0,275,355,0,1,0,1,12,999,999,999,9999999,999,999,7,1,0,1,1,0,8,0,995,3.0,100,10,85,2.5,0.4,1.0,837.2915888,11,7
27929,21,63,1-21-2022-063-03,3,2,1HGCV1F43NA0,17,474,1861,13,0,37,32,2022,4,1,4,0,1,F,1,1462,5,0,1,1,18,2,80,1,0,0,995,0,0,0,92316,9,1,2,1,3,1,2,1,2,1,0,1,0,0,2,1,0,0,1,0,14,4,67,2,1,1,4,K,83,0,0,0,0,0,0,0,0,0,0,355,275,0,1,0,1,12,999,999,999,9999999,999,999,19,2,0,0,0,0,4,0,995,3.0,119,12,18,0.0,0.0,0.0,837.2915888,11,7
27930,26,107,1-26-2022-107-06,6,1,1G11A5SA5GU1,17,467,1834,13,0,20,37,2016,4,1,3,0,1,F,9,1625,5,9999,9,0,998,2,72,1,1,8,997,8,9,9,95660,1,9,2,4,2,1,2,1,1,1,0,2,0,0,3,1,2,2,9,1,10,2,16,99,1,2,4,K,80,0,0,0,0,0,0,0,0,0,0,260,125,0,0,0,1,0,999,999,999,9999999,999,999,999,9,0,9,97,0,8,0,995,9.8,998,998,998,99.8,99.8,99.8,1058.389194,10,7
27930,26,107,1-26-2022-107-06,6,2,1M1AN2AY4NM0,17,490,20842,66,0,86,881,2022,66,8,68,0,1,L,9,,,,,,,5,72,1,0,0,995,0,0,0,95965,9,9,2,5,5,3,2,1,1,1,4,4,0,0,3,1,0,0,1,0,5,4,67,1,1,1,4,K,81,,,,,,,,,,,,,,,,,,,,,,,,,,,95,95,95,95,,,9.8,998,998,998,99.8,99.8,99.8,1058.389194,10,7
27931,26,108,1-26-2022-108-02,2,1,1HTEUMML3LH8,17,526,20856,11,0,84,881,2020,62,8,60,0,1,R,9,,,,,,,2,89,1,0,0,995,0,0,0,95815,9,9,0,1,2,1,2,1,3,1,1,3,0,0,1,1,0,0,9,1,14,2,13,7,1,4,1,A,1,,,,,,,,,,,,,,,,,,,,,,,,,,,95,95,95,95,,,1.9,66,13,16,0.0,0.0,0.0,30.37666602,10,7
27931,26,108,1-26-2022-108-02,2,2,5FNRL6H98KB0,17,474,1869,2,0,37,441,2019,20,4,20,0,1,T,3,2083,8,0,1,1,48,2,89,1,0,0,995,0,0,0,95742,1,9,0,1,2,1,2,1,2,1,1,3,0,0,1,1,0,0,9,0,14,4,62,99,1,1,6,M,98,0,0,0,0,0,0,0,0,0,0,996,996,0,1,0,8,5,999,999,999,9999999,999,999,999,8,0,2,5,0,8,0,996,9.8,998,998,998,99.8,99.8,99.8,30.37666602,10,7
27937,77,98,1-77-2022-098-07,7,1,2GKFLPE30G61,17,472,1858,7,0,23,402,2016,14,3,14,0,1,F,1,1748,5,0,1,1,28,2,72,1,0,0,995,0,0,0,29229,9,9,0,2,4,3,2,1,1,9,3,1,0,0,2,1,0,0,1,0,1,3,52,2,1,1,2,D,28,0,0,0,0,0,0,0,0,0,0,205,205,0,0,0,1,3,23,-23,0,41346,998,15,23,0,4,0,0,0,0,0,995,9.8,998,998,998,99.8,99.8,99.8,15825.23629,9,7
27937,77,98,1-77-2022-098-07,7,2,JH4CU2F64DC0,17,475,1874,13,0,54,39,2013,4,1,3,0,1,B,2,1545,5,9999,9,0,998,5,72,1,0,0,995,0,0,0,22201,9,9,0,2,4,3,2,1,1,9,3,1,0,0,2,1,0,0,1,0,2,2,18,1,1,1,2,D,29,0,0,0,0,0,0,0,0,0,0,205,205,0,0,0,1,3,28,28,0,47475,998,0,27,0,4,95,95,95,95,0,995,9.8,998,998,998,99.8,99.8,99.8,15825.23629,9,7
27940,17,122,1-17-2022-122-06,6,1,3GCUKREC2FG4,17,467,1850,60,0,20,481,2015,34,5,31,0,1,L,9,2394,5,9999,9,0,998,5,48,1,9,0,995,0,9,0,52748,9,9,2,3,2,1,2,2,1,1,0,3,0,0,1,8,0,0,2,1,11,2,15,99,1,2,4,J,72,0,0,0,0,0,0,0,0,0,0,245,275,0,0,0,1,0,999,999,999,9999999,999,999,999,9,0,95,95,95,95,0,995,9.8,998,998,998,99.8,99.8,99.8,364.0671412,4,7
27940,17,122,1-17-2022-122-06,6,2,5N1AT2MV5HC7,17,478,1913,8,0,35,51,2017,6,1,3,0,1,F,1,1610,5,0,1,1,10,2,48,1,9,0,995,0,9,0,61265,1,9,2,3,2,2,2,2,1,1,3,0,0,0,1,8,0,0,9,0,1,4,61,99,1,1,4,J,73,0,0,0,0,0,0,0,0,0,0,275,245,0,0,0,1,12,999,999,999,9999999,999,999,999,6,0,99,99,0,0,0,995,9.8,998,998,998,99.8,99.8,99.8,364.0671412,4,7
27941,17,123,1-17-2022-123-03,3,1,1FTEW1E52JFD,17,460,1801,60,0,12,481,2018,34,5,31,0,1,R,1,2130,5,0,1,1,16,2,89,1,0,0,995,0,0,0,61241,9,9,2,4,2,1,2,1,1,1,1,4,0,0,2,1,2,2,9,0,1,2,17,99,1,1,5,L,87,0,0,0,0,0,0,0,0,0,0,70,335,0,0,0,1,1,21,-7,-20,33757,998,134,16,0,4,99,99,0,8,0,995,9.8,998,998,998,99.8,99.8,99.8,157.6422745,4,7
27941,17,123,1-17-2022-123-03,3,2,JTEMU5JR6P61,17,448,2216,7,0,49,401,2023,14,3,14,0,1,F,1,2111,8,0,1,1,16,2,89,1,0,1,0,2,0,0,61265,1,2,2,4,4,2,2,1,1,1,1,1,0,0,2,1,0,0,1,0,1,4,66,2,1,1,5,L,86,0,0,0,0,0,0,0,0,0,0,335,70,0,0,0,1,1,21,-20,4,67102,998,37,27,0,4,2,5,0,3,0,995,9.8,998,998,998,99.8,99.8,99.8,157.6422745,4,7
27944,19,160,1-19-2022-160-03,3,1,5YFEPMAE1MP2,17,448,2208,13,0,49,32,2021,4,1,3,0,1,F,2,1315,5,0,1,1,4,2,89,1,8,0,995,0,9,0,35904,1,2,2,1,2,1,1,1,3,1,1,3,2,3,1,1,0,0,3,1,14,2,13,3,2,4,1,A,1,0,0,0,0,0,0,0,0,0,0,998,998,0,1,0,1,10,999,999,999,9999999,999,-65,29,3,0,1,1,0,4,0,998,0.0,120,40,70,0.0,0.0,0.0,136.0899038,9,7
27945,19,161,1-19-2022-161-07,7,1,2C3CCAAG1EH3,17,477,1878,13,0,6,51,2014,4,1,5,0,1,F,1,1797,5,0,1,1,7,2,40,1,0,0,995,0,0,0,35906,1,9,2,4,3,2,2,2,1,4,1,2,0,0,3,2,1,2,9,0,11,2,15,99,1,1,4,J,68,0,0,0,0,0,0,0,0,0,0,180,30,0,0,0,1,3,13,-11,-6,17531,998,-78,14,0,4,0,0,0,0,0,995,9.8,998,998,998,99.8,99.8,99.8,920.8903089,9,7