CASEID,PSU,CASENO,CASENUMBER,CATEGORY,VEHNO,VIN,VINLENGTH,VPICMAKE,VPICMODEL,VPICBODYCLASS,ICFINALBODY,MAKE,MODEL,MODELYR,BODYTYPE,BODYCAT,VEHCLASS,SPECUSE,TRANSTAT,DAMPLANE,DAMSEV,CURBWT,CURBSRC,CARGOWT,CARGOSRC,INSPTYPE,INSPLAG,TOWED,SPEEDLIMIT,DRPRESENT,PARALCOHOL,ALCTEST,ALCTESTRESULT,ALCTESTSRC,PARDRUG,DRUGTEST,ZIP,RACE,ETHNICITY,RELTOJUNCT,TRAFFLOW,RDLANES,INITLANE,SURFTYPE,SURFCOND,ALIGNMENT,PROFILE,LINERIGHT,LINELEFT,RUMBINIT,RUMBROAD,LIGHTCOND,WEATHER,TRAFDEV,TRAFFUNCT,DISTRACT,PREFHE,PREMOVE,CRITCAT,CRITEVENT,MANEUVER,PRESTAB,PRELOC,CRASHCAT,CRASHCONF,CRASHTYPE,ROLLTYPE,ROLLTURN,ROLLINTRPT,ROLLPREMAN,ROLLINITYP,ROLLINLOC,ROLLOBJ,ROLLTRIP,ROLLDIR,ROLLDIST,DVANGTHIS,DVANGOTH,TOWHITCH,TRAJDOC,TREEPOLE,DVEVENT,DVBASIS,DVTOTAL,DVLONG,DVLAT,DVENERGY,DVSPEED,DVMOMENT,DVBES,DVEST,DVCONF,VAIS,VISS,VINJURED,VTREAT,INITOBJCLASS,HEADANGLECAT,SHLDRWIDTH,STRKLENGTH,STRKWIDTH,STRKHEIGHT,EDGEDISTX,EDGEDISTY,EDGEDISTZ,CASEWGT,PSUSTRAT,VERSION
27982,27,88,1-27-2022-088-10,10,1,3N1AB61E07L6,17,478,1907,13,0,35,43,2007,4,1,3,0,1,L,1,1353,5,0,2,1,11,2,56,1,8,0,995,0,0,0,01247,1,2,0,4,2,1,2,3,2,1,1,2,0,0,1,4,0,0,1,1,14,1,6,3,2,4,1,A,2,0,0,0,0,0,0,0,0,0,0,45,325,0,0,0,2,3,5,-2,5,2640,998,70,6,0,4,0,0,0,0,0,995,2.7,999,999,999,99.9,99.9,99.9,4613.44269,3,7
27982,27,88,1-27-2022-088-10,10,2,3N1AB7AP2DL6,17,478,1907,13,0,35,43,2013,4,1,3,0,2,B,1,1283,5,9999,9,0,998,,,,,,,,,,,,,,,,,,,,,,,,,,,,,,,,,,,,,,,,,,,,,,,,,,,,,,,,,,,,,,,,,,95,95,95,95,,,,,,,,,,4613.44269,3,7
27984,30,106,1-30-2022-106-07,7,1,1G1AL18F1872,17,467,4234,3,0,20,22,2008,2,1,2,0,1,F,1,1239,5,9999,9,0,998,2,64,1,0,0,995,0,0,0,75036,9,9,2,1,3,2,2,1,1,1,3,1,0,0,3,1,1,2,1,0,1,2,17,99,1,1,5,L,88,0,0,0,0,0,0,0,0,0,0,180,90,0,0,0,1,3,12,-11,-4,4868,998,-69,9,0,4,1,1,0,99,0,995,9.8,998,998,998,99.8,99.8,99.8,1567.486866,10,7
27984,30,106,1-30-2022-106-07,7,2,1FADP3N29DL1,17,460,1779,5,0,12,37,2013,5,1,3,0,1,L,1,1327,5,0,1,1,38,2,64,1,0,0,995,0,0,0,93314,9,9,2,1,3,2,2,1,1,1,1,1,0,0,3,1,1,2,1,0,1,4,66,99,1,1,5,L,89,0,0,0,0,0,0,0,0,0,0,90,180,0,0,0,1,3,11,-4,10,11294,998,-15,14,0,4,0,0,0,0,0,995,9.8,998,998,998,99.8,99.8,99.8,1567.486866,10,7
27985,19,163,1-19-2022-163-04,4,1,2C4RDGEG2JR3,17,476,14832,2,0,7,442,2018,20,4,20,0,1,F,1,2050,5,0,2,3,13,2,72,1,0,0,995,0,0,0,35901,1,1,0,5,3,1,2,1,1,1,1,2,2,3,5,8,0,0,3,0,1,3,50,2,1,1,2,D,20,0,0,0,0,0,0,0,0,0,0,285,285,0,0,0,1,12,999,999,999,9999999,999,999,999,6,0,0,0,0,5,0,995,9.8,998,998,998,99.8,99.8,99.8,534.3437054,9,7
27985,19,163,1-19-2022-163-04,4,2,5NPDH4AE6EH5,17,498,2735,13,0,55,35,2014,4,1,3,0,1,B,9,1305,5,9999,9,0,998,5,72,1,0,0,995,0,0,0,35956,9,9,0,5,3,1,2,1,1,1,1,2,2,3,5,8,0,0,9,0,5,3,53,1,1,1,2,D,21,0,0,0,0,0,0,0,0,0,0,285,285,0,0,0,1,0,999,999,999,9999999,999,999,999,9,0,95,95,95,95,0,995,9.8,998,998,998,99.8,99.8,99.8,534.3437054,9,7
27987,15,73,1-15-2022-073-03,3,1,999999999999,99,99999,99999,999,0,99,399,9999,9,1,9,99,1,R,9,9999,9,9999,9,0,998,5,48,1,0,0,995,0,0,8,99999,9,9,2,4,5,3,2,1,1,1,1,2,0,0,3,1,1,2,9,0,11,2,15,99,1,9,4,J,68,0,0,0,0,0,0,0,0,0,0,100,320,0,0,0,1,0,999,999,999,9999999,999,999,999,9,0,95,95,95,95,0,995,9.8,998,998,998,99.8,99.8,99.8,50.17900922,1,7
27987,15,73,1-15-2022-073-03,3,2,JN1BJ1CW4LW6,17,478,17214,5,0,35,404,2020,14,3,14,0,1,F,1,1610,5,9999,9,1,35,2,48,1,8,9,998,8,7,9,11572,1,2,2,4,5,2,2,1,1,1,1,1,0,0,3,1,1,2,9,0,1,4,62,1,1,1,4,J,69,0,0,0,0,0,0,0,0,0,0,320,100,0,0,0,1,98,999,999,999,9999999,999,999,999,6,0,1,1,0,4,0,995,9.8,998,998,998,99.8,99.8,99.8,50.17900922,1,7
27989,17,124,1-17-2022-124-03,3,1,3N1AB8DV3LY2,17,478,1907,13,0,35,43,2020,4,1,3,0,1,L,1,1385,5,0,1,1,15,2,72,1,9,1,0,2,9,1,11798,1,1,2,1,2,1,2,2,1,1,0,0,0,0,1,2,2,2,1,0,11,2,15,4,1,1,4,K,82,0,0,0,0,0,0,0,0,0,0,160,270,0,0,0,1,1,23,-15,18,21318,998,44,18,0,1,1,1,0,4,0,995,9.8,998,998,998,99.8,99.8,99.8,157.6422745,4,7
27989,17,124,1-17-2022-124-03,3,2,3GCUKSECXHG3,17,467,1850,60,0,20,481,2017,34,5,31,0,1,F,1,2394,5,0,1,1,13,2,72,1,1,2,996,1,9,0,61240,9,9,2,1,3,2,2,2,1,1,3,1,0,0,1,2,0,0,9,0,1,4,67,2,1,1,4,K,83,0,0,0,0,0,0,0,0,0,0,270,160,0,0,0,1,1,15,-14,-5,38247,998,-74,18,0,1,0,0,0,0,0,995,9.8,998,998,998,99.8,99.8,99.8,157.6422745,4,7
27990,25,117,1-25-2022-117-04,4,1,3N1CN8EV6ML8,17,478,1894,13,0,35,50,2021,4,1,2,0,1,F,9,1194,5,9999,9,4,9,2,56,1,0,0,995,0,0,0,04345,1,2,1,4,3,1,2,1,1,1,1,1,0,0,1,1,0,0,1,1,1,2,13,99,1,4,1,A,1,0,0,0,0,0,0,0,0,0,0,998,998,0,0,0,1,12,999,999,999,9999999,999,999,999,9,0,0,0,0,0,0,998,0.0,999,999,999,0.0,0.0,0.0,940.4809724,2,7
27992,21,65,1-21-2022-065-03,3,1,1GCHC23DX6F2,17,467,1850,60,0,20,481,2006,34,5,30,0,1,F,2,2606,5,9999,9,0,998,5,105,1,0,0,995,0,0,0,92509,9,9,1,1,2,2,2,1,2,9,3,1,0,0,1,1,0,0,9,0,14,3,52,2,2,1,2,D,28,0,0,0,0,0,0,0,0,0,0,110,100,0,0,0,1,3,25,-24,4,101305,998,25,31,0,4,95,95,95,95,0,995,9.8,998,998,998,99.8,99.8,99.8,563.6119344,11,7
27992,21,65,1-21-2022-065-03,3,2,1FMCU0BZ5LUB,17,460,1798,7,0,12,402,2020,14,3,14,0,1,B,2,1612,5,0,1,1,37,2,105,1,0,0,995,0,0,0,92832,9,1,1,1,2,2,2,1,2,9,3,1,0,0,1,1,0,0,1,0,2,3,53,1,1,1,2,D,29,0,0,0,0,0,0,0,0,0,0,100,110,0,0,0,1,3,35,35,0,52846,998,-36,26,0,4,0,0,0,0,0,995,9.8,998,998,998,99.8,99.8,99.8,563.6119344,11,7
27993,52,161,1-52-2022-161-04,4,1,1FMJU2AT1KEA,17,460,1799,7,0,12,422,2019,15,3,15,0,1,F,1,2551,5,9999,9,0,998,5,40,1,0,0,995,0,0,0,59105,9,9,2,3,3,1,2,5,1,1,0,1,0,0,1,8,1,2,9,0,1,2,17,2,1,1,5,L,86,0,0,0,0,0,0,0,0,0,0,225,315,0,1,0,1,3,6,-5,2,3877,998,87,6,0,4,95,95,95,95,0,995,9.8,998,998,998,99.8,99.8,99.8,95.59341828,12,7
27993,52,161,1-52-2022-161-04,4,2,1C4PJMCXXKD1,17,483,1945,7,0,2,404,2019,14,3,14,0,1,R,1,1839,5,0,1,1,18,2,40,1,0,0,995,0,0,0,59102,9,9,2,3,2,2,2,5,1,1,1,0,0,0,1,8,1,2,9,0,1,2,17,1,1,1,5,L,87,0,0,0,0,0,0,0,0,0,0,315,225,0,1,0,1,3,8,-3,-7,7147,998,105,8,0,4,0,0,0,0,0,995,9.8,998,998,998,99.8,99.8,99.8,95.59341828,12,7
27995,52,163,1-52-2022-163-09,9,1,1MELM53S7TG6,17,465,2365,13,0,14,17,1996,4,1,3,0,1,R,2,1537,5,0,1,1,15,2,56,1,0,0,995,0,0,0,82431,9,9,2,4,3,1,2,3,1,1,1,1,0,0,3,4,1,2,9,1,11,2,15,99,1,2,4,J,68,0,0,0,0,0,0,0,0,0,0,210,95,0,0,0,1,1,25,-16,-19,4754,998,-26,9,0,4,99,99,0,8,0,995,9.8,998,998,998,99.8,99.8,99.8,130.3297247,12,7
27995,52,163,1-52-2022-163-09,9,2,1GCCS14H3381,17,467,11483,60,0,20,471,2003,34,5,30,0,1,F,2,1412,5,91,1,1,17,2,56,1,0,0,995,0,0,0,59101,9,9,2,4,3,1,2,3,1,1,0,1,0,0,3,4,1,2,9,0,1,4,62,2,1,1,4,J,69,0,0,0,0,0,0,0,0,0,0,95,210,0,0,0,1,1,26,-24,9,82923,998,67,34,0,4,0,0,0,0,0,995,9.8,998,998,998,99.8,99.8,99.8,130.3297247,12,7
27995,52,163,1-52-2022-163-09,9,3,YV4ED3GB9N20,17,485,28818,7,0,51,498,2022,14,3,14,0,1,F,9,2185,5,9999,9,0,998,5,56,1,0,0,995,0,0,0,59101,9,9,2,4,3,2,2,3,1,1,1,2,0,0,3,4,1,2,9,0,5,4,78,1,1,1,6,M,98,0,0,0,0,0,0,0,0,0,0,0,170,0,0,0,2,0,999,999,999,9999999,999,999,999,9,0,95,95,95,95,0,995,9.8,998,998,998,99.8,99.8,99.8,130.3297247,12,7
27996,52,164,1-52-2022-164-03,3,1,3TYSX5EN3NT0,17,448,2223,60,0,49,472,2022,34,5,31,0,1,L,1,1948,5,0,1,1,15,2,56,1,0,0,995,0,0,0,59101,1,2,2,4,2,1,2,3,1,1,0,0,0,0,3,4,2,2,2,0,11,2,15,3,1,1,4,K,82,0,0,0,0,0,0,0,0,0,0,95,215,0,0,0,1,1,17,-13,11,22172,998,-130,13,0,1,1,2,0,4,0,995,9.8,998,998,998,99.8,99.8,99.8,23.40531393,12,7
27996,52,164,1-52-2022-164-03,3,2,1GNDT13W32K1,17,467,11502,7,0,20,401,2002,14,3,14,0,1,F,1,1903,5,46,1,1,15,2,56,1,0,0,995,0,0,0,59101,9,9,2,5,5,2,2,3,1,1,3,2,0,0,3,4,0,0,9,0,1,4,67,2,9,1,4,K,83,0,0,0,0,0,0,0,0,0,0,215,95,0,0,0,1,1,17,-16,-6,49635,998,-89,21,0,1,99,99,0,99,0,995,9.8,998,998,998,99.8,99.8,99.8,23.40531393,12,7
27997,14,92,1-14-2022-092-09,9,1,1HGCG16501A0,17,474,1861,13,0,37,32,2001,4,1,3,0,1,F,2,1485,5,0,1,1,23,2,72,1,0,0,995,0,0,0,78130,9,1,2,3,3,1,2,2,1,1,3,1,0,0,1,8,2,2,9,0,1,3,50,2,1,1,2,D,20,0,0,0,0,0,0,0,0,0,0,250,250,0,0,0,1,3,28,-28,0,48016,998,9,28,0,4,0,0,0,5,0,995,0.0,999,999,999,99.9,99.9,99.9,5569.47022,8,7
27997,14,92,1-14-2022-092-09,9,2,JTEZU5JR5A50,17,448,2216,7,0,49,401,2010,14,3,14,0,1,B,1,2180,5,9999,9,0,998,5,72,1,0,0,995,0,0,0,78130,9,9,2,3,3,2,2,2,1,1,3,1,0,0,1,8,2,2,9,0,5,3,53,99,1,1,2,D,21,0,0,0,0,0,0,0,0,0,0,250,250,0,0,0,1,3,20,20,0,33238,998,0,20,0,4,95,95,95,95,0,995,9.8,998,998,998,99.8,99.8,99.8,5569.47022,8,7
27998,14,93,1-14-2022-093-05,5,1,1C4PJLDS3FW5,17,483,1945,7,0,2,404,2015,14,3,14,0,1,F,2,1669,5,9999,9,4,21,2,72,1,0,0,995,0,0,0,78133,1,2,3,4,2,1,2,1,2,2,1,2,0,0,1,1,0,0,9,0,14,3,50,4,1,1,2,D,20,0,0,0,0,0,0,0,0,0,0,130,110,0,0,0,1,12,999,999,999,9999999,999,999,999,7,0,2,5,0,3,0,995,9.8,998,998,998,99.8,99.8,99.8,230.5692592,8,7
27998,14,93,1-14-2022-093-05,5,2,1GCEC14Z2RZ2,17,467,10978,60,0,20,481,1994,34,5,30,0,1,B,9,1698,5,9999,9,0,998,5,72,1,0,0,995,0,0,0,78133,9,9,3,4,2,1,2,1,2,2,1,2,0,0,1,1,0,0,9,0,5,3,53,1,1,1,2,D,22,0,0,0,0,0,0,0,0,0,0,110,130,0,0,0,1,0,999,999,999,9999999,999,999,999,9,0,95,95,95,95,0,995,9.8,998,998,998,99.8,99.8,99.8,230.5692592,8,7
27998,14,93,1-14-2022-093-05,5,3,1N6BD0CT4EN7,17,478,1919,60,0,35,472,2014,34,5,30,0,1,L,2,1715,5,9999,9,4,21,2,72,1,0,0,995,0,0,0,78133,1,9,3,4,2,1,2,1,3,4,1,2,0,0,1,1,0,0,9,0,14,4,62,99,1,1,6,M,98,0,0,0,0,0,0,0,0,0,0,305,110,0,0,0,2,12,999,999,999,9999999,999,999,999,7,0,0,0,0,0,0,995,9.8,998,998,998,99.8,99.8,99.8,230.5692592,8,7
27999,18,102,1-18-2022-102-07,7,1,4T1BD1FK4EU1,17,448,2469,13,0,49,40,2014,4,1,3,0,1,F,9,1561,5,9999,9,0,998,2,105,1,0,0,995,0,0,0,54703,3,2,0,1,4,4,1,4,1,1,3,4,0,0,1,3,0,0,1,1,1,2,12,99,1,4,1,B,6,0,0,0,0,0,0,0,0,0,0,998,998,0,0,0,1,0,999,999,999,9999999,999,999,999,9,0,0,0,0,0,0,998,1.5,999,999,999,34.1,2.6,34.3,4004.456986,6,7
28000,23,46,1-23-2022-046-07,7,1,1G1FK1R63H02,17,467,1829,3,0,20,9,2017,2,1,4,0,1,L,9,1685,5,9999,9,0,998,2,113,1,0,0,995,0,0,0,43074,9,9,0,2,3,3,2,1,1,9,3,2,1,3,2,1,0,0,1,1,1,2,12,99,1,4,1,B,6,0,0,0,0,0,0,0,0,0,0,998,998,0,0,0,1,0,999,999,999,9999999,999,999,999,9,0,0,0,0,5,0,998,9.9,999,999,999,99.9,99.9,99.9,414.2415844,5,7
28001,11,88,1-11-2022-088-02,2,1,3N1CN8DV1LL8,17,478,1894,13,0,35,50,2020,4,1,2,0,1,L,2,1202,5,0,1,1,16,2,40,1,0,1,0,2,0,2,99999,2,9,2,1,1,1,2,1,2,1,0,0,0,0,1,1,2,2,1,0,11,2,15,2,1,1,4,K,82,0,0,0,0,0,0,0,0,0,0,230,340,0,0,0,1,1,33,-21,26,8337,998,21,12,0,4,2,5,0,4,0,995,9.8,998,998,998,99.8,99.8,99.8,108.4377974,8,7
28001,11,88,1-11-2022-088-02,2,2,2C3CCAAG4DH5,17,477,1878,13,0,6,51,2013,4,1,5,0,1,F,1,1797,5,0,1,1,16,2,72,1,0,0,995,0,0,0,23836,2,2,2,1,2,2,2,1,1,1,1,2,0,0,1,1,0,0,1,0,1,4,67,99,1,1,4,K,83,0,0,0,0,0,0,0,0,0,0,340,230,0,0,0,1,1,23,-22,-8,105287,998,-76,33,0,4,3,9,1,4,0,995,9.8,998,998,998,99.8,99.8,99.8,108.4377974,8,7
28002,77,99,1-77-2022-099-05,5,1,2T1BURHE2GC5,17,448,2208,13,0,49,32,2016,4,1,3,0,1,R,1,1265,5,0,1,1,50,2,72,1,0,8,997,8,0,3,23093,9,9,2,1,3,3,2,2,1,5,1,2,0,0,2,1,1,2,1,0,11,2,15,2,1,1,4,J,68,0,0,0,0,0,0,0,0,0,0,40,290,0,0,0,1,3,18,-13,-11,26473,998,-13,22,0,4,4,21,1,3,0,995,9.8,998,998,998,99.8,99.8,99.8,653.049961,9,7
28002,77,99,1-77-2022-099-05,5,2,1N4AL3AP6EC2,17,478,1904,13,0,35,47,2014,4,1,4,0,1,F,1,1451,5,9999,9,4,85,2,72,1,0,0,995,0,0,0,32542,9,9,2,1,2,1,2,2,1,5,1,3,0,0,2,1,1,2,1,0,1,4,62,99,1,1,4,J,69,0,0,0,0,0,0,0,0,0,0,290,40,0,0,0,1,3,15,-13,8,11411,998,104,11,0,4,1,1,0,4,0,995,9.8,998,998,998,99.8,99.8,99.8,653.049961,9,7
28003,28,95,1-28-2022-095-09,9,1,2B3CA9CV7AH2,17,476,1895,13,0,7,24,2010,4,1,5,0,1,F,1,1719,5,0,1,1,4,2,113,1,0,0,995,0,0,0,14519,9,9,0,2,2,1,2,5,2,1,1,3,2,3,1,9,0,0,1,1,14,1,6,99,2,4,1,B,7,0,0,0,0,0,0,0,0,0,0,998,998,0,0,0,1,1,12,-12,-2,10970,998,-18,12,0,1,1,1,0,0,0,998,3.7,66,120,-67,8.4,0.8,8.4,506.4169274,3,7
28004,13,123,1-13-2022-123-10,10,1,1FTFX1EF3HKE,17,460,1801,60,0,12,481,2017,34,5,31,0,1,R,9,2081,5,9999,9,0,998,5,113,1,8,0,995,0,7,0,99999,9,9,1,2,5,2,1,1,1,1,1,3,0,0,3,1,0,0,9,1,15,2,11,99,1,2,2,F,46,0,0,0,0,0,0,0,0,0,0,5,0,0,0,0,1,0,999,999,999,9999999,999,999,999,9,0,95,95,95,95,0,995,9.8,998,998,998,99.8,99.8,99.8,19483.8744,7,7
28004,13,123,1-13-2022-123-10,10,2,1FMJU1K56BEF,17,460,1799,7,0,12,422,2011,15,3,15,0,1,L,9,2502,8,9999,9,0,998,2,113,1,8,0,995,0,7,0,99999,9,1,1,2,5,1,1,1,1,1,1,1,0,0,3,1,0,0,9,0,1,4,60,99,1,1,2,F,45,0,0,0,0,0,0,0,0,0,0,0,5,0,0,0,1,0,999,999,999,9999999,999,999,999,9,0,0,0,0,0,0,995,9.8,998,998,998,99.8,99.8,99.8,19483.8744,7,7
28005,13,124,1-13-2022-124-05,5,1,1G6DP577X701,17,469,1825,13,0,19,18,2007,4,1,4,0,1,F,1,1747,5,9999,9,0,998,5,105,1,8,0,995,0,7,0,99999,9,9,0,2,4,2,1,1,1,9,3,3,0,2,1,1,0,0,9,1,15,2,11,99,1,2,2,F,46,0,0,0,0,0,0,0,0,0,0,185,180,0,0,0,1,3,6,-5,-4,2064,998,-108,4,0,4,95,95,95,95,0,995,9.8,998,998,998,99.8,99.8,99.8,215.2680267,7,7
28005,13,124,1-13-2022-124-05,5,2,1FTEW1EF5GKE,17,460,1801,60,0,12,481,2016,34,5,31,0,1,L,2,2130,5,0,1,1,21,2,105,1,8,0,995,0,7,0,76015,1,1,0,2,4,1,1,1,1,9,1,3,2,2,1,1,0,0,9,0,1,4,60,99,1,1,2,F,45,1,4,2,2,1,4,61,1,2,999,997,997,0,0,0,2,6,999,999,999,9999999,999,999,999,7,0,1,1,0,4,3,997,9.8,998,998,998,99.8,99.8,99.8,215.2680267,7,7
28006,54,92,1-54-2022-092-08,8,1,JM1BL1V7XC15,17,473,2074,13,0,41,51,2012,4,1,2,0,1,F,9,1304,5,9999,9,0,998,2,89,1,0,1,133,2,0,1,35582,1,1,0,4,2,1,2,1,2,1,1,1,2,3,1,8,0,0,9,1,14,6,87,4,9,4,1,A,3,0,0,0,0,0,0,0,0,0,0,998,998,0,1,1,2,0,999,999,999,9999999,999,999,999,9,0,1,1,0,4,0,998,0.3,120,48,65,0.4,0.6,0.7,321.3620328,9,7
28007,54,93,1-54-2022-093-05,5,1,ML32A3HJ9FH0,17,481,2342,5,0,52,48,2015,5,1,1,0,1,F,1,895,5,0,1,1,5,2,64,1,0,1,0,2,0,2,35653,1,9,0,4,2,1,2,1,3,4,1,2,0,0,1,1,0,0,9,1,14,2,13,99,1,4,1,A,1,0,0,0,0,0,0,0,0,0,0,998,998,0,0,1,1,1,19,-19,0,16147,998,52,19,0,4,3,19,1,3,0,998,0.4,38,38,88,30.0,2.6,30.0,110.5370036,9,7
28008,32,69,1-32-2022-069-02,2,1,ML32F3FJ6KHF,17,481,13842,13,0,52,48,2019,4,1,2,0,1,L,9,975,5,9999,9,0,998,2,72,1,8,0,995,0,7,0,75243,2,9,2,1,3,2,1,1,1,1,3,3,0,0,3,1,1,2,9,0,1,2,17,99,1,1,5,L,89,0,0,0,0,0,0,0,0,0,0,170,265,0,0,0,1,0,999,999,999,9999999,999,999,999,9,0,9,97,0,8,0,995,9.8,998,998,998,99.8,99.8,99.8,201.3370137,7,7
28008,32,69,1-32-2022-069-02,2,2,1GNEC16Z33J2,17,467,1851,7,0,20,431,2003,16,3,16,0,1,F,9,2228,5,9999,9,0,998,2,72,1,9,0,995,0,9,0,99999,9,9,2,1,4,3,1,1,1,1,3,1,0,0,3,1,1,2,9,0,1,4,66,99,1,1,5,L,88,0,0,0,0,0,0,0,0,0,0,265,170,0,0,0,1,0,999,999,999,9999999,999,999,999,9,0,99,99,0,99,0,995,9.8,998,998,998,99.8,99.8,99.8,201.3370137,7,7
28009,16,109,1-16-2022-109-07,7,1,1G11H5SA1DF2,17,467,1834,13,0,20,37,2013,4,1,3,0,1,R,1,1602,5,0,1,1,12,2,56,1,0,0,995,0,0,0,45220,9,9,0,1,2,2,2,1,3,1,3,2,0,0,1,1,0,0,9,1,14,2,11,99,1,2,2,F,44,0,0,0,0,0,0,0,0,0,0,280,280,0,0,0,1,8,999,999,999,9999999,999,999,999,6,0,0,0,0,0,0,995,9.8,998,998,998,99.8,99.8,99.8,655.0645563,5,7
28009,16,109,1-16-2022-109-07,7,2,3C6MR5AJ6NG2,17,496,13621,60,0,7,482,2022,34,5,30,0,1,L,9,3108,5,9999,9,0,998,5,56,1,0,0,995,0,0,0,45014,9,9,0,1,2,1,2,1,3,1,0,3,0,0,1,1,0,0,1,0,14,4,60,99,1,1,2,F,45,0,0,0,0,0,0,0,0,0,0,280,280,0,0,0,1,0,999,999,999,9999999,999,999,999,9,0,95,95,95,95,0,995,9.8,998,998,998,99.8,99.8,99.8,655.0645563,5,7
28010,16,110,1-16-2022-110-04,4,1,1FMCU0GDXJUD,17,460,1798,7,0,12,402,2018,14,3,14,0,1,L,9,1611,5,9999,9,0,998,5,105,1,0,0,995,0,0,0,45242,9,9,0,2,4,1,2,2,3,1,1,3,1,3,4,2,0,0,9,1,15,2,10,99,1,2,2,F,47,0,0,0,0,0,0,0,0,0,0,255,255,0,0,0,1,0,999,999,999,9999999,999,999,999,9,0,95,95,95,95,0,995,9.8,998,998,998,99.8,99.8,99.8,224.010099,5,7
28010,16,110,1-16-2022-110-04,4,2,3MZBPADL2KM1,17,473,2074,13,0,41,51,2019,4,1,3,0,1,R,9,1378,5,9999,9,0,998,2,105,1,0,0,995,0,0,0,45255,9,9,0,2,4,2,2,2,3,1,3,3,0,3,4,2,0,0,1,0,14,4,61,99,1,1,2,F,45,0,0,0,0,0,0,0,0,0,0,255,255,0,0,0,1,0,999,999,999,9999999,999,999,999,9,0,0,0,0,0,0,995,9.8,998,998,998,99.8,99.8,99.8,224.010099,5,7
28011,73,117,1-73-2022-117-10,10,1,KMHCM36C77U0,17,498,2773,5,0,55,36,2007,3,1,1,0,1,T,2,1073,5,0,1,1,12,2,72,1,8,0,995,0,7,0,04976,9,9,0,4,2,1,2,3,2,4,1,4,0,0,2,1,0,0,1,1,14,1,6,99,2,4,1,A,2,1,2,2,6,5,4,31,1,1,5,997,997,0,0,0,1,6,999,999,999,9999999,999,999,999,7,0,0,0,0,0,2,997,9.8,998,998,998,99.8,99.8,99.8,1519.219865,3,7
28013,76,94,1-76-2022-094-09,9,1,3FAHP0HAXAR3,17,460,1780,13,0,12,23,2010,4,1,3,0,1,F,3,1490,5,0,1,1,6,2,64,1,8,9,998,8,7,9,12470,9,9,0,4,2,1,2,5,3,4,1,2,0,0,1,1,0,0,9,1,14,1,5,2,2,4,1,A,2,0,0,0,0,0,0,0,0,0,0,998,998,0,1,1,1,1,44,-44,-8,118672,998,-11,44,0,1,9,97,0,0,0,998,1.0,25,25,76,10.6,3.8,11.3,100.7477968,3,7
28014,76,95,1-76-2022-095-06,6,1,5N1AZ2MH0FN2,17,478,1914,8,0,35,49,2015,6,1,4,0,1,L,1,1787,5,0,1,1,22,2,89,1,8,9,998,8,7,9,12451,9,9,0,4,2,1,2,1,3,1,1,2,1,0,5,8,0,0,3,1,14,2,13,1,1,4,1,A,1,0,0,0,0,0,0,0,0,0,0,998,998,0,0,1,4,1,11,-9,7,10336,998,-42,11,0,4,9,0,0,4,0,998,0.6,120,120,-68,10.0,4.1,10.8,45.45292969,3,7
28015,19,164,1-19-2022-164-01,1,1,1FMPU17526LA,17,460,1799,7,0,12,422,2006,15,3,15,0,1,F,3,2524,5,0,1,1,7,2,56,1,0,0,995,0,0,0,35953,1,9,2,4,4,1,2,1,1,1,3,1,0,0,3,1,2,2,9,1,1,2,14,1,1,4,1,C,14,0,0,0,0,0,0,0,0,0,0,998,998,0,1,0,1,1,64,-64,0,454578,998,0,64,0,4,2,9,0,1,0,998,0.6,0,120,100,4.6,4.6,0.0,62.15501969,9,7
28016,19,165,1-19-2022-165-08,8,1,3VWCK21C03M4,17,482,8119,5,0,30,47,2003,3,1,1,0,1,9,9,1256,5,9999,9,0,998,2,40,1,0,0,995,0,0,0,35905,1,9,0,4,2,1,2,1,2,4,0,2,0,0,1,1,0,0,3,1,14,2,13,99,3,4,1,A,2,1,4,1,2,1,4,61,1,2,27,999,999,0,1,0,99,0,999,999,999,9999999,999,999,999,9,0,3,10,1,3,3,999,0.0,120,90,-30,12.3,3.8,12.9,381.2123044,9,7
28017,10,176,1-10-2022-176-10,10,1,JHMZE2H71AS0,17,474,1870,5,0,37,37,2010,5,1,2,0,1,R,9,1235,5,9999,9,0,998,2,89,1,0,0,995,0,0,0,45424,9,9,1,2,3,2,2,1,2,1,3,3,0,0,4,1,0,0,9,1,15,2,11,99,1,2,2,F,46,0,0,0,0,0,0,0,0,0,0,60,60,0,0,0,1,0,999,999,999,9999999,999,999,999,9,0,0,0,0,0,0,995,9.8,998,998,998,99.8,99.8,99.8,630.9148956,4,7
28017,10,176,1-10-2022-176-10,10,2,1GB3CYC8XFF6,17,467,1850,74,999,20,884,2015,61,8,60,0,1,L,9,,,,,,,5,89,1,0,0,995,0,0,0,43160,9,9,1,2,3,1,2,1,2,1,1,3,0,0,4,1,0,0,1,0,14,4,60,99,1,1,2,F,45,,,,,,,,,,,,,,,,,,,,,,,,,,,95,95,95,95,,,9.8,998,998,998,99.8,99.8,99.8,630.9148956,4,7