CASEID,PSU,CASENO,CASENUMBER,CATEGORY,VEHNO,VIN,VINLENGTH,VPICMAKE,VPICMODEL,VPICBODYCLASS,ICFINALBODY,MAKE,MODEL,MODELYR,BODYTYPE,BODYCAT,VEHCLASS,SPECUSE,TRANSTAT,DAMPLANE,DAMSEV,CURBWT,CURBSRC,CARGOWT,CARGOSRC,INSPTYPE,INSPLAG,TOWED,SPEEDLIMIT,DRPRESENT,PARALCOHOL,ALCTEST,ALCTESTRESULT,ALCTESTSRC,PARDRUG,DRUGTEST,ZIP,RACE,ETHNICITY,RELTOJUNCT,TRAFFLOW,RDLANES,INITLANE,SURFTYPE,SURFCOND,ALIGNMENT,PROFILE,LINERIGHT,LINELEFT,RUMBINIT,RUMBROAD,LIGHTCOND,WEATHER,TRAFDEV,TRAFFUNCT,DISTRACT,PREFHE,PREMOVE,CRITCAT,CRITEVENT,MANEUVER,PRESTAB,PRELOC,CRASHCAT,CRASHCONF,CRASHTYPE,ROLLTYPE,ROLLTURN,ROLLINTRPT,ROLLPREMAN,ROLLINITYP,ROLLINLOC,ROLLOBJ,ROLLTRIP,ROLLDIR,ROLLDIST,DVANGTHIS,DVANGOTH,TOWHITCH,TRAJDOC,TREEPOLE,DVEVENT,DVBASIS,DVTOTAL,DVLONG,DVLAT,DVENERGY,DVSPEED,DVMOMENT,DVBES,DVEST,DVCONF,VAIS,VISS,VINJURED,VTREAT,INITOBJCLASS,HEADANGLECAT,SHLDRWIDTH,STRKLENGTH,STRKWIDTH,STRKHEIGHT,EDGEDISTX,EDGEDISTY,EDGEDISTZ,CASEWGT,PSUSTRAT,VERSION
28018,10,177,1-10-2022-177-06,6,1,2GNALCEK5H62,17,467,1847,7,0,20,404,2017,14,3,14,0,1,L,1,1706,5,9999,9,0,998,2,40,1,0,0,995,0,0,0,45417,9,9,2,4,2,1,2,1,1,1,0,2,0,0,1,1,1,2,1,0,1,2,17,99,1,1,5,L,86,0,0,0,0,0,0,0,0,0,0,225,225,0,0,0,2,3,10,0,10,5232,998,-50,8,0,4,9,97,0,8,0,995,9.8,998,998,998,99.8,99.8,99.8,82.83370638,4,7
28018,10,177,1-10-2022-177-06,6,2,1N4AL3AP2EC4,17,478,1904,13,0,35,47,2014,4,1,4,0,1,R,1,1451,5,0,1,1,16,2,40,1,0,0,995,0,0,0,45417,9,9,2,4,2,1,2,1,1,1,0,2,0,0,1,1,1,2,1,0,1,2,17,99,1,1,5,L,87,0,0,0,0,0,0,0,0,0,0,225,225,0,0,0,2,3,12,0,-12,15767,998,109,13,0,4,9,97,0,8,0,995,9.8,998,998,998,99.8,99.8,99.8,82.83370638,4,7
28019,27,89,1-27-2022-089-03,3,1,JM1DKFD75H01,17,473,10202,15,0,41,56,2017,5,1,2,0,1,F,1,1339,5,0,1,1,7,2,48,1,0,1,0,2,0,1,01201,1,2,0,4,2,1,2,5,1,2,1,2,0,0,1,1,0,0,3,0,1,3,50,4,1,1,2,D,20,0,0,0,0,0,0,0,0,0,0,160,155,0,0,0,1,1,19,-19,3,19954,998,-3,19,0,4,1,2,0,4,0,995,9.8,998,998,998,99.8,99.8,99.8,32.64257244,3,7
28019,27,89,1-27-2022-089-03,3,2,JM1BPBEY4M13,17,473,2074,13,0,41,51,2021,4,1,3,0,1,B,1,1479,5,0,1,1,7,2,48,1,0,0,995,0,0,0,01254,1,9,0,4,2,1,2,3,1,2,1,2,0,0,1,1,0,0,1,0,5,3,53,1,1,1,2,D,21,0,0,0,0,0,0,0,0,0,0,155,160,0,0,0,1,1,18,17,-3,19286,998,30,18,0,4,1,3,0,4,0,995,9.8,998,998,998,99.8,99.8,99.8,32.64257244,3,7
28021,59,96,1-59-2022-096-06,6,1,2C4RC1JG4GR1,17,477,1936,2,0,6,441,2016,20,4,20,0,1,F,1,2115,5,0,1,1,6,2,48,1,0,0,995,0,0,0,47842,1,2,0,4,2,1,2,2,1,1,0,0,0,0,1,2,0,0,3,1,1,2,11,1,1,4,1,C,11,0,0,0,0,0,0,0,0,0,0,10,10,0,0,0,1,3,11,-11,0,11344,998,61,11,0,4,1,1,0,4,0,995,9.8,998,998,998,99.8,99.8,99.8,220.7343516,6,7
28021,59,96,1-59-2022-096-06,6,2,1FTEW1EG2HFC,17,460,1801,60,0,12,481,2017,34,5,31,0,2,B,1,2236,5,9999,9,0,998,,,,,,,,,,,,,,,,,,,,,,,,,,,,,,,,,,,,,,,,,,,,,,,,,,,,,,,,,,,,,,,,,,95,95,95,95,,,,,,,,,,220.7343516,6,7
28022,59,97,1-59-2022-097-04,4,1,2T1BURHE6KC2,17,448,2208,13,0,49,32,2019,4,1,3,0,1,F,2,1265,5,0,1,1,2,2,97,1,0,0,995,0,0,0,47842,1,2,0,1,2,2,2,4,1,9,3,1,3,3,2,4,0,0,1,0,1,6,87,1,1,1,1,C,13,0,0,0,0,0,0,0,0,0,0,998,998,0,0,0,1,10,999,999,999,9999999,999,999,999,7,0,0,0,0,0,0,998,9.8,998,998,998,99.8,99.8,99.8,358.0003603,6,7
28023,59,98,1-59-2022-098-06,6,1,5NPEB4AC7DH6,17,498,2459,13,0,55,33,2013,4,1,4,0,1,B,2,1475,5,0,1,1,5,2,113,1,8,1,251,2,7,1,46268,9,1,0,2,2,1,2,3,1,1,1,3,2,3,2,9,0,0,9,1,1,1,6,99,3,4,1,B,7,0,0,0,0,0,0,0,0,0,0,998,998,0,1,1,1,1,34,34,-6,75960,998,45,34,0,4,2,5,0,4,0,998,2.4,120,30,85,99.9,99.9,99.9,220.7343516,6,7
28024,12,69,1-12-2022-069-04,4,1,999999999999,99,99999,99999,999,0,99,399,9999,9,1,9,99,1,L,9,9999,9,9999,9,0,998,5,72,1,8,0,995,0,7,0,99999,9,9,2,4,5,2,2,1,1,1,1,1,0,0,1,1,1,2,9,0,1,2,17,99,1,1,5,L,89,0,0,0,0,0,0,0,0,0,0,190,270,0,0,0,1,0,999,999,999,9999999,999,999,999,9,0,95,95,95,95,0,995,9.8,998,998,998,99.8,99.8,99.8,1255.888115,9,7
28024,12,69,1-12-2022-069-04,4,2,2C3CDZAGXMH5,17,476,1893,13,0,7,28,2021,2,1,5,0,1,F,1,1785,5,0,1,1,14,2,72,1,0,0,995,0,0,0,73449,9,9,2,1,3,2,2,1,1,1,1,1,0,0,1,1,1,2,1,0,1,4,66,2,1,1,5,L,88,0,0,0,0,0,0,0,0,0,0,270,190,0,0,0,1,12,999,999,999,9999999,999,999,14,2,0,0,0,0,0,0,995,9.8,998,998,998,99.8,99.8,99.8,1255.888115,9,7
28025,33,39,1-33-2022-039-02,2,1,3CZRU5H33MM7,17,474,9212,7,0,37,404,2021,14,3,14,0,1,F,3,1320,5,0,1,1,7,2,56,1,0,1,0,2,1,2,95901,9,9,0,5,3,1,2,1,3,9,1,2,0,0,1,1,0,0,3,1,14,2,13,1,1,4,1,A,1,0,0,0,0,0,0,0,0,0,0,998,998,0,0,1,1,1,46,-45,-8,117359,998,-22,45,0,1,2,9,0,3,0,998,1.8,999,999,999,99.9,99.9,99.9,52.55024322,12,7
28026,17,125,1-17-2022-125-06,6,1,1G11E5SA6GF1,17,467,1834,13,0,20,37,2016,4,1,3,0,1,L,1,1625,5,0,1,1,6,2,72,1,8,0,995,0,7,0,61241,9,9,2,1,6,1,1,3,1,1,0,1,0,0,3,4,1,2,9,1,10,1,6,99,3,4,1,B,7,0,0,0,0,0,0,0,0,0,0,998,998,0,0,0,1,12,999,999,999,9999999,999,999,999,6,0,1,2,0,4,0,998,0.0,999,999,5,0.0,0.0,0.0,582.9015327,4,7
28027,17,126,1-17-2022-126-01,1,1,1G1BE5SM2J71,17,467,1832,13,0,20,25,2018,4,1,3,0,1,L,3,1250,5,0,1,1,7,2,48,1,9,0,995,0,9,0,61265,1,9,2,4,5,3,1,1,1,1,1,2,0,0,1,1,1,2,9,0,11,2,15,1,1,1,4,K,82,0,0,0,0,0,0,0,0,0,0,170,250,0,0,0,1,3,64,-22,60,324718,998,-59,73,0,4,9,97,0,1,0,995,9.8,998,998,998,99.8,99.8,99.8,71.41900589,4,7
28027,17,126,1-17-2022-126-01,1,2,KNAE45LCXN61,17,499,21370,5,0,63,41,2022,5,1,5,0,1,F,3,1873,5,0,1,1,7,2,89,1,1,8,997,8,1,3,61201,1,9,2,1,5,1,1,1,2,1,1,3,0,0,1,1,1,2,9,0,14,4,67,99,1,1,4,K,83,0,0,0,0,0,0,0,0,0,0,250,170,0,0,0,1,3,44,-38,-22,139386,998,-103,35,0,4,9,97,0,8,0,995,9.8,998,998,998,99.8,99.8,99.8,71.41900589,4,7
28028,52,165,1-52-2022-165-09,9,1,2G2WP5526611,17,536,4262,13,0,22,20,2006,4,1,4,0,1,F,2,1577,5,0,1,1,16,2,72,1,0,1,0,2,0,0,59101,1,9,0,1,3,1,2,1,1,1,0,3,0,0,3,1,0,0,3,1,1,2,13,2,1,4,1,A,1,0,0,0,0,0,0,0,0,0,0,998,998,0,0,7,1,10,999,999,999,9999999,999,15,34,3,0,2,4,0,4,0,998,0.0,20,20,120,14.4,1.4,14.7,130.3297247,12,7
28031,22,39,1-22-2022-039-06,6,1,1HGCR3F83FA0,17,474,1861,13,0,37,32,2015,4,1,4,0,1,F,2,1615,5,0,1,1,17,2,40,1,8,9,998,8,7,9,83537,9,9,0,4,2,1,2,1,3,1,1,2,0,0,3,1,0,0,3,1,14,2,11,99,1,4,1,C,11,0,0,0,0,0,0,0,0,0,0,230,230,0,0,0,1,12,999,999,999,9999999,999,999,999,7,0,2,5,0,4,0,995,9.8,998,998,998,99.8,99.8,99.8,209.3075146,12,7
28031,22,39,1-22-2022-039-06,6,2,JT4UN24D3T00,17,448,9374,60,0,49,481,1996,34,5,31,0,2,B,2,1832,5,0,1,5,17,,,,,,,,,,,,,,,,,,,,,,,,,,,,,,,,,,,,,,,,,,,,,,,,,,,,,,,,,,,,,,,,,,95,95,95,95,,,,,,,,,,209.3075146,12,7
28035,29,43,1-29-2022-043-03,3,1,JN1BJ1CR5KW3,17,478,17214,5,0,35,404,2019,14,3,14,0,1,B,2,1547,5,9999,9,1,21,7,64,1,0,0,995,0,0,0,02766,1,2,2,4,2,1,2,1,1,1,1,2,0,0,3,1,0,0,1,0,5,3,53,1,1,1,2,D,22,0,0,0,0,0,0,0,0,0,0,220,220,0,1,0,1,3,30,30,0,51248,998,-32,28,0,4,1,1,0,4,0,995,9.8,998,998,998,99.8,99.8,99.8,1663.36999,2,7
28035,29,43,1-29-2022-043-03,3,2,SJKCH5CR7JA0,17,480,13820,5,0,58,47,2018,5,1,3,0,1,F,2,1550,5,9999,9,4,53,7,64,1,0,0,995,0,0,9,02910,9,9,2,4,2,1,2,1,1,1,1,2,0,0,3,1,0,0,3,0,1,3,50,1,1,1,2,D,20,0,0,0,0,0,0,0,0,0,0,220,220,0,0,0,1,3,30,-30,0,67805,998,0,33,0,4,0,0,0,0,0,995,9.8,998,998,998,99.8,99.8,99.8,1663.36999,2,7
28036,20,220,1-20-2022-220-01,1,1,2BCCL8148HB5,17,483,1943,7,0,2,403,1987,14,3,14,0,1,F,2,1316,5,9999,9,4,52,2,89,1,0,0,995,0,0,0,93930,1,9,0,4,2,1,2,1,1,1,1,2,0,0,1,1,0,0,9,1,1,2,12,99,1,4,1,B,6,0,0,0,0,0,0,0,0,0,0,998,998,0,0,1,3,12,999,999,999,9999999,999,999,999,7,0,9,0,0,1,0,998,2.4,999,999,999,99.9,99.9,99.9,92.30568942,11,7
28037,30,107,1-30-2022-107-01,1,1,1FTYR10V0YTB,17,460,1803,60,0,12,471,2000,34,5,31,0,1,R,9,1383,5,9999,9,0,998,2,105,1,8,1,184,3,1,2,85006,9,9,1,2,5,3,2,1,1,1,3,3,0,0,3,1,0,0,9,1,15,2,13,99,9,4,1,A,1,0,0,0,0,0,0,0,0,0,0,998,998,0,0,9,1,0,999,999,999,9999999,999,999,999,9,0,6,75,1,1,0,998,2.0,999,999,999,4.0,2.0,5.0,169.8158734,10,7
28038,73,119,1-73-2022-119-06,6,1,1C4NJDEB7ED7,17,483,1946,7,0,2,1,2014,6,1,2,0,1,F,1,1517,5,0,1,1,21,2,56,1,8,0,995,0,7,0,04478,1,2,0,4,2,1,2,3,1,1,1,2,0,0,2,9,0,0,1,0,1,6,87,2,1,1,1,C,13,0,0,0,0,0,0,0,0,0,0,998,998,0,0,0,1,10,999,999,999,9999999,999,999,999,6,0,1,1,0,5,0,998,9.8,998,998,998,99.8,99.8,99.8,96.44620093,3,7
28039,15,77,1-15-2022-077-10,10,1,WVWAK93C16P1,17,482,3134,13,0,30,46,2006,4,1,3,0,1,F,1,1499,5,9999,9,0,998,5,48,1,8,9,998,8,7,9,11580,9,9,2,4,2,1,2,2,1,1,0,0,0,0,3,8,0,0,9,0,1,4,66,99,9,1,5,L,88,0,0,0,0,0,0,0,0,0,0,130,50,0,0,0,1,3,7,-6,-4,2860,998,-104,6,0,4,95,95,95,95,0,995,9.8,998,998,998,99.8,99.8,99.8,966.8984198,1,7
28039,15,77,1-15-2022-077-10,10,2,KM8JT3AB9BU1,17,498,2058,7,0,55,402,2011,14,3,14,0,1,L,1,1440,5,9999,9,1,13,2,48,1,8,9,998,8,7,9,11552,9,9,2,4,2,1,2,2,1,1,0,0,0,0,3,8,2,2,9,0,1,2,17,99,9,1,5,L,89,0,0,0,0,0,0,0,0,0,0,50,130,0,0,0,1,3,7,-2,7,5169,998,-51,9,0,4,99,99,0,99,0,995,9.8,998,998,998,99.8,99.8,99.8,966.8984198,1,7
28040,15,78,1-15-2022-078-10,10,1,1HGCG16552A0,17,474,1861,13,0,37,32,2002,4,1,3,0,1,F,9,1375,5,9999,9,0,998,2,48,1,8,9,998,8,7,9,11803,1,2,0,4,2,1,2,2,1,1,0,2,0,0,3,2,0,0,9,1,1,2,11,1,1,4,1,C,11,0,0,0,0,0,0,0,0,0,0,90,90,0,0,0,1,0,999,999,999,9999999,999,999,999,9,0,0,0,0,0,0,995,9.8,998,998,998,99.8,99.8,99.8,966.8984198,1,7
28040,15,78,1-15-2022-078-10,10,2,5UXZV4C56CL9,17,452,1717,7,0,34,401,2012,14,3,14,0,2,B,9,2250,5,9999,9,0,998,,,,,,,,,,,,,,,,,,,,,,,,,,,,,,,,,,,,,,,,,,,,,,,,,,,,,,,,,,,,,,,,,,95,95,95,95,,,,,,,,,,966.8984198,1,7
28041,15,79,1-15-2022-079-07,7,1,999999999999,99,99999,99999,999,0,99,399,9999,9,1,9,99,1,L,9,9999,9,9999,9,0,998,5,80,1,8,0,995,0,7,0,99999,9,9,0,2,4,3,2,2,3,1,3,3,0,2,3,8,0,0,0,0,14,4,60,99,9,9,2,F,45,0,0,0,0,0,0,0,0,0,0,300,290,9,0,0,1,0,999,999,999,9999999,999,999,999,9,0,95,95,95,95,0,995,9.8,998,998,998,99.8,99.8,99.8,540.8744347,1,7
28041,15,79,1-15-2022-079-07,7,2,JN1EV7AR9HM8,17,480,1901,13,0,58,41,2017,4,1,4,0,1,R,2,1718,5,9999,9,1,88,2,80,1,8,9,998,8,7,9,11420,7,2,0,2,4,4,2,2,3,1,3,2,1,3,3,8,0,0,9,1,15,2,11,1,9,2,2,F,46,0,0,0,0,0,0,0,0,0,0,290,300,0,0,0,1,8,999,999,999,9999999,999,999,999,7,0,0,0,0,0,0,995,9.8,998,998,998,99.8,99.8,99.8,540.8744347,1,7
28045,27,91,1-27-2022-091-04,4,1,KMHD84LF3LU9,17,498,2735,13,0,55,35,2020,4,1,3,0,1,F,2,1280,5,0,1,1,17,2,40,1,0,0,995,0,0,0,01201,1,2,2,4,2,1,2,3,1,2,1,2,0,0,2,4,0,0,1,1,1,1,6,4,4,4,1,B,7,0,0,0,0,0,0,0,0,0,0,998,998,0,0,9,1,1,38,-37,-7,79442,998,-33,38,0,4,1,1,0,0,0,998,0.3,999,999,999,99.9,99.9,99.9,138.5185065,3,7
28049,11,90,1-11-2022-090-02,2,1,1FTYR2CG7KKA,17,460,3608,95,0,12,462,2019,21,4,21,0,1,F,1,2510,5,0,1,1,50,2,89,1,0,0,995,0,0,0,23061,1,2,0,1,2,1,2,1,1,9,1,3,0,0,2,1,0,0,1,1,1,2,13,7,1,4,1,A,1,1,2,2,2,2,4,49,4,2,14,998,998,0,0,0,1,1,15,-15,0,23164,998,0,15,0,4,1,1,0,4,3,998,2.2,120,999,999,55.3,2.2,55.3,67.0889176,8,7
28050,11,91,1-11-2022-091-02,2,1,1FT7X2B62LED,17,460,1805,60,0,12,481,2020,34,5,31,0,1,F,2,2922,5,9999,9,1,24,2,105,1,0,0,995,0,0,0,23139,1,9,0,1,2,2,2,1,3,4,2,3,1,3,1,98,0,0,9,1,14,1,8,99,1,7,3,G,52,0,0,0,0,0,0,0,0,0,0,285,125,0,0,0,1,1,32,-31,-5,233115,998,-25,44,0,4,1,1,0,4,0,995,1.9,999,999,999,99.0,38.5,99.0,67.0889176,8,7
28050,11,91,1-11-2022-091-02,2,2,1HGCR2F73FA2,17,474,1861,13,0,37,32,2015,4,1,4,0,1,F,3,1496,5,9999,9,1,21,2,105,1,0,0,995,0,0,0,23040,2,9,0,1,2,1,2,1,2,2,1,3,2,3,1,98,0,0,9,0,14,4,62,99,1,1,3,G,52,0,0,0,0,0,0,0,0,0,0,125,285,0,0,0,1,1,60,-60,10,116408,998,32,43,0,4,3,11,1,3,0,995,3.6,999,999,999,0.0,0.0,0.0,67.0889176,8,7
28050,11,91,1-11-2022-091-02,2,3,KNAFU5A2XC55,17,499,2462,5,0,63,38,2012,5,1,3,0,1,F,1,1261,5,0,1,1,25,2,105,1,0,0,995,0,0,0,23238,9,9,0,1,2,2,2,1,2,2,3,2,1,3,1,98,0,0,1,0,14,4,62,99,1,1,6,M,98,0,0,0,0,0,0,0,0,0,0,130,260,0,0,0,2,3,21,-21,-4,10119,998,-10,14,0,4,9,97,0,8,0,995,9.8,998,998,998,99.8,99.8,99.8,67.0889176,8,7
28051,14,94,1-14-2022-094-05,5,1,3GYFNBE30GS5,17,469,1844,7,0,19,20,2016,6,1,4,0,1,R,2,1940,5,0,1,5,18,2,97,1,0,0,995,0,0,0,78130,1,2,2,1,2,1,2,1,1,1,1,1,0,0,5,8,1,2,9,0,1,2,17,99,1,1,5,L,87,0,0,0,0,0,0,0,0,0,0,90,10,0,0,0,1,12,999,999,999,9999999,999,999,999,7,0,1,2,0,4,0,995,9.8,998,998,998,99.8,99.8,99.8,361.5004926,8,7
28051,14,94,1-14-2022-094-05,5,2,5N1AT2MV5GC8,17,478,1913,8,0,35,51,2016,6,1,3,0,1,F,2,1610,5,9999,9,4,25,2,97,1,0,0,995,0,0,0,78070,1,2,2,2,2,1,2,1,1,1,1,3,0,0,5,8,1,2,9,0,1,4,66,99,1,1,5,L,86,0,0,0,0,0,0,0,0,0,0,10,90,0,0,0,1,12,999,999,999,9999999,999,999,999,7,0,1,1,0,4,0,995,9.8,998,998,998,99.8,99.8,99.8,361.5004926,8,7
28052,14,95,1-14-2022-095-04,4,1,JA4AZ3A32JZ0,17,481,2163,7,0,52,47,2018,6,1,3,0,1,F,1,1610,5,0,1,1,26,2,72,1,0,0,995,0,0,0,78250,1,9,0,1,4,1,2,1,1,1,1,3,0,0,1,1,0,0,9,0,1,3,50,99,1,1,2,D,20,0,0,0,0,0,0,0,0,0,0,230,230,0,0,0,1,3,15,-15,0,16805,998,-31,16,0,4,0,0,0,0,0,995,9.8,998,998,998,99.8,99.8,99.8,6143.455556,8,7
28052,14,95,1-14-2022-095-04,4,2,2T3C1RFVXKC0,17,448,2217,7,0,49,402,2019,14,3,14,0,1,B,1,1583,5,9999,9,0,998,5,72,1,0,0,995,0,0,0,78130,9,9,0,1,4,1,2,1,1,1,1,3,0,0,1,1,0,0,9,0,5,3,53,99,1,1,2,D,21,0,0,0,0,0,0,0,0,0,0,230,230,0,0,0,1,3,16,16,0,12701,998,0,14,0,4,95,95,95,95,0,995,9.8,998,998,998,99.8,99.8,99.8,6143.455556,8,7
28052,14,95,1-14-2022-095-04,4,3,7FARW2H89NE0,17,474,1865,7,0,37,402,2022,14,3,14,0,1,B,9,1580,5,9999,9,0,998,5,72,1,0,0,995,0,0,0,78130,9,9,0,1,4,1,2,1,1,1,1,3,0,0,1,1,0,0,9,0,5,3,53,99,1,1,6,M,98,0,0,0,0,0,0,0,0,0,0,230,230,0,0,0,2,0,999,999,999,9999999,999,999,999,9,0,95,95,95,95,0,995,9.8,998,998,998,99.8,99.8,99.8,6143.455556,8,7
28053,24,125,1-24-2022-125-03,3,1,2HGFC2F57JH5,17,474,1863,13,0,37,31,2018,4,1,3,0,1,F,1,1244,5,0,1,1,49,2,72,1,0,0,995,0,0,0,08205,1,2,2,4,4,3,2,1,1,1,1,2,0,0,1,1,0,0,2,0,11,2,15,1,1,1,4,J,68,0,0,0,0,0,0,0,0,0,0,250,110,0,0,0,1,12,999,999,999,9999999,999,999,999,6,0,1,1,0,5,0,995,9.8,998,998,998,99.8,99.8,99.8,344.1707686,1,7
28053,24,125,1-24-2022-125-03,3,2,KMHCT4AE1DU4,17,498,2773,13,0,55,36,2013,4,1,2,0,1,F,9,1155,5,9999,9,5,50,2,72,1,0,0,995,0,0,0,08205,9,9,2,4,4,1,2,1,1,1,1,2,0,0,1,1,1,2,9,0,1,4,62,99,1,1,4,J,69,0,0,0,0,0,0,0,0,0,0,110,250,0,0,0,1,12,999,999,999,9999999,999,999,999,9,0,0,0,0,0,0,995,9.8,998,998,998,99.8,99.8,99.8,344.1707686,1,7
28055,10,178,1-10-2022-178-09,9,1,1GKEK13Z63J2,17,472,1859,7,0,23,421,2003,15,3,15,0,1,R,1,2190,5,0,1,1,23,2,56,1,0,0,995,0,0,0,45426,9,9,2,4,5,2,2,3,1,1,1,1,0,0,3,1,1,2,9,1,1,1,6,99,4,4,1,A,2,0,0,0,0,0,0,0,0,0,0,998,998,0,0,1,1,1,23,0,-23,65444,998,-102,23,0,1,9,97,0,6,0,998,0.0,30,30,120,1.4,0.7,1.6,2250.328346,4,7
28057,10,180,1-10-2022-180-01,1,1,5XYPG4A36GG0,17,499,2769,7,0,63,402,2016,14,3,14,0,1,F,1,1680,5,0,1,1,24,2,40,1,0,0,995,0,0,0,45449,1,2,2,1,1,1,2,3,3,1,0,0,0,0,1,4,2,2,9,1,14,2,13,99,1,4,1,A,1,0,0,0,0,0,0,0,0,0,0,998,998,0,0,0,2,10,999,999,999,9999999,999,-25,21,2,0,0,0,0,2,0,998,0.0,999,999,999,15.5,0.4,15.5,55.96942458,4,7
28058,10,181,1-10-2022-181-06,6,1,5YFBURHE8EP0,17,448,2208,13,0,49,32,2014,4,1,3,0,1,F,9,1290,5,9999,9,0,998,2,56,1,0,0,995,0,0,0,45404,9,9,2,4,7,4,2,1,1,1,1,2,0,0,3,8,1,2,1,0,11,2,15,99,1,1,4,J,68,0,0,0,0,0,0,0,0,0,0,260,140,0,0,0,1,0,999,999,999,9999999,999,999,999,9,0,9,97,0,8,0,995,9.8,998,998,998,99.8,99.8,99.8,974.525228,4,7
28058,10,181,1-10-2022-181-06,6,2,1C4NJDEB5GD7,17,483,1946,7,0,2,1,2016,6,1,2,0,1,F,2,1479,5,9999,9,4,37,2,56,1,0,0,995,0,0,0,45069,9,9,2,4,6,2,2,1,1,1,1,3,0,0,3,8,1,2,1,0,1,4,62,99,1,1,4,J,69,0,0,0,0,0,0,0,0,0,0,140,260,0,0,0,1,12,999,999,999,9999999,999,999,999,7,0,9,97,0,8,0,995,9.8,998,998,998,99.8,99.8,99.8,974.525228,4,7
28059,23,47,1-23-2022-047-03,3,1,KM8K2CAA7KU3,17,498,22249,7,0,55,404,2019,14,3,14,0,1,F,2,1311,5,0,1,1,39,2,89,1,0,1,0,2,0,1,43301,9,9,0,4,5,1,2,1,1,1,1,3,0,0,1,8,0,0,9,1,1,1,8,99,1,4,1,A,1,0,0,0,0,0,0,0,0,0,0,998,998,0,0,0,1,10,999,999,999,9999999,999,0,37,3,0,1,1,0,3,0,998,0.8,999,120,999,27.7,1.2,27.9,1475.508062,5,7
28060,77,100,1-77-2022-100-02,2,1,KM8K5CA52LU5,17,498,22249,7,0,55,404,2020,14,3,14,0,1,F,2,1477,8,0,1,1,6,2,72,1,0,1,0,2,0,3,22935,9,9,0,4,2,1,2,1,2,4,1,2,0,0,2,1,0,0,1,1,14,6,87,7,1,4,1,B,8,0,0,0,0,0,0,0,0,0,0,998,998,0,1,1,1,1,34,-34,0,70396,998,-17,34,0,4,3,17,1,3,0,998,0.2,24,58,70,12.5,3.5,13.0,90.06596167,9,7
28061,77,101,1-77-2022-101-06,6,1,4UZAC2GA6MCM,17,450,2008,111,0,82,881,2021,60,8,60,0,1,B,9,,,,,,,5,72,1,0,0,995,0,0,0,99999,9,9,0,4,2,1,2,1,2,1,0,2,0,0,1,1,0,0,9,0,5,3,53,1,1,1,2,D,21,,,,,,,,,,,,,,,,,,,,,,,,,,,95,95,95,95,,,9.8,998,998,998,99.8,99.8,99.8,3380.364729,9,7
28061,77,101,1-77-2022-101-06,6,2,4JGDA5HB8EA3,17,449,13819,7,0,42,401,2014,14,3,14,0,1,F,2,2130,5,0,1,1,12,2,72,1,0,0,995,0,0,0,22968,1,2,0,4,2,1,2,1,2,1,0,2,0,0,1,1,0,0,1,0,14,3,50,1,1,1,2,D,20,0,0,0,0,0,0,0,0,0,0,150,150,0,1,0,1,5,999,999,999,9999999,999,999,35,3,0,1,1,0,6,0,995,9.8,998,998,998,99.8,99.8,99.8,3380.364729,9,7
28062,13,125,1-13-2022-125-03,3,1,1FTPW14V88KB,17,460,1801,60,0,12,481,2008,34,5,31,0,1,F,2,2478,5,0,1,1,22,2,97,1,8,0,995,0,7,0,76039,1,9,1,2,3,2,1,1,1,9,3,3,0,0,3,1,0,0,9,0,1,3,51,4,1,1,2,D,24,0,0,0,0,0,0,0,0,0,0,5,0,0,0,0,1,1,35,-35,0,27909,998,0,17,0,1,0,0,0,0,0,995,9.8,998,998,998,99.8,99.8,99.8,2215.42887,7,7
28062,13,125,1-13-2022-125-03,3,2,5N1DR2MN8JC6,17,478,1911,8,0,35,401,2018,14,3,14,0,1,B,3,1939,5,0,1,1,15,2,97,1,8,0,995,0,7,0,76018,3,9,1,2,3,2,1,1,1,9,3,3,0,0,3,1,0,0,1,0,1,3,53,1,1,1,2,D,25,0,0,0,0,0,0,0,0,0,0,0,5,0,0,0,1,1,45,44,8,256738,998,-43,55,0,1,9,97,0,4,0,995,9.8,998,998,998,99.8,99.8,99.8,2215.42887,7,7
28063,13,126,1-13-2022-126-04,4,1,5UX53DP0XP9N,17,452,1719,7,0,34,402,2023,14,3,14,0,1,L,1,1882,8,0,1,1,12,2,72,1,8,0,995,0,7,0,76092,3,9,2,1,5,2,2,1,1,1,1,3,0,0,1,1,1,2,9,0,1,2,17,1,1,1,5,L,89,0,0,0,0,0,0,0,0,0,0,270,0,0,0,0,1,3,9,-6,7,13069,998,-20,13,0,1,0,0,0,0,0,995,9.8,998,998,998,99.8,99.8,99.8,6533.53153,7,7
28063,13,126,1-13-2022-126-04,4,2,JTDKN3DU4E17,17,448,2209,5,0,49,46,2014,5,1,3,0,1,F,1,1460,5,0,1,4,34,2,72,1,8,0,995,0,7,0,75204,1,9,2,1,2,1,2,1,1,1,0,1,0,0,1,1,1,2,9,0,1,4,66,99,1,1,5,L,88,0,0,0,0,0,0,0,0,0,0,0,270,0,0,0,1,3,11,-9,-7,8084,998,-127,8,0,4,99,99,0,0,0,995,9.8,998,998,998,99.8,99.8,99.8,6533.53153,7,7