CASEID,PSU,CASENO,CASENUMBER,CATEGORY,VEHNO,VIN,VINLENGTH,VPICMAKE,VPICMODEL,VPICBODYCLASS,ICFINALBODY,MAKE,MODEL,MODELYR,BODYTYPE,BODYCAT,VEHCLASS,SPECUSE,TRANSTAT,DAMPLANE,DAMSEV,CURBWT,CURBSRC,CARGOWT,CARGOSRC,INSPTYPE,INSPLAG,TOWED,SPEEDLIMIT,DRPRESENT,PARALCOHOL,ALCTEST,ALCTESTRESULT,ALCTESTSRC,PARDRUG,DRUGTEST,ZIP,RACE,ETHNICITY,RELTOJUNCT,TRAFFLOW,RDLANES,INITLANE,SURFTYPE,SURFCOND,ALIGNMENT,PROFILE,LINERIGHT,LINELEFT,RUMBINIT,RUMBROAD,LIGHTCOND,WEATHER,TRAFDEV,TRAFFUNCT,DISTRACT,PREFHE,PREMOVE,CRITCAT,CRITEVENT,MANEUVER,PRESTAB,PRELOC,CRASHCAT,CRASHCONF,CRASHTYPE,ROLLTYPE,ROLLTURN,ROLLINTRPT,ROLLPREMAN,ROLLINITYP,ROLLINLOC,ROLLOBJ,ROLLTRIP,ROLLDIR,ROLLDIST,DVANGTHIS,DVANGOTH,TOWHITCH,TRAJDOC,TREEPOLE,DVEVENT,DVBASIS,DVTOTAL,DVLONG,DVLAT,DVENERGY,DVSPEED,DVMOMENT,DVBES,DVEST,DVCONF,VAIS,VISS,VINJURED,VTREAT,INITOBJCLASS,HEADANGLECAT,SHLDRWIDTH,STRKLENGTH,STRKWIDTH,STRKHEIGHT,EDGEDISTX,EDGEDISTY,EDGEDISTZ,CASEWGT,PSUSTRAT,VERSION
28101,22,40,1-22-2022-040-07,7,1,5N1AZ2MH2FN2,17,478,1914,8,0,35,49,2015,6,1,4,0,1,F,3,1787,5,0,1,1,19,2,97,1,0,0,995,0,0,0,99403,9,9,0,4,3,1,2,1,2,2,1,3,0,0,2,1,0,0,9,0,14,6,87,99,1,1,1,C,13,0,0,0,0,0,0,0,0,0,0,998,998,0,0,0,1,12,999,999,999,9999999,999,999,999,5,0,99,99,0,0,0,998,9.8,998,998,998,99.8,99.8,99.8,432.9378297,12,7
28103,19,167,1-19-2022-167-03,3,1,4T1BZ1FB1KU0,17,448,2465,13,0,49,43,2019,4,1,4,0,1,L,1,1654,5,0,1,1,7,2,40,1,0,0,995,0,0,0,35905,1,2,2,4,2,1,2,1,1,1,0,2,0,0,5,1,1,2,9,0,1,2,17,1,1,1,5,L,89,0,0,0,0,0,0,0,0,0,0,290,20,0,1,0,1,3,12,-6,10,15072,998,-82,13,0,4,1,2,0,4,0,995,0.0,14,34,13,0.0,0.0,0.0,116.4467438,9,7
28103,19,167,1-19-2022-167-03,3,2,3GCEK13C58G3,17,467,1850,60,0,20,481,2008,34,5,31,0,1,F,1,2440,5,9999,9,0,998,2,40,1,0,0,995,0,0,0,35953,1,9,2,4,3,1,2,1,1,1,0,1,0,0,5,1,1,2,9,0,1,4,66,99,1,1,5,L,88,0,0,0,0,0,0,0,0,0,0,20,290,0,0,0,1,3,8,-7,-4,5978,998,-126,6,0,4,0,0,0,4,0,995,9.8,998,998,998,99.8,99.8,99.8,116.4467438,9,7
28104,20,221,1-20-2022-221-03,3,1,5YJXCBE23JF1,17,441,10199,7,0,29,5,2018,14,3,14,0,1,L,3,2390,5,9999,9,4,29,7,72,1,0,0,995,0,0,0,60157,1,9,3,4,2,1,2,1,1,1,0,0,0,0,2,1,0,0,2,0,11,2,15,99,1,1,4,K,82,0,0,0,0,0,0,0,0,0,0,280,55,0,0,0,1,12,999,999,999,9999999,999,999,999,8,0,99,99,0,8,0,995,9.8,998,998,998,99.8,99.8,99.8,126.6490233,11,7
28104,20,221,1-20-2022-221-03,3,2,3GCPCSE03BG4,17,467,1850,60,0,20,481,2011,34,5,31,0,1,F,1,2338,5,9999,9,4,29,7,72,1,0,0,995,0,0,0,95077,9,1,3,5,3,1,2,1,3,1,1,2,0,0,2,1,0,0,1,1,14,4,72,3,1,2,4,K,83,0,0,0,0,0,0,0,0,0,0,55,280,0,0,0,1,12,999,999,999,9999999,999,999,999,6,0,99,99,0,99,0,995,9.8,998,998,998,99.8,99.8,99.8,126.6490233,11,7
28105,20,222,1-20-2022-222-09,9,1,1GTN1TEC4FZ9,17,472,1857,60,0,23,481,2015,34,5,31,0,1,F,1,2127,5,9999,9,0,998,5,89,1,0,0,995,0,0,0,93906,9,9,2,1,2,2,2,1,1,1,1,2,1,0,4,1,1,2,2,0,11,2,15,2,1,1,4,J,68,0,0,0,0,0,0,0,0,0,0,230,90,0,0,0,2,3,4,-4,1,2387,998,64,5,0,4,95,95,95,95,0,995,9.8,998,998,998,99.8,99.8,99.8,672.1465244,11,7
28105,20,222,1-20-2022-222-09,9,2,1NXBR32E84Z3,17,448,2208,13,0,49,32,2004,4,1,2,0,1,L,1,1135,5,0,1,1,17,7,89,1,0,0,995,0,0,0,93933,1,9,2,4,3,1,2,1,1,1,1,1,0,0,4,1,1,2,1,0,1,4,62,8,1,1,4,J,69,0,0,0,0,0,0,0,0,0,0,90,230,0,0,0,2,3,8,-4,7,5644,998,-140,8,0,4,9,97,0,0,0,995,9.8,998,998,998,99.8,99.8,99.8,672.1465244,11,7
28107,20,224,1-20-2022-224-05,5,1,999999999999,99,474,1861,13,0,37,32,2014,4,1,4,0,1,T,2,9999,9,9999,9,4,30,2,89,1,0,9,998,8,9,9,93960,9,1,0,4,2,1,2,1,3,1,1,2,0,0,1,1,0,0,9,1,14,2,12,8,3,6,6,M,98,1,4,2,4,1,4,61,1,2,30,997,997,0,0,0,1,6,999,999,999,9999999,999,999,999,7,0,1,1,0,8,3,997,9.8,998,998,998,99.8,99.8,99.8,36.55171549,11,7
28108,27,92,1-27-2022-092-03,3,1,1C4PJMDN6MD1,17,483,1945,7,0,2,404,2021,14,3,14,0,1,F,3,1797,5,0,1,1,24,2,48,1,0,0,995,0,0,0,01247,1,2,2,4,2,1,2,5,1,4,1,2,0,0,3,8,1,2,1,1,1,1,6,4,2,4,1,A,2,0,0,0,0,0,0,0,0,0,0,998,998,0,1,0,1,98,999,999,999,9999999,999,999,999,8,0,1,1,0,4,0,998,1.1,15,120,85,10.8,2.0,11.0,110.0906538,3,7
28109,30,108,1-30-2022-108-07,7,1,5NPD74LF2HH1,17,498,2735,13,0,55,35,2017,4,1,3,0,1,F,1,1275,5,9999,9,4,57,2,105,1,0,0,995,0,0,0,85050,1,2,1,3,1,1,1,1,2,1,1,1,0,0,1,1,3,2,3,0,10,3,50,1,1,1,2,D,20,0,0,0,0,0,0,0,0,0,0,250,250,0,0,0,1,5,999,999,999,9999999,999,999,999,6,0,0,0,0,0,0,995,9.8,998,998,998,99.8,99.8,99.8,3455.639737,10,7
28109,30,108,1-30-2022-108-07,7,2,1GT49WEY1LF2,17,472,1857,60,0,23,880,2020,67,8,60,0,1,B,9,,,,,,,5,105,1,0,0,995,0,0,0,85021,9,9,1,3,1,1,1,1,2,1,1,1,0,0,1,1,3,2,1,0,10,3,53,1,1,1,2,D,23,,,,,,,,,,,,,,,,,,,,,,,,,,,95,95,95,95,,,9.8,998,998,998,99.8,99.8,99.8,3455.639737,10,7
28110,30,109,1-30-2022-109-04,4,1,5NPDH4AE9FH6,17,498,2735,13,0,55,35,2015,4,1,3,0,1,F,9,1305,5,9999,9,0,998,2,105,1,0,0,995,0,0,0,85326,9,9,0,2,6,3,2,1,1,1,3,3,0,0,3,1,0,0,1,0,1,6,90,1,1,1,1,C,12,0,0,0,0,0,0,0,0,0,0,998,998,0,0,0,1,0,999,999,999,9999999,999,999,999,9,0,0,0,0,0,0,998,9.8,998,998,998,99.8,99.8,99.8,1554.55834,10,7
28110,30,109,1-30-2022-109-04,4,2,19XFB2E58FE0,17,474,1863,13,0,37,31,2015,4,1,3,0,1,F,9,1258,5,9999,9,0,998,5,105,1,0,0,995,0,0,0,85387,9,9,0,2,6,3,2,1,1,1,3,3,0,0,3,1,0,0,1,0,1,6,90,1,1,1,6,M,98,0,0,0,0,0,0,0,0,0,0,998,998,0,0,0,2,0,999,999,999,9999999,999,999,999,9,0,95,95,95,95,0,998,9.8,998,998,998,99.8,99.8,99.8,1554.55834,10,7
28110,30,109,1-30-2022-109-04,4,3,KM8J33A40JU6,17,498,2058,7,0,55,402,2018,14,3,14,0,1,F,2,1560,5,0,1,1,53,2,105,1,0,0,995,0,0,0,85338,9,9,0,2,6,4,2,1,1,1,3,3,0,0,3,1,0,0,1,0,1,6,90,1,1,1,6,M,98,0,0,0,0,0,0,0,0,0,0,998,998,0,0,0,3,10,999,999,999,9999999,999,34,35,3,0,0,0,0,0,0,998,9.8,998,998,998,99.8,99.8,99.8,1554.55834,10,7
28110,30,109,1-30-2022-109-04,4,4,1GYS4CEF8DR1,17,469,1843,7,0,19,421,2013,15,3,15,0,1,L,9,2581,5,9999,9,0,998,5,105,1,0,0,995,0,0,0,85326,9,9,0,2,6,3,2,1,1,1,3,3,0,0,3,1,0,0,1,0,1,6,90,1,1,1,6,M,98,0,0,0,0,0,0,0,0,0,0,998,998,0,0,0,4,0,999,999,999,9999999,999,999,999,9,0,95,95,95,95,0,998,9.8,998,998,998,99.8,99.8,99.8,1554.55834,10,7
28111,59,102,1-59-2022-102-08,8,1,19UUA56631A0,17,475,1873,13,0,54,35,2001,4,1,3,0,1,R,1,1570,5,0,1,1,4,2,48,1,0,0,995,0,0,0,47804,9,9,0,3,2,1,2,1,1,1,0,3,0,0,3,1,0,0,9,1,1,2,13,99,1,4,1,C,11,0,0,0,0,0,0,0,0,0,0,5,5,0,0,0,1,98,999,999,999,9999999,999,999,999,6,0,2,4,0,3,0,995,9.8,998,998,998,99.8,99.8,99.8,68.46901707,6,7
28111,59,102,1-59-2022-102-08,8,2,4T1BG22K31U8,17,448,2469,13,0,49,40,2001,4,1,3,0,2,L,1,1345,5,9999,9,4,4,,,,,,,,,,,,,,,,,,,,,,,,,,,,,,,,,,,,,,,,,,,,,,,,,,,,,,,,,,,,,,,,,,95,95,95,95,,,,,,,,,,68.46901707,6,7
28112,19,166,1-19-2022-166-04,4,1,5YFEPMAEXNP3,17,448,2208,13,0,49,32,2022,4,1,3,0,1,F,3,1315,5,0,4,1,5,2,72,1,0,0,995,0,0,0,35980,1,9,0,4,2,1,2,2,2,4,1,2,0,0,2,2,0,0,3,1,14,2,12,5,2,4,1,B,6,0,0,0,0,0,0,0,0,0,0,998,998,0,1,0,2,98,999,999,999,9999999,999,999,999,8,0,0,0,0,0,0,998,0.3,66,66,120,32.2,7.6,32.9,457.2167575,9,7
28113,15,83,1-15-2022-083-08,8,1,JTKDE177X601,17,448,2207,5,0,49,50,2006,3,1,3,0,1,F,9,1318,8,9999,9,0,998,2,48,1,8,1,0,2,7,2,11542,1,9,0,4,2,1,2,1,1,2,1,2,0,0,1,1,0,0,9,1,1,1,3,99,9,4,1,B,7,0,0,0,0,0,0,0,0,0,0,998,998,0,0,0,1,0,999,999,999,9999999,999,999,999,9,0,2,5,0,3,0,998,1.0,46,30,60,3.7,1.7,4.1,63.80216721,1,7
28114,15,84,1-15-2022-084-09,9,1,1C4RJFBG1KC5,17,483,1949,7,0,2,422,2019,15,3,15,0,1,F,1,2211,5,9999,9,0,998,5,48,1,8,9,998,8,7,9,11756,9,9,2,4,2,1,2,2,1,1,0,0,0,0,1,2,2,2,9,0,1,4,66,99,9,9,5,L,86,0,0,0,0,0,0,0,0,0,0,20,110,0,0,0,1,3,10,-9,2,7312,998,17,9,0,4,95,95,95,95,0,995,9.8,998,998,998,99.8,99.8,99.8,201.4188441,1,7
28114,15,84,1-15-2022-084-09,9,2,1GKET12P0461,17,472,4507,7,0,23,401,2004,14,3,14,0,1,R,1,2243,5,0,1,1,28,2,48,1,8,9,998,8,7,9,11756,9,9,2,4,2,1,2,2,1,1,0,0,0,0,1,2,2,2,9,0,1,2,17,99,9,9,5,L,87,0,0,0,0,0,0,0,0,0,0,110,20,0,0,0,1,3,10,-2,-9,13477,998,-115,10,0,4,0,0,0,0,0,995,9.8,998,998,998,99.8,99.8,99.8,201.4188441,1,7
28116,52,166,1-52-2022-166-10,10,1,1HGCM66523A0,17,474,1861,13,0,37,32,2003,4,1,3,0,1,F,9,1504,5,9999,9,0,998,2,105,1,0,0,995,0,0,0,59044,9,9,0,2,2,1,2,5,1,1,1,3,2,2,1,8,0,0,9,0,1,3,52,99,9,1,2,D,28,0,0,0,0,0,0,0,0,0,0,90,90,0,0,0,1,0,999,999,999,9999999,999,999,999,9,0,99,99,0,99,0,995,9.8,998,998,998,99.8,99.8,99.8,2610.228905,12,7
28116,52,166,1-52-2022-166-10,10,2,5LMJJ3LT8KEL,17,464,25741,7,0,13,421,2019,15,3,15,0,1,B,9,2747,5,9999,9,0,998,5,105,1,0,0,995,0,0,0,59014,9,9,0,2,2,1,2,5,1,1,1,3,2,2,1,8,0,0,9,0,1,3,53,99,9,1,2,D,29,0,0,0,0,0,0,0,0,0,0,90,90,0,0,0,1,0,999,999,999,9999999,999,999,999,9,0,95,95,95,95,0,995,9.8,998,998,998,99.8,99.8,99.8,2610.228905,12,7
28118,52,168,1-52-2022-168-01,1,1,3C6UR5LL6GG1,17,496,13621,60,0,7,482,2016,34,5,31,0,1,F,1,3226,8,2041,1,1,163,2,105,1,0,1,0,1,9,1,59102,9,1,0,2,2,1,2,1,1,1,1,3,2,3,1,1,8,9,9,1,1,3,52,4,1,2,2,D,28,0,0,0,0,0,0,0,0,0,0,85,90,1,0,0,7,5,999,999,999,9999999,999,999,999,2,0,1,2,0,4,0,995,9.8,998,998,998,99.8,99.8,99.8,23.53547869,12,7
28118,52,168,1-52-2022-168-01,1,2,1G1JH12F5272,17,467,8834,3,0,20,16,2002,2,1,2,0,1,B,3,1247,5,0,1,1,163,2,105,1,0,1,0,1,0,1,59105,1,9,0,2,2,2,2,1,1,1,3,2,1,3,1,1,5,9,9,0,2,3,53,99,1,1,2,D,29,0,0,0,0,0,0,0,0,0,0,85,90,0,0,0,1,5,999,999,999,9999999,999,999,79,5,0,9,0,0,1,0,995,1.4,120,5,80,7.3,3.4,8.0,23.53547869,12,7
28118,52,168,1-52-2022-168-01,1,3,1FMFU18L14LA,17,460,1799,7,0,12,422,2004,15,3,15,0,1,B,1,2579,5,9999,9,1,163,2,105,1,0,0,995,0,0,0,59101,9,9,0,2,2,2,2,1,1,1,3,2,1,3,1,1,5,9,9,0,2,3,53,99,1,1,6,M,98,0,0,0,0,0,0,0,0,0,0,90,10,0,0,0,3,3,10,10,-2,10766,998,90,9,0,4,1,1,0,99,0,995,9.8,998,998,998,99.8,99.8,99.8,23.53547869,12,7
28118,52,168,1-52-2022-168-01,1,4,1XKZP40X0NJ4,17,532,2734,66,0,85,881,2022,66,8,68,0,1,B,9,,,,,,,5,105,1,0,1,0,1,0,1,59022,9,9,0,2,2,2,2,1,1,1,3,2,1,3,1,1,5,9,9,0,2,3,53,99,1,1,6,M,98,,,,,,,,,,,,,,,,,,,,,,,,,,,95,95,95,95,,,9.8,998,998,998,99.8,99.8,99.8,23.53547869,12,7
28119,52,169,1-52-2022-169-05,5,1,3C4PDDBG9ET3,17,476,1939,7,0,7,27,2014,6,1,4,0,1,F,3,1926,5,0,1,1,28,2,105,1,1,1,257,1,1,3,59015,1,1,0,4,2,1,2,1,3,1,1,2,2,3,2,8,0,0,9,1,6,2,10,8,1,2,3,G,50,1,2,2,2,1,3,61,1,1,10,0,190,0,1,0,1,8,999,999,999,9999999,999,999,999,8,0,3,14,1,3,3,995,9.8,998,998,998,99.8,99.8,99.8,14.47240725,12,7
28119,52,169,1-52-2022-169-05,5,2,JHLRD78823C0,17,474,1865,7,0,37,402,2003,14,3,14,0,1,F,9,1480,5,9999,9,0,998,2,105,1,0,0,995,0,0,0,59002,9,9,0,4,2,1,2,1,2,1,1,2,2,3,2,8,0,0,9,1,14,4,62,8,9,2,3,G,51,0,0,0,0,0,0,0,0,0,0,190,0,0,0,0,1,0,999,999,999,9999999,999,999,999,9,0,1,1,0,99,0,995,9.8,998,998,998,99.8,99.8,99.8,14.47240725,12,7
28120,11,92,1-11-2022-092-10,10,1,5FNRL3H73AB1,17,474,1869,2,0,37,441,2010,20,4,20,8,1,F,9,2062,5,9999,9,0,998,2,72,1,0,0,995,0,0,0,23832,9,9,0,4,2,1,2,1,1,9,1,2,0,0,1,1,0,0,3,1,1,2,13,99,1,4,1,A,1,0,0,0,0,0,0,0,0,0,0,998,998,0,0,0,2,0,999,999,999,9999999,999,999,999,9,0,0,0,0,0,0,998,0.0,10,10,999,12.3,0.9,12.2,13563.46467,8,7
28121,52,170,1-52-2022-170-10,10,1,JHMES16555S0,17,474,1863,13,0,37,31,2005,4,1,2,0,1,N,9,1134,5,0,1,1,26,3,105,1,0,0,995,0,0,0,59037,9,9,0,2,2,1,2,1,1,1,1,3,2,3,1,8,0,0,9,0,1,1,3,99,1,1,6,M,0,0,0,0,0,0,0,0,0,0,0,997,997,0,0,0,,,,,,,,,,,0,0,0,0,0,0,997,9.8,998,998,998,99.8,99.8,99.8,2610.228905,12,7
28122,10,182,1-10-2022-182-06,6,1,1G1JC6SB7G41,17,467,1835,5,0,20,28,2016,5,1,1,0,1,F,1,1230,5,0,1,1,35,2,56,1,0,8,997,8,0,3,45401,9,9,1,1,3,3,2,3,1,1,3,0,0,0,3,4,0,0,3,1,1,1,6,99,2,4,1,B,7,0,0,0,0,0,0,0,0,0,0,998,998,0,0,1,1,12,999,999,999,9999999,999,999,999,6,0,99,99,0,8,0,998,0.0,20,20,100,13.7,2.0,13.9,974.5252282,4,7
28124,20,225,1-20-2022-225-04,4,1,5YJYGDEE0MF1,17,441,27027,7,0,29,5,2021,14,3,14,0,1,F,1,2003,5,0,1,1,26,2,89,1,0,0,995,0,0,0,93923,1,2,0,4,2,1,2,1,3,2,1,2,1,0,2,8,6,2,2,1,14,2,13,3,1,4,1,A,1,0,0,0,0,0,0,0,0,0,0,998,998,0,0,0,1,12,999,999,999,9999999,999,999,999,6,0,0,0,0,0,0,998,3.4,120,112,98,22.3,1.5,22.4,632.8507806,11,7
28129,77,102,1-77-2022-102-04,4,1,JM3KFBBM3K15,17,473,2369,7,0,41,403,2019,14,3,14,0,1,R,1,1602,5,0,1,1,14,2,72,1,0,0,995,0,0,0,22901,9,9,2,1,6,5,2,1,1,4,1,2,0,0,1,1,1,2,1,1,1,2,11,99,1,1,2,F,44,0,0,0,0,0,0,0,0,0,0,50,55,0,0,0,1,8,999,999,999,9999999,999,999,999,6,0,0,0,0,0,0,995,9.8,998,998,998,99.8,99.8,99.8,208.0395143,9,7
28129,77,102,1-77-2022-102-04,4,2,JTDKN3DU1A00,17,448,2209,5,0,49,46,2010,5,1,3,0,1,B,9,1380,5,9999,9,0,998,5,72,1,0,0,995,0,0,0,22973,9,9,2,1,6,4,2,1,1,4,1,1,0,0,1,1,1,2,1,0,1,4,60,1,1,1,2,F,45,0,0,0,0,0,0,0,0,0,0,55,50,0,0,0,1,0,999,999,999,9999999,999,999,999,9,0,95,95,95,95,0,995,9.8,998,998,998,99.8,99.8,99.8,208.0395143,9,7
28133,59,103,1-59-2022-103-09,9,1,1G1JC5245274,17,467,8834,13,0,20,16,2002,4,1,2,0,1,T,3,1214,5,0,1,1,14,2,72,1,0,1,0,2,0,2,47834,1,9,2,4,5,99,2,2,1,4,9,9,0,0,1,8,1,2,3,1,1,2,12,1,1,4,1,B,6,0,0,0,0,0,0,0,0,0,0,996,996,0,1,0,3,5,999,999,999,9999999,999,999,999,8,0,2,5,0,4,0,996,0.0,999,999,999,2.1,1.0,2.4,53.00268667,6,7
28133,59,103,1-59-2022-103-09,9,2,1HGCR2F54EA2,17,474,1861,13,0,37,32,2014,4,1,4,0,1,9,9,1496,5,9999,9,0,998,5,64,1,0,0,995,0,0,0,47805,9,9,2,4,2,1,2,2,1,1,0,2,0,0,1,8,1,2,1,0,5,4,78,1,1,1,6,M,98,0,0,0,0,0,0,0,0,0,0,180,80,0,0,0,2,0,999,999,999,9999999,999,999,999,9,0,95,95,95,95,0,995,9.8,998,998,998,99.8,99.8,99.8,53.00268667,6,7
28133,59,103,1-59-2022-103-09,9,3,3AKJHHDR2MSM,17,450,2501,66,0,82,881,2021,66,8,68,0,1,U,9,,,,,,,5,64,1,0,0,995,0,0,0,34759,9,9,2,4,2,1,2,2,1,1,0,2,0,0,1,8,1,2,1,0,1,4,73,1,1,1,6,M,98,,,,,,,,,,,,,,,,,,,,,,,,,,,95,95,95,95,,,9.8,998,998,998,99.8,99.8,99.8,53.00268667,6,7
28134,59,104,1-59-2022-104-07,7,1,1FMCU0F73DUB,17,460,1798,7,0,12,402,2013,14,3,14,0,1,T,3,1588,5,0,1,1,10,2,80,1,0,0,995,0,0,0,47802,9,9,0,4,2,1,2,2,1,1,0,2,0,0,2,2,0,0,9,0,1,6,92,99,1,1,6,M,98,0,0,0,0,0,0,0,0,0,0,996,996,0,1,0,1,7,999,999,999,9999999,999,999,999,8,0,0,0,0,0,0,996,9.8,998,998,998,99.8,99.8,99.8,68.51201695,6,7
28136,19,168,1-19-2022-168-03,3,1,5TDYZRFH7KS3,17,448,2213,7,0,49,403,2019,14,3,14,0,1,F,1,1965,5,0,1,1,11,2,89,1,0,0,995,0,0,0,35960,1,2,2,4,2,1,2,1,1,1,1,2,0,0,1,8,2,2,2,0,1,2,17,98,1,1,5,L,88,0,0,0,0,0,0,0,0,0,0,140,50,0,0,0,1,1,21,-16,-13,67052,998,-140,21,0,1,1,1,0,4,0,995,9.8,998,998,998,99.8,99.8,99.8,51.80616432,9,7
28136,19,168,1-19-2022-168-03,3,2,1FTFW1ET6DKE,17,460,1801,60,0,12,481,2013,34,5,31,0,1,L,1,2522,5,0,4,1,11,2,105,1,0,0,995,0,0,0,35961,1,2,2,1,3,1,2,1,3,1,1,3,0,0,1,8,0,0,1,0,14,4,66,4,2,1,5,L,89,1,2,2,2,1,4,61,1,1,7,50,140,0,1,0,1,1,15,-10,12,24569,998,-44,15,0,1,1,2,0,6,3,995,9.8,998,998,998,99.8,99.8,99.8,51.80616432,9,7
28137,19,169,1-19-2022-169-10,10,1,JTEGD21A7400,17,448,2213,7,0,49,403,2004,14,3,14,0,1,F,1,1580,5,0,1,1,16,2,72,1,0,0,995,0,0,0,36207,1,9,2,4,2,1,2,1,1,1,1,2,2,3,1,1,0,0,1,0,1,6,90,99,1,1,1,C,12,0,0,0,0,0,0,0,0,0,0,998,998,0,0,0,1,10,999,999,999,9999999,999,-55,13,2,0,0,0,0,0,0,998,9.8,998,998,998,99.8,99.8,99.8,82.24698505,9,7
28138,19,170,1-19-2022-170-10,10,1,1N6BA07B45N5,17,478,1920,60,0,35,473,2005,34,5,31,0,1,F,1,2405,5,9999,9,4,28,2,40,1,0,0,995,0,0,0,35907,7,9,2,4,2,1,2,1,1,1,0,0,0,0,1,1,2,2,2,0,11,2,15,99,1,1,4,K,82,0,0,0,0,0,0,0,0,0,0,130,270,0,0,0,1,3,12,-11,4,16923,998,21,13,0,4,0,0,0,0,0,995,9.8,998,998,998,99.8,99.8,99.8,82.24698505,9,7
28138,19,170,1-19-2022-170-10,10,2,1MEFM55S1YA6,17,465,2365,13,0,14,17,2000,4,1,3,0,1,F,1,1515,5,0,1,1,14,2,40,1,0,0,995,0,0,0,35907,1,9,2,4,2,1,2,1,1,1,0,2,0,0,1,1,0,0,9,0,1,4,67,99,1,1,4,K,83,0,0,0,0,0,0,0,0,0,0,270,130,0,0,0,1,3,18,-17,-6,20479,998,-67,16,0,4,0,0,0,0,0,995,9.8,998,998,998,99.8,99.8,99.8,82.24698505,9,7
28140,48,43,1-48-2022-043-06,6,1,1G1PE5SB1F72,17,467,1832,13,0,20,25,2015,4,1,3,0,1,F,1,1399,5,0,1,1,13,2,40,1,0,0,995,0,0,0,84302,9,9,0,4,3,1,2,2,1,2,0,2,0,0,1,2,0,0,9,1,1,2,11,1,1,4,1,C,11,0,0,0,0,0,0,0,0,0,0,350,350,0,1,0,1,98,999,999,999,9999999,999,999,999,6,0,9,97,0,0,0,995,9.8,998,998,998,99.8,99.8,99.8,122.0658587,12,7
28140,48,43,1-48-2022-043-06,6,2,1G8ZF1288VZ2,17,1056,8993,3,0,24,2,1997,2,1,2,0,2,B,9,1050,5,9999,9,0,998,,,,,,,,,,,,,,,,,,,,,,,,,,,,,,,,,,,,,,,,,,,,,,,,,,,,,,,,,,,,,,,,,,95,95,95,95,,,,,,,,,,122.0658587,12,7
28141,17,130,1-17-2022-130-07,7,1,1GNALDEK6DZ1,17,467,1847,7,0,20,404,2013,14,3,14,0,1,F,1,1706,5,0,2,1,13,3,48,1,0,0,995,0,0,0,61244,1,2,2,4,5,1,2,1,1,1,0,3,0,0,3,1,1,2,3,0,1,5,80,2,1,1,1,C,13,0,0,0,0,0,0,0,0,0,0,998,998,0,0,0,1,98,999,999,999,9999999,999,999,999,6,0,0,0,0,0,0,998,9.8,998,998,998,99.8,99.8,99.8,93.87876568,4,7
28142,17,131,1-17-2022-131-10,10,1,1G1ZB5E16BF3,17,467,1834,13,0,20,37,2011,4,1,4,0,1,F,1,1549,5,0,1,1,19,2,48,1,9,0,995,0,9,0,52803,1,2,2,4,3,1,2,1,1,1,1,1,0,0,3,1,1,2,1,0,1,3,52,3,1,1,2,D,28,0,0,0,0,0,0,0,0,0,0,285,285,0,0,0,1,3,22,-22,0,25763,998,0,20,0,4,0,0,0,0,0,995,9.8,998,998,998,99.8,99.8,99.8,61.60897965,4,7
28142,17,131,1-17-2022-131-10,10,2,2FMDK3GC7BBB,17,460,1797,7,0,12,24,2011,6,1,4,0,1,B,1,1852,5,9999,9,0,998,5,48,1,9,0,995,0,9,0,61201,9,9,2,4,3,1,2,1,1,1,1,1,0,0,3,1,1,2,9,0,2,3,53,99,1,1,2,D,29,0,0,0,0,0,0,0,0,0,0,285,285,0,0,0,1,3,20,20,0,34462,998,0,22,0,4,95,95,95,95,0,995,9.8,998,998,998,99.8,99.8,99.8,61.60897965,4,7
28145,11,93,1-11-2022-093-01,1,1,3KPA24AD5ME4,17,499,2299,13,0,63,32,2021,4,1,2,0,1,F,2,1156,5,9999,9,5,18,2,72,1,0,1,0,2,9,2,23225,2,9,2,4,2,1,2,1,1,1,1,2,0,0,2,98,2,2,1,1,1,2,10,99,1,6,3,G,50,0,0,0,0,0,0,0,0,0,0,295,105,0,0,0,1,3,35,-35,0,42505,998,0,29,0,4,3,9,1,1,0,995,9.8,998,998,998,99.8,99.8,99.8,224.5288928,8,7
28145,11,93,1-11-2022-093-01,1,2,3GCRKSEAXAG1,17,467,1850,60,0,20,481,2010,34,5,31,0,1,F,1,2397,5,9999,9,1,19,2,72,1,0,0,995,0,0,0,23112,9,9,2,4,2,1,2,1,3,1,1,2,0,0,2,98,0,0,1,0,14,4,64,2,1,1,3,G,51,0,0,0,0,0,0,0,0,0,0,105,295,0,0,0,1,3,19,-18,-3,57314,998,-59,23,0,4,99,99,0,99,0,995,9.8,998,998,998,99.8,99.8,99.8,224.5288928,8,7
28146,11,94,1-11-2022-094-01,1,1,KMHD74LF9LU9,17,498,2735,13,0,55,35,2020,4,1,3,0,1,F,3,1280,5,0,1,1,51,2,97,1,9,1,0,2,9,2,23237,2,9,1,2,4,3,2,1,2,9,3,3,0,0,1,1,6,2,1,1,14,2,13,99,1,4,1,A,1,0,0,0,0,0,0,0,0,0,0,998,998,0,0,0,1,1,66,-66,0,262746,998,0,66,0,1,5,59,3,1,0,998,0.0,120,999,999,0.0,0.0,0.0,224.5288928,8,7