CASEID,PSU,CASENO,CASENUMBER,CATEGORY,VEHNO,VIN,VINLENGTH,VPICMAKE,VPICMODEL,VPICBODYCLASS,ICFINALBODY,MAKE,MODEL,MODELYR,BODYTYPE,BODYCAT,VEHCLASS,SPECUSE,TRANSTAT,DAMPLANE,DAMSEV,CURBWT,CURBSRC,CARGOWT,CARGOSRC,INSPTYPE,INSPLAG,TOWED,SPEEDLIMIT,DRPRESENT,PARALCOHOL,ALCTEST,ALCTESTRESULT,ALCTESTSRC,PARDRUG,DRUGTEST,ZIP,RACE,ETHNICITY,RELTOJUNCT,TRAFFLOW,RDLANES,INITLANE,SURFTYPE,SURFCOND,ALIGNMENT,PROFILE,LINERIGHT,LINELEFT,RUMBINIT,RUMBROAD,LIGHTCOND,WEATHER,TRAFDEV,TRAFFUNCT,DISTRACT,PREFHE,PREMOVE,CRITCAT,CRITEVENT,MANEUVER,PRESTAB,PRELOC,CRASHCAT,CRASHCONF,CRASHTYPE,ROLLTYPE,ROLLTURN,ROLLINTRPT,ROLLPREMAN,ROLLINITYP,ROLLINLOC,ROLLOBJ,ROLLTRIP,ROLLDIR,ROLLDIST,DVANGTHIS,DVANGOTH,TOWHITCH,TRAJDOC,TREEPOLE,DVEVENT,DVBASIS,DVTOTAL,DVLONG,DVLAT,DVENERGY,DVSPEED,DVMOMENT,DVBES,DVEST,DVCONF,VAIS,VISS,VINJURED,VTREAT,INITOBJCLASS,HEADANGLECAT,SHLDRWIDTH,STRKLENGTH,STRKWIDTH,STRKHEIGHT,EDGEDISTX,EDGEDISTY,EDGEDISTZ,CASEWGT,PSUSTRAT,VERSION
28148,24,128,1-24-2022-128-04,4,1,5FNRL38416B0,17,474,1869,2,0,37,441,2006,20,4,20,0,1,R,1,2062,5,0,1,1,11,2,64,1,0,0,995,0,0,0,08037,9,9,2,4,4,2,2,1,1,1,1,2,0,0,3,1,1,2,9,0,11,2,15,1,1,1,4,J,68,0,0,0,0,0,0,0,0,0,0,280,120,0,0,0,1,1,11,-10,-2,13103,998,94,10,0,1,0,0,0,0,0,995,9.8,998,998,998,99.8,99.8,99.8,1253.399166,1,7
28148,24,128,1-24-2022-128-04,4,2,58ABZ1B16KU0,17,515,2475,13,0,59,31,2019,4,1,4,0,1,F,1,1655,5,0,1,1,11,2,64,1,0,0,995,0,0,0,08037,1,2,2,4,4,2,2,1,1,1,2,3,0,0,3,1,1,2,1,0,1,4,62,3,1,1,4,J,69,0,0,0,0,0,0,0,0,0,0,120,280,0,0,0,1,1,16,-15,3,21379,998,63,16,0,1,0,0,0,0,0,995,9.8,998,998,998,99.8,99.8,99.8,1253.399166,1,7
28150,52,171,1-52-2022-171-06,6,1,5NPEU46C69H4,17,498,2459,13,0,55,33,2009,4,1,3,0,1,F,1,1569,5,9999,9,0,998,2,56,1,0,0,995,0,0,0,59106,9,9,2,4,4,1,2,3,1,1,0,1,0,0,1,1,1,2,9,0,1,3,51,99,9,1,2,D,24,0,0,0,0,0,0,0,0,0,0,90,90,0,0,0,1,3,16,-16,0,18848,998,0,17,0,4,9,97,0,99,0,995,9.8,998,998,998,99.8,99.8,99.8,34.41756658,12,7
28150,52,171,1-52-2022-171-06,6,2,KL4CJGSB5EB7,17,468,1842,7,0,18,404,2014,14,3,14,0,1,B,1,1501,5,0,1,1,27,2,56,1,0,0,995,0,0,0,59106,1,2,2,4,4,1,2,3,1,1,0,1,0,0,1,1,1,2,1,0,1,3,53,1,1,1,2,D,25,0,0,0,0,0,0,0,0,0,0,90,90,0,0,0,1,3,18,18,0,19021,998,32,17,0,4,0,0,0,0,0,995,9.8,998,998,998,99.8,99.8,99.8,34.41756658,12,7
28151,52,172,1-52-2022-172-04,4,1,1N4BA41E24C8,17,478,2302,13,0,35,39,2004,4,1,4,0,1,F,2,1571,5,0,1,1,15,2,56,1,0,9,998,8,1,9,59101,9,9,0,5,3,1,2,2,1,1,1,2,0,0,1,1,0,0,9,1,6,2,10,99,1,2,3,G,50,0,0,0,0,0,0,0,0,0,0,175,0,0,0,0,1,8,999,999,999,9999999,999,999,999,7,0,99,99,0,99,0,995,9.8,998,998,998,99.8,99.8,99.8,61.73631165,12,7
28151,52,172,1-52-2022-172-04,4,2,1FTEW1E4XLKD,17,460,1801,60,0,12,481,2020,34,5,31,0,1,F,2,2130,5,272,1,1,15,2,56,1,0,0,995,0,0,0,59102,5,2,0,5,3,1,2,2,1,1,1,2,0,0,1,1,0,0,1,0,1,4,62,8,1,1,3,G,51,0,0,0,0,0,0,0,0,0,0,0,175,0,0,0,1,8,999,999,999,9999999,999,999,999,7,0,0,0,0,0,0,995,9.8,998,998,998,99.8,99.8,99.8,61.73631165,12,7
28152,52,173,1-52-2022-173-04,4,1,2HKYF18504H5,17,474,1864,7,0,37,421,2004,15,3,15,0,1,R,1,2007,5,9999,9,4,18,2,72,1,1,8,997,8,0,9,59088,9,9,2,5,3,2,2,2,1,1,4,4,0,3,2,1,0,0,9,0,11,2,15,99,1,1,4,J,68,0,0,0,0,0,0,0,0,0,0,125,345,0,0,0,1,3,23,-12,-20,63469,998,61,25,0,4,2,5,0,4,0,995,9.8,998,998,998,99.8,99.8,99.8,61.73631165,12,7
28152,52,173,1-52-2022-173-04,4,2,1FTEW1E40LKF,17,460,1801,60,0,12,481,2020,34,5,31,0,1,F,1,2130,5,0,1,1,15,2,72,1,0,0,995,0,0,0,59102,9,9,2,5,3,1,2,2,1,1,1,2,2,3,2,1,0,0,9,0,1,4,62,3,9,1,4,J,69,0,0,0,0,0,0,0,0,0,0,345,125,0,0,0,1,3,23,-22,-8,38512,998,-39,21,0,4,0,0,0,0,0,995,9.8,998,998,998,99.8,99.8,99.8,61.73631165,12,7
28157,25,119,1-25-2022-119-03,3,1,1C4HJXDG0KW6,17,483,1943,7,0,2,403,2019,14,3,14,0,1,F,1,1890,5,0,1,1,36,2,56,1,0,0,995,0,0,0,04107,9,9,2,1,3,2,2,1,1,1,1,1,0,0,1,1,1,2,1,0,11,4,66,3,1,1,4,K,82,0,0,0,0,0,0,0,0,0,0,80,190,0,0,0,1,3,23,-18,15,73515,998,83,26,0,4,0,0,0,0,0,995,9.8,998,998,998,99.8,99.8,99.8,153.6863431,2,7
28157,25,119,1-25-2022-119-03,3,2,KL79MNSL0MB0,17,467,4548,7,0,20,498,2021,14,3,14,0,1,F,2,1463,5,0,1,1,46,2,56,1,8,0,995,0,7,0,04074,9,9,2,1,5,3,2,1,1,1,1,1,0,0,1,1,1,2,2,0,1,2,17,99,1,1,4,K,83,0,0,0,0,0,0,0,0,0,0,190,80,0,0,0,1,3,31,-27,-15,73757,998,-98,28,0,4,1,1,0,3,0,995,0.0,999,999,999,0.0,0.0,0.0,153.6863431,2,7
28158,25,120,1-25-2022-120-05,5,1,1GTW7FCF0F19,17,472,1856,95,0,23,461,2015,21,4,21,0,1,F,9,2497,5,9999,9,0,998,5,56,1,0,0,995,0,0,0,04002,9,9,2,1,5,2,2,1,1,1,1,1,0,0,1,1,1,2,1,0,1,2,17,99,1,1,5,L,88,0,0,0,0,0,0,0,0,0,0,170,80,0,0,0,1,0,999,999,999,9999999,999,999,999,9,0,95,95,95,95,0,995,9.8,998,998,998,99.8,99.8,99.8,68.90763166,2,7
28158,25,120,1-25-2022-120-05,5,2,2T2BK1BA6FC3,17,515,2214,7,0,59,403,2015,14,3,14,0,1,L,9,1970,5,0,1,4,12,2,56,1,0,1,0,2,0,2,04074,9,9,2,1,4,2,2,1,1,1,1,1,0,0,1,1,1,2,1,0,1,4,62,99,1,1,5,L,89,0,0,0,0,0,0,0,0,0,0,80,170,0,0,0,1,12,999,999,999,9999999,999,999,999,9,0,3,13,1,3,0,995,9.8,998,998,998,99.8,99.8,99.8,68.90763166,2,7
28159,66,100,1-66-2022-100-06,6,1,JN1BV7ARXEM7,17,480,1901,13,0,58,41,2014,4,1,4,0,1,R,1,1746,5,0,1,1,13,2,89,1,0,0,995,0,7,0,65712,1,2,0,4,2,1,2,1,3,4,1,2,2,3,2,8,0,0,1,1,14,2,13,98,2,4,1,A,2,0,0,0,0,0,0,0,0,0,0,998,998,0,0,9,1,10,999,999,999,9999999,999,111,5,1,0,1,1,0,0,0,998,0.2,25,25,999,53.9,8.1,55.0,131.2170487,6,7
28161,18,105,1-18-2022-105-05,5,1,1GC1KVC84CF1,17,467,1850,60,0,20,481,2012,34,5,31,0,1,R,1,2892,5,0,1,1,19,2,89,1,0,0,995,0,0,0,54724,1,9,2,4,2,1,2,1,1,1,1,2,0,0,1,8,2,2,9,0,1,2,17,1,1,1,5,L,87,0,0,0,0,0,0,0,0,0,0,270,180,0,0,0,1,1,21,-14,-16,22887,998,-78,13,0,4,0,0,0,0,0,995,0.1,999,999,999,2.5,0.8,2.7,92.0061398,6,7
28161,18,105,1-18-2022-105-05,5,2,1FTEX1EP5FKE,17,460,1801,60,0,12,481,2015,34,5,31,0,1,F,2,2081,5,0,1,1,33,2,89,1,0,1,0,2,0,1,54745,1,2,2,4,2,1,2,1,1,1,1,2,0,0,1,8,0,0,1,0,1,4,66,8,1,1,5,L,86,0,0,0,0,0,0,0,0,0,0,180,270,0,1,0,1,1,29,-22,19,150251,998,133,33,0,4,3,22,1,3,0,995,0.1,999,999,999,2.5,0.8,2.7,92.0061398,6,7
28165,14,96,1-14-2022-096-03,3,1,JN1BJ1CV6NW5,17,478,17214,5,0,35,398,2022,5,1,3,0,1,F,1,1536,5,0,1,1,25,2,97,1,1,1,317,2,0,0,78248,1,1,0,4,3,2,2,1,3,4,3,2,0,0,2,1,0,0,9,1,14,2,12,4,2,4,1,B,6,0,0,0,0,0,0,0,0,0,0,998,998,0,0,0,1,12,999,999,999,9999999,999,999,999,6,0,1,1,0,4,0,998,1.5,999,999,999,99.9,99.9,99.9,1127.341162,8,7
28169,10,183,1-10-2022-183-04,4,1,KMHH35LE8JU0,17,498,11447,5,0,55,35,2018,5,1,3,0,1,R,1,1275,5,0,1,1,14,2,56,1,0,0,995,0,0,0,45373,9,9,2,1,4,4,2,2,1,1,1,0,0,0,1,8,1,2,1,0,11,2,15,99,1,1,4,J,68,0,0,0,0,0,0,0,0,0,0,10,270,0,0,0,1,1,22,-7,-21,11572,998,47,14,0,1,0,0,0,0,0,995,9.8,998,998,998,99.8,99.8,99.8,37.74778569,4,7
28169,10,183,1-10-2022-183-04,4,2,2G1WB5EK5A11,17,467,1833,13,0,20,2,2010,4,1,4,0,1,F,1,1613,5,0,1,1,14,2,56,1,0,0,995,0,0,0,45405,9,9,2,1,3,1,2,2,1,1,0,1,0,0,1,8,1,2,1,0,1,4,62,99,1,1,4,J,69,0,0,0,0,0,0,0,0,0,0,270,10,0,0,0,1,1,17,-17,3,37091,998,37,23,0,1,0,0,0,0,0,995,9.8,998,998,998,99.8,99.8,99.8,37.74778569,4,7
28170,10,184,1-10-2022-184-04,4,1,1FTYR14VX3TA,17,460,1803,60,0,12,471,2003,34,5,31,0,1,R,1,1502,5,9999,9,5,63,2,89,0,7,7,887,6,8,8,99998,8,8,0,4,2,1,2,2,3,2,1,2,0,0,2,1,0,0,0,8,0,8,98,0,0,0,6,M,98,0,0,0,0,0,0,0,0,0,0,330,170,0,0,0,1,4,15,-13,-7,10561,998,165,9,0,4,0,0,0,0,0,995,9.8,998,998,998,99.8,99.8,99.8,37.74778568,4,7
28170,10,184,1-10-2022-184-04,4,2,3GCEC14X06G2,17,467,1850,60,0,20,481,2006,34,5,31,0,1,L,9,1836,5,9999,9,4,66,2,89,0,7,7,887,6,8,8,99998,8,8,0,4,2,1,2,2,2,2,1,2,0,0,2,1,0,0,0,8,0,4,62,0,0,0,6,M,98,0,0,0,0,0,0,0,0,0,0,120,160,0,0,0,3,12,999,999,999,9999999,999,999,999,9,0,0,0,0,0,0,995,9.8,998,998,998,99.8,99.8,99.8,37.74778568,4,7
28170,10,184,1-10-2022-184-04,4,3,5UXCR6C04L9C,17,452,1717,7,0,34,421,2020,15,3,15,0,1,F,1,2258,5,0,1,1,16,2,89,1,0,0,995,0,0,0,44504,9,9,0,4,2,1,2,2,2,5,1,2,0,0,2,1,0,0,1,0,14,3,50,3,1,1,6,M,98,0,0,0,0,0,0,0,0,0,0,170,330,0,0,0,1,4,10,-9,-2,24811,998,6,17,0,4,0,0,0,0,0,995,9.8,998,998,998,99.8,99.8,99.8,37.74778568,4,7
28171,10,185,1-10-2022-185-04,4,1,1N4BL4BV8KC1,17,478,1904,13,0,35,47,2019,4,1,4,0,1,F,9,1545,5,0,1,3,19,2,72,1,0,0,995,0,0,0,45406,9,9,0,5,5,1,2,5,1,1,1,3,0,0,2,4,0,0,1,1,1,1,6,99,2,4,1,A,2,0,0,0,0,0,0,0,0,0,0,998,998,0,0,0,1,12,999,999,999,9999999,999,999,999,9,0,0,0,0,0,0,998,1.5,999,999,999,6.4,3.1,7.1,37.74778568,4,7
28173,13,127,1-13-2022-127-03,3,1,3N1CN8EV2ML8,17,478,1894,13,0,35,50,2021,4,1,2,0,1,F,2,1194,5,0,1,1,23,2,56,1,8,0,995,0,7,0,76010,1,9,0,4,2,1,1,1,3,1,0,2,0,0,3,1,0,0,3,1,14,2,13,7,1,4,1,A,1,0,0,0,0,0,0,0,0,0,0,998,998,0,0,7,1,10,999,999,999,9999999,999,-7,30,3,0,9,97,0,8,0,998,0.0,999,999,999,12.2,0.7,12.2,1102.871636,7,7
28176,73,123,1-73-2022-123-04,4,1,1FTFW1E15MFC,17,460,1801,60,0,12,481,2021,34,5,31,0,1,T,1,2266,5,0,1,1,13,2,72,1,8,0,995,0,0,0,04976,9,9,0,4,2,1,2,1,1,2,1,2,0,0,2,1,0,0,1,1,1,6,87,99,2,4,1,B,8,1,4,2,2,1,4,61,1,1,9,997,997,0,0,0,2,6,999,999,999,9999999,999,999,999,6,0,0,0,0,0,3,997,0.5,120,60,35,6.3,2.7,7.0,1064.940278,3,7
28178,27,93,1-27-2022-093-04,4,1,3TMCZ5AN7NM5,17,448,2223,60,0,49,472,2022,34,5,30,0,1,F,1,2007,5,0,1,3,50,2,48,1,0,0,995,0,0,0,01201,9,9,3,4,4,1,2,1,2,1,1,2,0,0,1,1,0,0,1,0,14,4,62,4,1,1,4,J,69,0,0,0,0,0,0,0,0,0,0,5,115,0,0,0,1,3,20,-20,0,43549,998,-60,22,0,4,0,0,0,0,0,995,9.8,998,998,998,99.8,99.8,99.8,186.8721572,3,7
28178,27,93,1-27-2022-093-04,4,2,3CZRU6H33JG7,17,474,9212,7,0,37,404,2018,14,3,14,0,1,R,2,1389,5,0,1,1,22,2,48,1,0,0,995,0,0,0,01235,9,9,3,4,2,1,2,1,1,1,1,2,0,0,1,1,0,0,1,0,11,2,15,4,1,1,4,J,68,0,0,0,0,0,0,0,0,0,0,115,5,0,0,0,1,3,29,-10,-27,80244,998,-114,28,0,4,0,0,0,0,0,995,9.8,998,998,998,99.8,99.8,99.8,186.8721572,3,7
28181,15,86,1-15-2022-086-03,3,1,2HGFC2F6XKH5,17,474,1863,13,0,37,31,2019,4,1,3,0,1,R,1,1252,5,0,1,1,74,2,80,1,0,1,0,2,0,1,11746,1,2,0,2,3,3,2,1,1,1,3,1,1,3,3,1,0,0,3,1,1,1,8,1,9,4,1,A,2,0,0,0,0,0,0,0,0,0,0,998,998,0,0,9,1,1,10,-8,-6,4903,998,-6,10,0,4,1,1,0,3,0,998,9.9,999,999,999,99.9,99.9,99.9,115.7757797,1,7
28183,26,111,1-26-2022-111-06,6,1,5J6YH28563L0,17,474,1868,7,0,37,403,2003,14,3,14,0,1,F,1,1631,5,9999,9,4,21,5,56,1,0,0,995,0,0,0,95670,9,9,1,1,3,3,2,2,1,4,3,0,0,0,1,8,1,2,3,0,1,2,17,99,1,1,5,L,88,0,0,0,0,0,0,0,0,0,0,165,85,0,0,0,1,3,10,-9,-5,4805,998,-66,8,0,4,95,95,95,95,0,995,9.8,998,998,998,99.8,99.8,99.8,2690.243285,10,7
28183,26,111,1-26-2022-111-06,6,2,1FTYR1ZM2GKA,17,460,3608,95,0,12,462,2016,21,4,21,0,1,L,1,2268,5,0,1,1,13,2,56,1,0,0,995,0,0,0,95350,3,9,1,3,4,2,2,2,1,2,3,1,0,0,1,8,1,2,1,0,1,4,66,8,1,1,5,L,89,0,0,0,0,0,0,0,0,0,0,85,165,0,0,0,1,3,7,-2,7,10796,998,119,9,0,4,9,97,0,8,0,995,9.8,998,998,998,99.8,99.8,99.8,2690.243285,10,7
28185,15,87,1-15-2022-087-03,3,1,WBA4J3C5XJBG,17,452,13827,13,0,34,47,2018,4,1,4,0,1,F,3,1713,5,0,1,1,76,2,80,1,0,0,995,0,0,0,11413,2,2,0,2,4,1,2,1,2,9,1,1,0,0,2,1,0,0,9,1,14,1,6,11,4,4,1,B,7,0,0,0,0,0,0,0,0,0,0,998,998,0,0,0,1,1,51,-48,-18,222691,998,-66,51,0,1,1,2,0,4,0,998,1.2,999,999,999,0.0,0.0,0.0,115.7757797,1,7
28187,20,226,1-20-2022-226-04,4,1,5NPD84LF1LH5,17,498,2735,13,0,55,35,2020,4,1,3,0,1,F,1,1280,5,0,1,1,22,2,105,1,0,0,995,0,0,0,93960,9,1,0,2,2,2,1,2,1,1,3,2,1,3,1,2,0,0,1,1,15,2,11,4,2,2,2,E,38,0,0,0,0,0,0,0,0,0,0,330,300,0,0,0,1,3,18,-17,3,13331,998,12,16,0,4,0,0,0,0,0,995,9.8,998,998,998,99.8,99.8,99.8,2817.922177,11,7
28187,20,226,1-20-2022-226-04,4,2,2FMDK52C29BA,17,460,1802,7,0,12,25,2009,6,1,5,0,1,B,1,2027,5,9999,9,0,998,5,105,1,0,0,995,0,0,0,93960,9,9,0,2,2,1,1,2,1,1,1,3,2,3,1,2,0,0,1,0,1,4,60,1,1,1,2,E,39,0,0,0,0,0,0,0,0,0,0,300,330,0,0,0,1,3,12,11,4,18558,998,-101,13,0,4,95,95,95,95,0,995,9.8,998,998,998,99.8,99.8,99.8,2817.922177,11,7
28190,22,41,1-22-2022-041-09,9,1,1B7HF13ZXWJ2,17,476,1938,60,0,7,482,1998,34,5,31,0,1,F,1,2273,5,0,1,1,30,2,97,1,0,0,995,0,0,0,99130,1,2,0,4,2,1,2,5,1,1,1,4,0,0,1,1,0,0,9,1,1,1,6,99,3,4,1,A,2,1,1,2,2,1,4,61,1,2,2,998,998,0,0,0,1,1,13,-13,2,15431,998,-38,13,0,4,1,3,0,4,3,998,0.7,120,100,-43,10.0,4.9,11.7,223.6621471,12,7
28196,12,72,1-12-2022-072-03,3,1,5J6RW1H54KA0,17,474,1865,7,0,37,402,2019,14,3,14,0,1,F,1,1502,5,0,2,0,998,2,64,1,8,0,995,0,7,0,87120,1,2,1,4,3,1,2,1,1,1,1,3,0,0,1,8,0,0,2,0,16,3,54,1,1,1,6,M,98,0,0,0,0,0,0,0,0,0,0,210,0,0,0,0,1,3,17,-17,-3,14713,998,-35,15,0,4,0,0,0,0,0,995,9.8,998,998,998,99.8,99.8,99.8,255.1263244,9,7
28196,12,72,1-12-2022-072-03,3,2,5TDLZRAH0NS1,17,448,2213,7,0,49,403,2022,14,3,14,0,1,R,1,1870,5,0,1,1,41,2,56,1,8,0,995,0,7,0,73463,1,2,1,4,2,1,1,1,1,1,1,4,0,0,1,8,0,0,1,0,1,4,63,3,1,1,6,M,98,0,0,0,0,0,0,0,0,0,0,0,210,0,0,0,1,3,14,-11,-9,27030,998,85,16,0,4,0,0,0,0,0,995,9.8,998,998,998,99.8,99.8,99.8,255.1263244,9,7
28198,76,99,1-76-2022-099-04,4,1,999999999999,99,474,1861,13,0,37,32,2019,4,1,4,0,1,F,9,9999,9,9999,9,0,998,3,89,1,8,9,998,8,7,9,12463,9,9,0,4,2,1,2,2,1,1,1,4,1,0,2,2,0,0,0,0,1,6,87,99,1,1,1,C,13,0,0,0,0,0,0,0,0,0,0,998,998,0,0,0,1,0,999,999,999,9999999,999,999,999,9,0,0,0,0,0,0,998,9.8,998,998,998,99.8,99.8,99.8,631.6894167,3,7
28199,76,100,1-76-2022-100-03,3,1,KNDNE5H31N61,17,499,28294,2,0,63,498,2022,20,4,20,0,1,L,9,2039,5,0,2,0,998,2,89,1,8,9,998,8,7,9,13760,9,9,0,4,2,1,2,3,1,4,1,4,0,0,1,4,0,0,1,1,1,1,6,1,2,4,1,B,7,1,1,9,2,1,4,61,1,2,4,997,997,0,0,0,2,0,999,999,999,9999999,999,999,999,9,0,0,0,0,4,3,997,1.6,999,999,999,6.5,2.7,7.0,192.8819797,3,7
28202,16,113,1-16-2022-113-06,6,1,1G1BE5SMXH71,17,467,1832,13,0,20,25,2017,4,1,3,0,1,R,1,1250,5,0,1,1,38,2,40,1,0,0,995,0,0,0,45246,9,9,4,2,1,1,2,1,1,1,0,0,0,0,3,1,1,2,9,0,11,2,15,2,1,1,4,J,68,0,0,0,0,0,0,0,0,0,0,5,255,0,0,0,1,3,8,-4,-7,8062,998,125,9,0,4,9,97,0,8,0,995,9.8,998,998,998,99.8,99.8,99.8,791.9589223,5,7
28202,16,113,1-16-2022-113-06,6,2,JTMN1RFV7KD5,17,448,2217,7,0,49,402,2019,14,3,14,0,1,F,1,1639,5,9999,9,0,998,5,40,1,0,0,995,0,0,0,45233,9,9,2,2,4,4,2,1,1,1,3,0,0,0,3,1,1,2,1,0,1,4,62,99,1,1,4,J,69,0,0,0,0,0,0,0,0,0,0,255,5,0,0,0,1,3,8,-7,1,3048,998,36,7,0,4,95,95,95,95,0,995,9.8,998,998,998,99.8,99.8,99.8,791.9589223,5,7
28204,30,111,1-30-2022-111-09,9,1,2HGES163X4H6,17,474,1863,13,0,37,31,2004,4,1,2,0,1,F,9,1117,5,9999,9,0,998,2,72,1,0,0,995,0,0,0,85339,9,9,2,1,1,1,2,1,1,1,1,0,0,0,1,1,1,2,1,0,11,2,15,99,1,1,4,J,68,0,0,0,0,0,0,0,0,0,0,270,20,0,0,0,1,0,999,999,999,9999999,999,999,999,9,0,0,0,0,0,0,995,9.8,998,998,998,99.8,99.8,99.8,908.2835102,10,7
28204,30,111,1-30-2022-111-09,9,2,1HGEJ6675VL0,17,474,1863,13,0,37,31,1997,4,1,2,0,1,L,9,1060,5,9999,9,0,998,2,72,1,0,1,0,2,0,1,85281,9,9,2,1,3,3,2,1,1,1,3,1,0,0,1,1,1,2,1,0,1,2,17,99,1,1,4,J,69,0,0,0,0,0,0,0,0,0,0,20,270,0,0,0,1,0,999,999,999,9999999,999,999,999,9,0,2,5,0,4,0,995,9.8,998,998,998,99.8,99.8,99.8,908.2835102,10,7
28207,28,97,1-28-2022-097-04,4,1,1GCVKREC9JZ3,17,467,1850,60,0,20,481,2018,34,5,31,0,1,F,1,2366,5,0,1,1,20,2,89,1,9,0,995,0,9,0,16921,9,9,0,4,2,1,2,3,2,4,0,0,0,0,2,1,0,0,9,1,14,1,6,99,2,4,1,A,2,0,0,0,0,0,0,0,0,0,0,998,998,0,0,2,1,12,999,999,999,9999999,999,999,999,6,0,0,0,0,0,0,998,0.0,17,17,76,28.7,6.8,29.6,54.69980584,3,7
28208,33,42,1-33-2022-042-08,8,1,5XYKTCA19BG0,17,499,2769,7,0,63,402,2011,14,3,14,0,1,T,9,1837,5,9999,9,0,998,2,40,1,1,1,337,2,1,2,95926,1,9,0,4,2,1,2,2,1,1,0,0,0,0,3,2,0,0,3,1,1,2,11,99,9,4,1,C,11,1,2,2,5,1,1,61,1,2,10,997,997,0,0,0,99,0,999,999,999,9999999,999,999,999,9,0,1,2,0,4,3,997,9.8,998,998,998,99.8,99.8,99.8,225.4045193,12,7
28208,33,42,1-33-2022-042-08,8,2,2HGFG12658H5,17,474,1863,3,0,37,31,2008,2,1,3,0,2,L,2,1178,5,9999,9,4,72,,,,,,,,,,,,,,,,,,,,,,,,,,,,,,,,,,,,,,,,,,,,,,,,,,,,,,,,,,,,,,,,,,95,95,95,95,,,,,,,,,,225.4045193,12,7
28208,33,42,1-33-2022-042-08,8,3,JTDBT9035740,17,448,2464,13,0,49,51,2007,4,1,2,0,2,L,1,1050,5,9999,9,5,72,,,,,,,,,,,,,,,,,,,,,,,,,,,,,,,,,,,,,,,,,,,,,,,,,,,,,,,,,,,,,,,,,,95,95,95,95,,,,,,,,,,225.4045193,12,7
28215,77,103,1-77-2022-103-06,6,1,3GCUKREC9FG4,17,467,1850,60,0,20,481,2015,34,5,30,0,1,F,2,2394,5,0,1,1,42,3,89,1,9,0,995,0,9,0,99999,9,9,0,4,2,1,2,2,1,1,0,2,0,0,2,2,0,0,9,1,1,2,13,2,1,4,1,A,1,0,0,0,0,0,0,0,0,0,0,998,998,0,0,5,2,11,999,999,999,9999999,999,999,999,7,0,0,0,0,0,0,998,0.1,13,13,116,31.2,4.0,31.5,2299.337263,9,7
28222,17,132,1-17-2022-132-06,6,1,3GYFNHE36DS5,17,469,1844,7,0,19,20,2013,6,1,4,0,1,F,2,2015,5,0,1,1,24,2,48,1,9,0,995,0,9,0,61265,1,9,2,1,4,3,1,1,1,1,3,1,0,0,3,1,1,2,9,0,1,2,17,99,1,1,5,L,89,0,0,0,0,0,0,0,0,0,0,998,998,0,0,0,3,1,35,-35,0,99888,998,0,35,0,4,9,97,0,5,0,998,0.0,22,22,37,0.0,0.0,0.0,73.76918184,4,7
28222,17,132,1-17-2022-132-06,6,2,1HGCP3F82AA0,17,474,1861,13,0,37,32,2010,4,1,4,0,1,F,9,1621,5,0,1,1,25,2,48,1,9,0,995,0,9,0,61244,1,2,2,4,5,2,1,1,1,1,1,1,0,0,3,1,1,2,1,0,1,4,66,1,1,1,5,L,88,0,0,0,0,0,0,0,0,0,0,180,90,0,0,0,1,98,999,999,999,9999999,999,999,999,9,0,0,0,0,0,0,995,9.8,998,998,998,99.8,99.8,99.8,73.76918184,4,7
28232,52,174,1-52-2022-174-08,8,1,1HGEG8549NL0,17,474,1863,13,0,37,31,1992,4,1,2,0,1,F,3,1027,5,0,1,1,96,2,56,1,8,1,25,2,0,2,59102,1,2,3,5,3,1,2,1,1,1,1,2,0,0,3,1,0,0,9,0,1,2,17,99,9,1,6,M,93,0,0,0,0,0,0,0,0,0,0,270,200,0,0,0,1,1,48,-45,16,63594,998,60,34,0,4,4,26,2,3,0,995,9.8,998,998,998,99.8,99.8,99.8,23.51740735,12,7
28232,52,174,1-52-2022-174-08,8,2,1YVHP80C655M,17,473,2078,13,0,41,50,2005,4,1,3,0,1,L,2,1384,5,0,1,1,96,2,56,1,0,1,0,2,0,1,59102,1,9,3,5,3,2,2,1,1,1,4,4,0,0,3,1,0,0,9,0,13,4,63,99,1,1,6,M,92,0,0,0,0,0,0,0,0,0,0,200,270,0,1,0,1,1,38,25,29,153116,998,49,49,0,4,5,33,1,3,0,995,0.0,120,15,15,0.0,0.0,0.0,23.51740735,12,7
28233,52,175,1-52-2022-175-09,9,1,1B3LC56K08N6,17,476,1892,13,0,7,26,2008,4,1,3,0,1,R,2,1542,5,0,1,1,40,2,56,1,0,0,995,0,0,0,59105,1,2,3,5,5,3,2,1,1,1,1,2,0,0,4,1,0,0,2,0,11,2,15,1,1,1,4,J,68,0,0,0,0,0,0,0,0,0,0,205,90,0,0,0,1,1,34,-22,-26,59108,998,-1,31,0,4,0,0,0,0,0,995,9.8,998,998,998,99.8,99.8,99.8,41.01527056,12,7